{
  "type": "FeatureCollection",
  "features": [
    {
      "type": "Feature",
      "geometry": {
        "type": "Polygon",
        "coordinates": [
          [
            [
              37.77167,
              51.24853
            ],
            [
              37.77167,
              51.26353
            ],
            [
              37.75667,
              51.26353
            ],
            [
              37.75667,
              51.24853
            ],
            [
              37.77167,
              51.24853
            ]
          ]
        ]
      },
      "properties": {
        "frp": 1.94,
        "acq_date": "2026-09-25",
        "acq_time": "7",
        "satellite": "N21",
        "brightness": null,
        "NAME_1": "Belgorod",
        "locality": "Starooskol'skiy rayon"
      }
    },
    {
      "type": "Feature",
      "geometry": {
        "type": "Polygon",
        "coordinates": [
          [
            [
              37.77431,
              51.24905
            ],
            [
              37.77431,
              51.26405
            ],
            [
              37.75931,
              51.26405
            ],
            [
              37.75931,
              51.24905
            ],
            [
              37.77431,
              51.24905
            ]
          ]
        ]
      },
      "properties": {
        "frp": 1.87,
        "acq_date": "2026-09-25",
        "acq_time": "7",
        "satellite": "N21",
        "brightness": null,
        "NAME_1": "Belgorod",
        "locality": "Starooskol'skiy rayon"
      }
    },
    {
      "type": "Feature",
      "geometry": {
        "type": "Polygon",
        "coordinates": [
          [
            [
              37.76656,
              51.25082
            ],
            [
              37.76656,
              51.26582
            ],
            [
              37.75156,
              51.26582
            ],
            [
              37.75156,
              51.25082
            ],
            [
              37.76656,
              51.25082
            ]
          ]
        ]
      },
      "properties": {
        "frp": 1.54,
        "acq_date": "2026-09-25",
        "acq_time": "7",
        "satellite": "N21",
        "brightness": null,
        "NAME_1": "Belgorod",
        "locality": "Starooskol'skiy rayon"
      }
    },
    {
      "type": "Feature",
      "geometry": {
        "type": "Polygon",
        "coordinates": [
          [
            [
              37.77391,
              51.25228
            ],
            [
              37.77391,
              51.26728
            ],
            [
              37.75891,
              51.26728
            ],
            [
              37.75891,
              51.25228
            ],
            [
              37.77391,
              51.25228
            ]
          ]
        ]
      },
      "properties": {
        "frp": 1.94,
        "acq_date": "2026-09-25",
        "acq_time": "7",
        "satellite": "N21",
        "brightness": null,
        "NAME_1": "Belgorod",
        "locality": "Starooskol'skiy rayon"
      }
    },
    {
      "type": "Feature",
      "geometry": {
        "type": "Polygon",
        "coordinates": [
          [
            [
              29.99392,
              52.83752
            ],
            [
              29.99392,
              52.85252
            ],
            [
              29.97892,
              52.85252
            ],
            [
              29.97892,
              52.83752
            ],
            [
              29.99392,
              52.83752
            ]
          ]
        ]
      },
      "properties": {
        "frp": 1.29,
        "acq_date": "2026-09-25",
        "acq_time": "7",
        "satellite": "N21",
        "brightness": null,
        "NAME_1": "Gomel",
        "locality": "\u017dlobin"
      }
    },
    {
      "type": "Feature",
      "geometry": {
        "type": "Polygon",
        "coordinates": [
          [
            [
              30.00086,
              52.8399
            ],
            [
              30.00086,
              52.8549
            ],
            [
              29.98586,
              52.8549
            ],
            [
              29.98586,
              52.8399
            ],
            [
              30.00086,
              52.8399
            ]
          ]
        ]
      },
      "properties": {
        "frp": 1.29,
        "acq_date": "2026-09-25",
        "acq_time": "7",
        "satellite": "N21",
        "brightness": null,
        "NAME_1": "Gomel",
        "locality": "\u017dlobin"
      }
    },
    {
      "type": "Feature",
      "geometry": {
        "type": "Polygon",
        "coordinates": [
          [
            [
              29.995260000000002,
              52.84076
            ],
            [
              29.995260000000002,
              52.855760000000004
            ],
            [
              29.98026,
              52.855760000000004
            ],
            [
              29.98026,
              52.84076
            ],
            [
              29.995260000000002,
              52.84076
            ]
          ]
        ]
      },
      "properties": {
        "frp": 1.29,
        "acq_date": "2026-09-25",
        "acq_time": "7",
        "satellite": "N21",
        "brightness": null,
        "NAME_1": "Gomel",
        "locality": "\u017dlobin"
      }
    },
    {
      "type": "Feature",
      "geometry": {
        "type": "Polygon",
        "coordinates": [
          [
            [
              37.81741,
              44.72453
            ],
            [
              37.81741,
              44.73953
            ],
            [
              37.80241,
              44.73953
            ],
            [
              37.80241,
              44.72453
            ],
            [
              37.81741,
              44.72453
            ]
          ]
        ]
      },
      "properties": {
        "frp": 2.73,
        "acq_date": "2026-09-25",
        "acq_time": "9",
        "satellite": "N21",
        "brightness": null,
        "NAME_1": "Krasnodar",
        "locality": "Gelendzhik gorsovet"
      }
    },
    {
      "type": "Feature",
      "geometry": {
        "type": "Polygon",
        "coordinates": [
          [
            [
              37.68626,
              44.83124
            ],
            [
              37.68626,
              44.84624
            ],
            [
              37.67126,
              44.84624
            ],
            [
              37.67126,
              44.83124
            ],
            [
              37.68626,
              44.83124
            ]
          ]
        ]
      },
      "properties": {
        "frp": 1.92,
        "acq_date": "2026-09-25",
        "acq_time": "9",
        "satellite": "N21",
        "brightness": null,
        "NAME_1": "Krasnodar",
        "locality": "Novorossiysk gorsovet"
      }
    },
    {
      "type": "Feature",
      "geometry": {
        "type": "Polygon",
        "coordinates": [
          [
            [
              35.69587,
              47.20993
            ],
            [
              35.69587,
              47.22493
            ],
            [
              35.68087,
              47.22493
            ],
            [
              35.68087,
              47.20993
            ],
            [
              35.69587,
              47.20993
            ]
          ]
        ]
      },
      "properties": {
        "frp": 1.7,
        "acq_date": "2026-09-25",
        "acq_time": "9",
        "satellite": "N21",
        "brightness": null,
        "NAME_1": "Zaporizhia",
        "locality": "Tokmats'ka"
      }
    },
    {
      "type": "Feature",
      "geometry": {
        "type": "Polygon",
        "coordinates": [
          [
            [
              35.69777,
              47.21378
            ],
            [
              35.69777,
              47.22878
            ],
            [
              35.68277,
              47.22878
            ],
            [
              35.68277,
              47.21378
            ],
            [
              35.69777,
              47.21378
            ]
          ]
        ]
      },
      "properties": {
        "frp": 1.7,
        "acq_date": "2026-09-25",
        "acq_time": "9",
        "satellite": "N21",
        "brightness": null,
        "NAME_1": "Zaporizhia",
        "locality": "Tokmats'ka"
      }
    },
    {
      "type": "Feature",
      "geometry": {
        "type": "Polygon",
        "coordinates": [
          [
            [
              37.96456,
              48.04959
            ],
            [
              37.96456,
              48.06459
            ],
            [
              37.94956,
              48.06459
            ],
            [
              37.94956,
              48.04959
            ],
            [
              37.96456,
              48.04959
            ]
          ]
        ]
      },
      "properties": {
        "frp": 0.75,
        "acq_date": "2026-09-25",
        "acq_time": "9",
        "satellite": "N21",
        "brightness": null,
        "NAME_1": "Donets'k",
        "locality": "Maki\u2039vs'ka"
      }
    },
    {
      "type": "Feature",
      "geometry": {
        "type": "Polygon",
        "coordinates": [
          [
            [
              37.26447,
              48.34742
            ],
            [
              37.26447,
              48.36242
            ],
            [
              37.24947,
              48.36242
            ],
            [
              37.24947,
              48.34742
            ],
            [
              37.26447,
              48.34742
            ]
          ]
        ]
      },
      "properties": {
        "frp": 1.24,
        "acq_date": "2026-09-25",
        "acq_time": "9",
        "satellite": "N21",
        "brightness": null,
        "NAME_1": "Donets'k",
        "locality": "Krasnoarmiis'kyi"
      }
    },
    {
      "type": "Feature",
      "geometry": {
        "type": "Polygon",
        "coordinates": [
          [
            [
              38.76371,
              48.45428
            ],
            [
              38.76371,
              48.46928
            ],
            [
              38.74871,
              48.46928
            ],
            [
              38.74871,
              48.45428
            ],
            [
              38.76371,
              48.45428
            ]
          ]
        ]
      },
      "properties": {
        "frp": 1.83,
        "acq_date": "2026-09-25",
        "acq_time": "9",
        "satellite": "N21",
        "brightness": null,
        "NAME_1": "Luhans'k",
        "locality": "Alchevs'ka"
      }
    },
    {
      "type": "Feature",
      "geometry": {
        "type": "Polygon",
        "coordinates": [
          [
            [
              38.76619,
              48.45846
            ],
            [
              38.76619,
              48.47346
            ],
            [
              38.75119,
              48.47346
            ],
            [
              38.75119,
              48.45846
            ],
            [
              38.76619,
              48.45846
            ]
          ]
        ]
      },
      "properties": {
        "frp": 1.71,
        "acq_date": "2026-09-25",
        "acq_time": "9",
        "satellite": "N21",
        "brightness": null,
        "NAME_1": "Luhans'k",
        "locality": "Alchevs'ka"
      }
    },
    {
      "type": "Feature",
      "geometry": {
        "type": "Polygon",
        "coordinates": [
          [
            [
              34.63624,
              48.46399
            ],
            [
              34.63624,
              48.47899
            ],
            [
              34.62124,
              48.47899
            ],
            [
              34.62124,
              48.46399
            ],
            [
              34.63624,
              48.46399
            ]
          ]
        ]
      },
      "properties": {
        "frp": 1.37,
        "acq_date": "2026-09-25",
        "acq_time": "9",
        "satellite": "N21",
        "brightness": null,
        "NAME_1": "Dnipropetrovs'k",
        "locality": "Dniprodzerzhyns'ka"
      }
    },
    {
      "type": "Feature",
      "geometry": {
        "type": "Polygon",
        "coordinates": [
          [
            [
              34.6519,
              48.52437
            ],
            [
              34.6519,
              48.53937
            ],
            [
              34.6369,
              48.53937
            ],
            [
              34.6369,
              48.52437
            ],
            [
              34.6519,
              48.52437
            ]
          ]
        ]
      },
      "properties": {
        "frp": 5.36,
        "acq_date": "2026-09-25",
        "acq_time": "9",
        "satellite": "N21",
        "brightness": null,
        "NAME_1": "Dnipropetrovs'k",
        "locality": "Petrykivs'kyi"
      }
    },
    {
      "type": "Feature",
      "geometry": {
        "type": "Polygon",
        "coordinates": [
          [
            [
              37.88896,
              48.56602
            ],
            [
              37.88896,
              48.58102
            ],
            [
              37.87396,
              48.58102
            ],
            [
              37.87396,
              48.56602
            ],
            [
              37.88896,
              48.56602
            ]
          ]
        ]
      },
      "properties": {
        "frp": 0.89,
        "acq_date": "2026-09-25",
        "acq_time": "9",
        "satellite": "N21",
        "brightness": null,
        "NAME_1": "Donets'k",
        "locality": "Artemivs'kyi"
      }
    },
    {
      "type": "Feature",
      "geometry": {
        "type": "Polygon",
        "coordinates": [
          [
            [
              37.55629,
              48.62354
            ],
            [
              37.55629,
              48.63854
            ],
            [
              37.54129,
              48.63854
            ],
            [
              37.54129,
              48.62354
            ],
            [
              37.55629,
              48.62354
            ]
          ]
        ]
      },
      "properties": {
        "frp": 0.54,
        "acq_date": "2026-09-25",
        "acq_time": "9",
        "satellite": "N21",
        "brightness": null,
        "NAME_1": "Donets'k",
        "locality": "Kramators'ka"
      }
    },
    {
      "type": "Feature",
      "geometry": {
        "type": "Polygon",
        "coordinates": [
          [
            [
              26.60996,
              48.73924
            ],
            [
              26.60996,
              48.75424
            ],
            [
              26.59496,
              48.75424
            ],
            [
              26.59496,
              48.73924
            ],
            [
              26.60996,
              48.73924
            ]
          ]
        ]
      },
      "properties": {
        "frp": 0.97,
        "acq_date": "2026-09-25",
        "acq_time": "9",
        "satellite": "N21",
        "brightness": null,
        "NAME_1": "Khmel'nyts'kyy",
        "locality": "Kamianets'-Podil's'kyi"
      }
    },
    {
      "type": "Feature",
      "geometry": {
        "type": "Polygon",
        "coordinates": [
          [
            [
              37.8028,
              48.97921
            ],
            [
              37.8028,
              48.99421
            ],
            [
              37.7878,
              48.99421
            ],
            [
              37.7878,
              48.97921
            ],
            [
              37.8028,
              48.97921
            ]
          ]
        ]
      },
      "properties": {
        "frp": 1.45,
        "acq_date": "2026-09-25",
        "acq_time": "9",
        "satellite": "N21",
        "brightness": null,
        "NAME_1": "Donets'k",
        "locality": "Krasnolymans'kyi"
      }
    },
    {
      "type": "Feature",
      "geometry": {
        "type": "Polygon",
        "coordinates": [
          [
            [
              36.93847,
              49.451389999999996
            ],
            [
              36.93847,
              49.46639
            ],
            [
              36.92347,
              49.46639
            ],
            [
              36.92347,
              49.451389999999996
            ],
            [
              36.93847,
              49.451389999999996
            ]
          ]
        ]
      },
      "properties": {
        "frp": 1.26,
        "acq_date": "2026-09-25",
        "acq_time": "9",
        "satellite": "N21",
        "brightness": null,
        "NAME_1": "Kharkiv",
        "locality": "Balakliis'kyi"
      }
    },
    {
      "type": "Feature",
      "geometry": {
        "type": "Polygon",
        "coordinates": [
          [
            [
              37.59641,
              49.70022
            ],
            [
              37.59641,
              49.71522
            ],
            [
              37.58141,
              49.71522
            ],
            [
              37.58141,
              49.70022
            ],
            [
              37.59641,
              49.70022
            ]
          ]
        ]
      },
      "properties": {
        "frp": 0.57,
        "acq_date": "2026-09-25",
        "acq_time": "9",
        "satellite": "N21",
        "brightness": null,
        "NAME_1": "Kharkiv",
        "locality": "Kupians'kyi"
      }
    },
    {
      "type": "Feature",
      "geometry": {
        "type": "Polygon",
        "coordinates": [
          [
            [
              37.59671,
              49.70065
            ],
            [
              37.59671,
              49.715650000000004
            ],
            [
              37.58171,
              49.715650000000004
            ],
            [
              37.58171,
              49.70065
            ],
            [
              37.59671,
              49.70065
            ]
          ]
        ]
      },
      "properties": {
        "frp": 0.84,
        "acq_date": "2026-09-25",
        "acq_time": "9",
        "satellite": "N21",
        "brightness": null,
        "NAME_1": "Kharkiv",
        "locality": "Kupians'kyi"
      }
    },
    {
      "type": "Feature",
      "geometry": {
        "type": "Polygon",
        "coordinates": [
          [
            [
              39.69489,
              50.14014
            ],
            [
              39.69489,
              50.15514
            ],
            [
              39.67989,
              50.15514
            ],
            [
              39.67989,
              50.14014
            ],
            [
              39.69489,
              50.14014
            ]
          ]
        ]
      },
      "properties": {
        "frp": 2.25,
        "acq_date": "2026-09-25",
        "acq_time": "9",
        "satellite": "N21",
        "brightness": null,
        "NAME_1": "Voronezh",
        "locality": "Rossoshanskiy rayon"
      }
    },
    {
      "type": "Feature",
      "geometry": {
        "type": "Polygon",
        "coordinates": [
          [
            [
              35.2931,
              50.83945
            ],
            [
              35.2931,
              50.85445
            ],
            [
              35.2781,
              50.85445
            ],
            [
              35.2781,
              50.83945
            ],
            [
              35.2931,
              50.83945
            ]
          ]
        ]
      },
      "properties": {
        "frp": 1.17,
        "acq_date": "2026-09-25",
        "acq_time": "9",
        "satellite": "N21",
        "brightness": null,
        "NAME_1": "Sumy",
        "locality": "Krasnopil's'kyi"
      }
    },
    {
      "type": "Feature",
      "geometry": {
        "type": "Polygon",
        "coordinates": [
          [
            [
              37.93943,
              51.12938
            ],
            [
              37.93943,
              51.14438
            ],
            [
              37.92443,
              51.14438
            ],
            [
              37.92443,
              51.12938
            ],
            [
              37.93943,
              51.12938
            ]
          ]
        ]
      },
      "properties": {
        "frp": 6.34,
        "acq_date": "2026-09-25",
        "acq_time": "9",
        "satellite": "N21",
        "brightness": null,
        "NAME_1": "Belgorod",
        "locality": "Starooskol'skiy rayon"
      }
    },
    {
      "type": "Feature",
      "geometry": {
        "type": "Polygon",
        "coordinates": [
          [
            [
              37.95069,
              51.14832
            ],
            [
              37.95069,
              51.16332
            ],
            [
              37.93569,
              51.16332
            ],
            [
              37.93569,
              51.14832
            ],
            [
              37.95069,
              51.14832
            ]
          ]
        ]
      },
      "properties": {
        "frp": 1.57,
        "acq_date": "2026-09-25",
        "acq_time": "9",
        "satellite": "N21",
        "brightness": null,
        "NAME_1": "Belgorod",
        "locality": "Starooskol'skiy rayon"
      }
    },
    {
      "type": "Feature",
      "geometry": {
        "type": "Polygon",
        "coordinates": [
          [
            [
              27.20895,
              52.71543
            ],
            [
              27.20895,
              52.73043
            ],
            [
              27.19395,
              52.73043
            ],
            [
              27.19395,
              52.71543
            ],
            [
              27.20895,
              52.71543
            ]
          ]
        ]
      },
      "properties": {
        "frp": 0.95,
        "acq_date": "2026-09-25",
        "acq_time": "9",
        "satellite": "N21",
        "brightness": null,
        "NAME_1": "Minsk",
        "locality": "Salihorsk"
      }
    },
    {
      "type": "Feature",
      "geometry": {
        "type": "Polygon",
        "coordinates": [
          [
            [
              25.4271,
              45.11398
            ],
            [
              25.4271,
              45.12898
            ],
            [
              25.4121,
              45.12898
            ],
            [
              25.4121,
              45.11398
            ],
            [
              25.4271,
              45.11398
            ]
          ]
        ]
      },
      "properties": {
        "frp": 0.94,
        "acq_date": "2026-09-25",
        "acq_time": "11",
        "satellite": "N21",
        "brightness": null,
        "NAME_1": "",
        "locality": ""
      }
    },
    {
      "type": "Feature",
      "geometry": {
        "type": "Polygon",
        "coordinates": [
          [
            [
              29.53926,
              46.75425
            ],
            [
              29.53926,
              46.76925
            ],
            [
              29.524259999999998,
              46.76925
            ],
            [
              29.524259999999998,
              46.75425
            ],
            [
              29.53926,
              46.75425
            ]
          ]
        ]
      },
      "properties": {
        "frp": 5.33,
        "acq_date": "2026-09-25",
        "acq_time": "956",
        "satellite": "N21",
        "brightness": null,
        "NAME_1": "",
        "locality": ""
      }
    },
    {
      "type": "Feature",
      "geometry": {
        "type": "Polygon",
        "coordinates": [
          [
            [
              29.53642,
              46.75917
            ],
            [
              29.53642,
              46.77417
            ],
            [
              29.52142,
              46.77417
            ],
            [
              29.52142,
              46.75917
            ],
            [
              29.53642,
              46.75917
            ]
          ]
        ]
      },
      "properties": {
        "frp": 5.33,
        "acq_date": "2026-09-25",
        "acq_time": "956",
        "satellite": "N21",
        "brightness": null,
        "NAME_1": "",
        "locality": ""
      }
    },
    {
      "type": "Feature",
      "geometry": {
        "type": "Polygon",
        "coordinates": [
          [
            [
              37.71531,
              47.5663
            ],
            [
              37.71531,
              47.5813
            ],
            [
              37.70031,
              47.5813
            ],
            [
              37.70031,
              47.5663
            ],
            [
              37.71531,
              47.5663
            ]
          ]
        ]
      },
      "properties": {
        "frp": 4.29,
        "acq_date": "2026-09-25",
        "acq_time": "956",
        "satellite": "N21",
        "brightness": null,
        "NAME_1": "Donets'k",
        "locality": "Tel'manivs'kyi"
      }
    },
    {
      "type": "Feature",
      "geometry": {
        "type": "Polygon",
        "coordinates": [
          [
            [
              35.85486,
              47.68659
            ],
            [
              35.85486,
              47.70159
            ],
            [
              35.83986,
              47.70159
            ],
            [
              35.83986,
              47.68659
            ],
            [
              35.85486,
              47.68659
            ]
          ]
        ]
      },
      "properties": {
        "frp": 12.14,
        "acq_date": "2026-09-25",
        "acq_time": "956",
        "satellite": "N21",
        "brightness": null,
        "NAME_1": "Zaporizhia",
        "locality": "Orikhivs'kyi"
      }
    },
    {
      "type": "Feature",
      "geometry": {
        "type": "Polygon",
        "coordinates": [
          [
            [
              35.8542,
              47.6878
            ],
            [
              35.8542,
              47.7028
            ],
            [
              35.8392,
              47.7028
            ],
            [
              35.8392,
              47.6878
            ],
            [
              35.8542,
              47.6878
            ]
          ]
        ]
      },
      "properties": {
        "frp": 9.15,
        "acq_date": "2026-09-25",
        "acq_time": "956",
        "satellite": "N21",
        "brightness": null,
        "NAME_1": "Zaporizhia",
        "locality": "Orikhivs'kyi"
      }
    },
    {
      "type": "Feature",
      "geometry": {
        "type": "Polygon",
        "coordinates": [
          [
            [
              37.62574,
              47.84065
            ],
            [
              37.62574,
              47.85565
            ],
            [
              37.61074,
              47.85565
            ],
            [
              37.61074,
              47.84065
            ],
            [
              37.62574,
              47.84065
            ]
          ]
        ]
      },
      "properties": {
        "frp": 5.2,
        "acq_date": "2026-09-25",
        "acq_time": "956",
        "satellite": "N21",
        "brightness": null,
        "NAME_1": "Donets'k",
        "locality": "Mar\u2039ns'kyi"
      }
    },
    {
      "type": "Feature",
      "geometry": {
        "type": "Polygon",
        "coordinates": [
          [
            [
              37.63182,
              47.84186
            ],
            [
              37.63182,
              47.85686
            ],
            [
              37.61682,
              47.85686
            ],
            [
              37.61682,
              47.84186
            ],
            [
              37.63182,
              47.84186
            ]
          ]
        ]
      },
      "properties": {
        "frp": 14.68,
        "acq_date": "2026-09-25",
        "acq_time": "956",
        "satellite": "N21",
        "brightness": null,
        "NAME_1": "Donets'k",
        "locality": "Mar\u2039ns'kyi"
      }
    },
    {
      "type": "Feature",
      "geometry": {
        "type": "Polygon",
        "coordinates": [
          [
            [
              37.62933,
              47.84252
            ],
            [
              37.62933,
              47.85752
            ],
            [
              37.61433,
              47.85752
            ],
            [
              37.61433,
              47.84252
            ],
            [
              37.62933,
              47.84252
            ]
          ]
        ]
      },
      "properties": {
        "frp": 21.94,
        "acq_date": "2026-09-25",
        "acq_time": "956",
        "satellite": "N21",
        "brightness": null,
        "NAME_1": "Donets'k",
        "locality": "Mar\u2039ns'kyi"
      }
    },
    {
      "type": "Feature",
      "geometry": {
        "type": "Polygon",
        "coordinates": [
          [
            [
              37.73933,
              48.52165
            ],
            [
              37.73933,
              48.53665
            ],
            [
              37.72433,
              48.53665
            ],
            [
              37.72433,
              48.52165
            ],
            [
              37.73933,
              48.52165
            ]
          ]
        ]
      },
      "properties": {
        "frp": 2.57,
        "acq_date": "2026-09-25",
        "acq_time": "956",
        "satellite": "N21",
        "brightness": null,
        "NAME_1": "Donets'k",
        "locality": "Kostiantynivs'ka"
      }
    },
    {
      "type": "Feature",
      "geometry": {
        "type": "Polygon",
        "coordinates": [
          [
            [
              38.04768,
              48.68547
            ],
            [
              38.04768,
              48.70047
            ],
            [
              38.03268,
              48.70047
            ],
            [
              38.03268,
              48.68547
            ],
            [
              38.04768,
              48.68547
            ]
          ]
        ]
      },
      "properties": {
        "frp": 3.65,
        "acq_date": "2026-09-25",
        "acq_time": "956",
        "satellite": "N21",
        "brightness": null,
        "NAME_1": "Donets'k",
        "locality": "Artemivs'ka"
      }
    },
    {
      "type": "Feature",
      "geometry": {
        "type": "Polygon",
        "coordinates": [
          [
            [
              38.1188,
              49.45015
            ],
            [
              38.1188,
              49.46515
            ],
            [
              38.1038,
              49.46515
            ],
            [
              38.1038,
              49.45015
            ],
            [
              38.1188,
              49.45015
            ]
          ]
        ]
      },
      "properties": {
        "frp": 3.19,
        "acq_date": "2026-09-25",
        "acq_time": "956",
        "satellite": "N21",
        "brightness": null,
        "NAME_1": "Luhans'k",
        "locality": "Svativs'kyi"
      }
    },
    {
      "type": "Feature",
      "geometry": {
        "type": "Polygon",
        "coordinates": [
          [
            [
              39.984700000000004,
              50.58775
            ],
            [
              39.984700000000004,
              50.60275
            ],
            [
              39.9697,
              50.60275
            ],
            [
              39.9697,
              50.58775
            ],
            [
              39.984700000000004,
              50.58775
            ]
          ]
        ]
      },
      "properties": {
        "frp": 2.36,
        "acq_date": "2026-09-25",
        "acq_time": "956",
        "satellite": "N21",
        "brightness": null,
        "NAME_1": "Voronezh",
        "locality": "Pavlovskiy rayon"
      }
    },
    {
      "type": "Feature",
      "geometry": {
        "type": "Polygon",
        "coordinates": [
          [
            [
              39.58326,
              51.876689999999996
            ],
            [
              39.58326,
              51.89169
            ],
            [
              39.56826,
              51.89169
            ],
            [
              39.56826,
              51.876689999999996
            ],
            [
              39.58326,
              51.876689999999996
            ]
          ]
        ]
      },
      "properties": {
        "frp": 2.11,
        "acq_date": "2026-09-25",
        "acq_time": "958",
        "satellite": "N21",
        "brightness": null,
        "NAME_1": "Voronezh",
        "locality": "Verkhnekhavskiy rayon"
      }
    },
    {
      "type": "Feature",
      "geometry": {
        "type": "Polygon",
        "coordinates": [
          [
            [
              29.34958,
              51.8866
            ],
            [
              29.34958,
              51.9016
            ],
            [
              29.33458,
              51.9016
            ],
            [
              29.33458,
              51.8866
            ],
            [
              29.34958,
              51.8866
            ]
          ]
        ]
      },
      "properties": {
        "frp": 5.81,
        "acq_date": "2026-09-25",
        "acq_time": "958",
        "satellite": "N21",
        "brightness": null,
        "NAME_1": "Gomel",
        "locality": "Mazyr"
      }
    },
    {
      "type": "Feature",
      "geometry": {
        "type": "Polygon",
        "coordinates": [
          [
            [
              39.63568,
              52.52563
            ],
            [
              39.63568,
              52.54063
            ],
            [
              39.62068,
              52.54063
            ],
            [
              39.62068,
              52.52563
            ],
            [
              39.63568,
              52.52563
            ]
          ]
        ]
      },
      "properties": {
        "frp": 3.57,
        "acq_date": "2026-09-25",
        "acq_time": "958",
        "satellite": "N21",
        "brightness": null,
        "NAME_1": "Lipetsk",
        "locality": "Lipetskiy rayon"
      }
    },
    {
      "type": "Feature",
      "geometry": {
        "type": "Polygon",
        "coordinates": [
          [
            [
              39.64256,
              52.53713
            ],
            [
              39.64256,
              52.55213
            ],
            [
              39.62756,
              52.55213
            ],
            [
              39.62756,
              52.53713
            ],
            [
              39.64256,
              52.53713
            ]
          ]
        ]
      },
      "properties": {
        "frp": 2.75,
        "acq_date": "2026-09-25",
        "acq_time": "958",
        "satellite": "N21",
        "brightness": null,
        "NAME_1": "Lipetsk",
        "locality": "Lipetsk"
      }
    },
    {
      "type": "Feature",
      "geometry": {
        "type": "Polygon",
        "coordinates": [
          [
            [
              39.62251,
              52.55099
            ],
            [
              39.62251,
              52.56599
            ],
            [
              39.60751,
              52.56599
            ],
            [
              39.60751,
              52.55099
            ],
            [
              39.62251,
              52.55099
            ]
          ]
        ]
      },
      "properties": {
        "frp": 6.66,
        "acq_date": "2026-09-25",
        "acq_time": "958",
        "satellite": "N21",
        "brightness": null,
        "NAME_1": "Lipetsk",
        "locality": "Lipetsk"
      }
    },
    {
      "type": "Feature",
      "geometry": {
        "type": "Polygon",
        "coordinates": [
          [
            [
              39.58075,
              52.55112
            ],
            [
              39.58075,
              52.56612
            ],
            [
              39.56575,
              52.56612
            ],
            [
              39.56575,
              52.55112
            ],
            [
              39.58075,
              52.55112
            ]
          ]
        ]
      },
      "properties": {
        "frp": 7.33,
        "acq_date": "2026-09-25",
        "acq_time": "958",
        "satellite": "N21",
        "brightness": null,
        "NAME_1": "Lipetsk",
        "locality": "Lipetsk"
      }
    },
    {
      "type": "Feature",
      "geometry": {
        "type": "Polygon",
        "coordinates": [
          [
            [
              39.70873,
              52.55804
            ],
            [
              39.70873,
              52.57304
            ],
            [
              39.69373,
              52.57304
            ],
            [
              39.69373,
              52.55804
            ],
            [
              39.70873,
              52.55804
            ]
          ]
        ]
      },
      "properties": {
        "frp": 5.95,
        "acq_date": "2026-09-25",
        "acq_time": "958",
        "satellite": "N21",
        "brightness": null,
        "NAME_1": "Lipetsk",
        "locality": "Lipetskiy rayon"
      }
    },
    {
      "type": "Feature",
      "geometry": {
        "type": "Polygon",
        "coordinates": [
          [
            [
              34.25821,
              52.61106
            ],
            [
              34.25821,
              52.62606
            ],
            [
              34.24321,
              52.62606
            ],
            [
              34.24321,
              52.61106
            ],
            [
              34.25821,
              52.61106
            ]
          ]
        ]
      },
      "properties": {
        "frp": 2.57,
        "acq_date": "2026-09-25",
        "acq_time": "958",
        "satellite": "N21",
        "brightness": null,
        "NAME_1": "Bryansk",
        "locality": "Suzemskiy rayon"
      }
    },
    {
      "type": "Feature",
      "geometry": {
        "type": "Polygon",
        "coordinates": [
          [
            [
              34.39582,
              52.612519999999996
            ],
            [
              34.39582,
              52.62752
            ],
            [
              34.38082,
              52.62752
            ],
            [
              34.38082,
              52.612519999999996
            ],
            [
              34.39582,
              52.612519999999996
            ]
          ]
        ]
      },
      "properties": {
        "frp": 3.54,
        "acq_date": "2026-09-25",
        "acq_time": "958",
        "satellite": "N21",
        "brightness": null,
        "NAME_1": "Bryansk",
        "locality": "Brasovskiy rayon"
      }
    },
    {
      "type": "Feature",
      "geometry": {
        "type": "Polygon",
        "coordinates": [
          [
            [
              29.99915,
              52.83924
            ],
            [
              29.99915,
              52.85424
            ],
            [
              29.98415,
              52.85424
            ],
            [
              29.98415,
              52.83924
            ],
            [
              29.99915,
              52.83924
            ]
          ]
        ]
      },
      "properties": {
        "frp": 4.73,
        "acq_date": "2026-09-25",
        "acq_time": "958",
        "satellite": "N21",
        "brightness": null,
        "NAME_1": "Gomel",
        "locality": "\u017dlobin"
      }
    },
    {
      "type": "Feature",
      "geometry": {
        "type": "Polygon",
        "coordinates": [
          [
            [
              23.80528,
              46.89709
            ],
            [
              23.80528,
              46.91209
            ],
            [
              23.79028,
              46.91209
            ],
            [
              23.79028,
              46.89709
            ],
            [
              23.80528,
              46.89709
            ]
          ]
        ]
      },
      "properties": {
        "frp": 4.6,
        "acq_date": "2026-09-25",
        "acq_time": "1138",
        "satellite": "N21",
        "brightness": null,
        "NAME_1": "",
        "locality": ""
      }
    },
    {
      "type": "Feature",
      "geometry": {
        "type": "Polygon",
        "coordinates": [
          [
            [
              22.51532,
              48.52555
            ],
            [
              22.51532,
              48.54055
            ],
            [
              22.50032,
              48.54055
            ],
            [
              22.50032,
              48.52555
            ],
            [
              22.51532,
              48.52555
            ]
          ]
        ]
      },
      "properties": {
        "frp": 4.39,
        "acq_date": "2026-09-25",
        "acq_time": "1138",
        "satellite": "N21",
        "brightness": null,
        "NAME_1": "Zakarpattia",
        "locality": "Uzhhorods'kyi"
      }
    },
    {
      "type": "Feature",
      "geometry": {
        "type": "Polygon",
        "coordinates": [
          [
            [
              29.34704,
              51.88681
            ],
            [
              29.34704,
              51.90181
            ],
            [
              29.33204,
              51.90181
            ],
            [
              29.33204,
              51.88681
            ],
            [
              29.34704,
              51.88681
            ]
          ]
        ]
      },
      "properties": {
        "frp": 5.95,
        "acq_date": "2026-09-25",
        "acq_time": "1138",
        "satellite": "N21",
        "brightness": null,
        "NAME_1": "Gomel",
        "locality": "Mazyr"
      }
    },
    {
      "type": "Feature",
      "geometry": {
        "type": "Polygon",
        "coordinates": [
          [
            [
              34.26456,
              52.40288
            ],
            [
              34.26456,
              52.417880000000004
            ],
            [
              34.24956,
              52.417880000000004
            ],
            [
              34.24956,
              52.40288
            ],
            [
              34.26456,
              52.40288
            ]
          ]
        ]
      },
      "properties": {
        "frp": 8.6,
        "acq_date": "2026-09-25",
        "acq_time": "1138",
        "satellite": "N21",
        "brightness": null,
        "NAME_1": "Bryansk",
        "locality": "Suzemskiy rayon"
      }
    },
    {
      "type": "Feature",
      "geometry": {
        "type": "Polygon",
        "coordinates": [
          [
            [
              39.63918,
              52.52188
            ],
            [
              39.63918,
              52.536880000000004
            ],
            [
              39.62418,
              52.536880000000004
            ],
            [
              39.62418,
              52.52188
            ],
            [
              39.63918,
              52.52188
            ]
          ]
        ]
      },
      "properties": {
        "frp": 3.71,
        "acq_date": "2026-09-25",
        "acq_time": "2208",
        "satellite": "N21",
        "brightness": null,
        "NAME_1": "Lipetsk",
        "locality": "Lipetskiy rayon"
      }
    },
    {
      "type": "Feature",
      "geometry": {
        "type": "Polygon",
        "coordinates": [
          [
            [
              39.63368,
              52.52798
            ],
            [
              39.63368,
              52.54298
            ],
            [
              39.61868,
              52.54298
            ],
            [
              39.61868,
              52.52798
            ],
            [
              39.63368,
              52.52798
            ]
          ]
        ]
      },
      "properties": {
        "frp": 6.15,
        "acq_date": "2026-09-25",
        "acq_time": "2208",
        "satellite": "N21",
        "brightness": null,
        "NAME_1": "Lipetsk",
        "locality": "Lipetskiy rayon"
      }
    },
    {
      "type": "Feature",
      "geometry": {
        "type": "Polygon",
        "coordinates": [
          [
            [
              39.62856,
              52.52845
            ],
            [
              39.62856,
              52.54345
            ],
            [
              39.61356,
              52.54345
            ],
            [
              39.61356,
              52.52845
            ],
            [
              39.62856,
              52.52845
            ]
          ]
        ]
      },
      "properties": {
        "frp": 3.71,
        "acq_date": "2026-09-25",
        "acq_time": "2208",
        "satellite": "N21",
        "brightness": null,
        "NAME_1": "Lipetsk",
        "locality": "Lipetskiy rayon"
      }
    },
    {
      "type": "Feature",
      "geometry": {
        "type": "Polygon",
        "coordinates": [
          [
            [
              39.63856,
              52.52869
            ],
            [
              39.63856,
              52.54369
            ],
            [
              39.62356,
              52.54369
            ],
            [
              39.62356,
              52.52869
            ],
            [
              39.63856,
              52.52869
            ]
          ]
        ]
      },
      "properties": {
        "frp": 3.71,
        "acq_date": "2026-09-25",
        "acq_time": "2208",
        "satellite": "N21",
        "brightness": null,
        "NAME_1": "Lipetsk",
        "locality": "Lipetskiy rayon"
      }
    },
    {
      "type": "Feature",
      "geometry": {
        "type": "Polygon",
        "coordinates": [
          [
            [
              39.62305,
              52.5346
            ],
            [
              39.62305,
              52.5496
            ],
            [
              39.60805,
              52.5496
            ],
            [
              39.60805,
              52.5346
            ],
            [
              39.62305,
              52.5346
            ]
          ]
        ]
      },
      "properties": {
        "frp": 6.15,
        "acq_date": "2026-09-25",
        "acq_time": "2208",
        "satellite": "N21",
        "brightness": null,
        "NAME_1": "Lipetsk",
        "locality": "Lipetsk"
      }
    },
    {
      "type": "Feature",
      "geometry": {
        "type": "Polygon",
        "coordinates": [
          [
            [
              39.64322,
              52.53499
            ],
            [
              39.64322,
              52.54999
            ],
            [
              39.62822,
              52.54999
            ],
            [
              39.62822,
              52.53499
            ],
            [
              39.64322,
              52.53499
            ]
          ]
        ]
      },
      "properties": {
        "frp": 6.16,
        "acq_date": "2026-09-25",
        "acq_time": "2208",
        "satellite": "N21",
        "brightness": null,
        "NAME_1": "Lipetsk",
        "locality": "Lipetsk"
      }
    },
    {
      "type": "Feature",
      "geometry": {
        "type": "Polygon",
        "coordinates": [
          [
            [
              39.6179,
              52.53503
            ],
            [
              39.6179,
              52.55003
            ],
            [
              39.6029,
              52.55003
            ],
            [
              39.6029,
              52.53503
            ],
            [
              39.6179,
              52.53503
            ]
          ]
        ]
      },
      "properties": {
        "frp": 2.9,
        "acq_date": "2026-09-25",
        "acq_time": "2208",
        "satellite": "N21",
        "brightness": null,
        "NAME_1": "Lipetsk",
        "locality": "Lipetsk"
      }
    },
    {
      "type": "Feature",
      "geometry": {
        "type": "Polygon",
        "coordinates": [
          [
            [
              39.62804,
              52.53527
            ],
            [
              39.62804,
              52.55027
            ],
            [
              39.61304,
              52.55027
            ],
            [
              39.61304,
              52.53527
            ],
            [
              39.62804,
              52.53527
            ]
          ]
        ]
      },
      "properties": {
        "frp": 6.29,
        "acq_date": "2026-09-25",
        "acq_time": "2208",
        "satellite": "N21",
        "brightness": null,
        "NAME_1": "Lipetsk",
        "locality": "Lipetsk"
      }
    },
    {
      "type": "Feature",
      "geometry": {
        "type": "Polygon",
        "coordinates": [
          [
            [
              39.64815,
              52.53574
            ],
            [
              39.64815,
              52.55074
            ],
            [
              39.63315,
              52.55074
            ],
            [
              39.63315,
              52.53574
            ],
            [
              39.64815,
              52.53574
            ]
          ]
        ]
      },
      "properties": {
        "frp": 5.58,
        "acq_date": "2026-09-25",
        "acq_time": "2208",
        "satellite": "N21",
        "brightness": null,
        "NAME_1": "Lipetsk",
        "locality": "Lipetsk"
      }
    },
    {
      "type": "Feature",
      "geometry": {
        "type": "Polygon",
        "coordinates": [
          [
            [
              39.5723,
              52.54043
            ],
            [
              39.5723,
              52.55543
            ],
            [
              39.5573,
              52.55543
            ],
            [
              39.5573,
              52.54043
            ],
            [
              39.5723,
              52.54043
            ]
          ]
        ]
      },
      "properties": {
        "frp": 7.44,
        "acq_date": "2026-09-25",
        "acq_time": "2208",
        "satellite": "N21",
        "brightness": null,
        "NAME_1": "Lipetsk",
        "locality": "Lipetskiy rayon"
      }
    },
    {
      "type": "Feature",
      "geometry": {
        "type": "Polygon",
        "coordinates": [
          [
            [
              39.58269,
              52.54063
            ],
            [
              39.58269,
              52.55563
            ],
            [
              39.56769,
              52.55563
            ],
            [
              39.56769,
              52.54063
            ],
            [
              39.58269,
              52.54063
            ]
          ]
        ]
      },
      "properties": {
        "frp": 6.57,
        "acq_date": "2026-09-25",
        "acq_time": "2208",
        "satellite": "N21",
        "brightness": null,
        "NAME_1": "Lipetsk",
        "locality": "Lipetskiy rayon"
      }
    },
    {
      "type": "Feature",
      "geometry": {
        "type": "Polygon",
        "coordinates": [
          [
            [
              39.57741,
              52.5409
            ],
            [
              39.57741,
              52.5559
            ],
            [
              39.56241,
              52.5559
            ],
            [
              39.56241,
              52.5409
            ],
            [
              39.57741,
              52.5409
            ]
          ]
        ]
      },
      "properties": {
        "frp": 11.05,
        "acq_date": "2026-09-25",
        "acq_time": "2208",
        "satellite": "N21",
        "brightness": null,
        "NAME_1": "Lipetsk",
        "locality": "Lipetskiy rayon"
      }
    },
    {
      "type": "Feature",
      "geometry": {
        "type": "Polygon",
        "coordinates": [
          [
            [
              39.64282,
              52.54181
            ],
            [
              39.64282,
              52.55681
            ],
            [
              39.62782,
              52.55681
            ],
            [
              39.62782,
              52.54181
            ],
            [
              39.64282,
              52.54181
            ]
          ]
        ]
      },
      "properties": {
        "frp": 2.85,
        "acq_date": "2026-09-25",
        "acq_time": "2208",
        "satellite": "N21",
        "brightness": null,
        "NAME_1": "Lipetsk",
        "locality": "Lipetsk"
      }
    },
    {
      "type": "Feature",
      "geometry": {
        "type": "Polygon",
        "coordinates": [
          [
            [
              39.65278,
              52.542
            ],
            [
              39.65278,
              52.557
            ],
            [
              39.63778,
              52.557
            ],
            [
              39.63778,
              52.542
            ],
            [
              39.65278,
              52.542
            ]
          ]
        ]
      },
      "properties": {
        "frp": 2.85,
        "acq_date": "2026-09-25",
        "acq_time": "2208",
        "satellite": "N21",
        "brightness": null,
        "NAME_1": "Lipetsk",
        "locality": "Lipetsk"
      }
    },
    {
      "type": "Feature",
      "geometry": {
        "type": "Polygon",
        "coordinates": [
          [
            [
              39.62228,
              52.54824
            ],
            [
              39.62228,
              52.56324
            ],
            [
              39.60728,
              52.56324
            ],
            [
              39.60728,
              52.54824
            ],
            [
              39.62228,
              52.54824
            ]
          ]
        ]
      },
      "properties": {
        "frp": 4.02,
        "acq_date": "2026-09-25",
        "acq_time": "2208",
        "satellite": "N21",
        "brightness": null,
        "NAME_1": "Lipetsk",
        "locality": "Lipetsk"
      }
    },
    {
      "type": "Feature",
      "geometry": {
        "type": "Polygon",
        "coordinates": [
          [
            [
              39.70704,
              52.55754
            ],
            [
              39.70704,
              52.572540000000004
            ],
            [
              39.69204,
              52.572540000000004
            ],
            [
              39.69204,
              52.55754
            ],
            [
              39.70704,
              52.55754
            ]
          ]
        ]
      },
      "properties": {
        "frp": 1.65,
        "acq_date": "2026-09-25",
        "acq_time": "2208",
        "satellite": "N21",
        "brightness": null,
        "NAME_1": "Lipetsk",
        "locality": "Lipetskiy rayon"
      }
    },
    {
      "type": "Feature",
      "geometry": {
        "type": "Polygon",
        "coordinates": [
          [
            [
              39.68874,
              50.14194
            ],
            [
              39.68874,
              50.15694
            ],
            [
              39.67374,
              50.15694
            ],
            [
              39.67374,
              50.14194
            ],
            [
              39.68874,
              50.14194
            ]
          ]
        ]
      },
      "properties": {
        "frp": 2.03,
        "acq_date": "2026-09-25",
        "acq_time": "2210",
        "satellite": "N21",
        "brightness": null,
        "NAME_1": "Voronezh",
        "locality": "Rossoshanskiy rayon"
      }
    },
    {
      "type": "Feature",
      "geometry": {
        "type": "Polygon",
        "coordinates": [
          [
            [
              38.76027,
              48.45433
            ],
            [
              38.76027,
              48.46933
            ],
            [
              38.74527,
              48.46933
            ],
            [
              38.74527,
              48.45433
            ],
            [
              38.76027,
              48.45433
            ]
          ]
        ]
      },
      "properties": {
        "frp": 1.05,
        "acq_date": "2026-09-25",
        "acq_time": "2350",
        "satellite": "N21",
        "brightness": null,
        "NAME_1": "Luhans'k",
        "locality": "Alchevs'ka"
      }
    },
    {
      "type": "Feature",
      "geometry": {
        "type": "Polygon",
        "coordinates": [
          [
            [
              38.76826,
              48.45657
            ],
            [
              38.76826,
              48.47157
            ],
            [
              38.75326,
              48.47157
            ],
            [
              38.75326,
              48.45657
            ],
            [
              38.76826,
              48.45657
            ]
          ]
        ]
      },
      "properties": {
        "frp": 1.45,
        "acq_date": "2026-09-25",
        "acq_time": "2350",
        "satellite": "N21",
        "brightness": null,
        "NAME_1": "Luhans'k",
        "locality": "Alchevs'ka"
      }
    },
    {
      "type": "Feature",
      "geometry": {
        "type": "Polygon",
        "coordinates": [
          [
            [
              37.55071,
              48.59574
            ],
            [
              37.55071,
              48.61074
            ],
            [
              37.53571,
              48.61074
            ],
            [
              37.53571,
              48.59574
            ],
            [
              37.55071,
              48.59574
            ]
          ]
        ]
      },
      "properties": {
        "frp": 0.98,
        "acq_date": "2026-09-25",
        "acq_time": "2350",
        "satellite": "N21",
        "brightness": null,
        "NAME_1": "Donets'k",
        "locality": "Kramators'ka"
      }
    },
    {
      "type": "Feature",
      "geometry": {
        "type": "Polygon",
        "coordinates": [
          [
            [
              37.57148,
              48.61397
            ],
            [
              37.57148,
              48.62897
            ],
            [
              37.55648,
              48.62897
            ],
            [
              37.55648,
              48.61397
            ],
            [
              37.57148,
              48.61397
            ]
          ]
        ]
      },
      "properties": {
        "frp": 1.04,
        "acq_date": "2026-09-25",
        "acq_time": "2350",
        "satellite": "N21",
        "brightness": null,
        "NAME_1": "Donets'k",
        "locality": "Kostiantynivs'kyi"
      }
    },
    {
      "type": "Feature",
      "geometry": {
        "type": "Polygon",
        "coordinates": [
          [
            [
              37.56142,
              48.61962
            ],
            [
              37.56142,
              48.63462
            ],
            [
              37.54642,
              48.63462
            ],
            [
              37.54642,
              48.61962
            ],
            [
              37.56142,
              48.61962
            ]
          ]
        ]
      },
      "properties": {
        "frp": 1.01,
        "acq_date": "2026-09-25",
        "acq_time": "2350",
        "satellite": "N21",
        "brightness": null,
        "NAME_1": "Donets'k",
        "locality": "Kramators'ka"
      }
    },
    {
      "type": "Feature",
      "geometry": {
        "type": "Polygon",
        "coordinates": [
          [
            [
              37.65364,
              48.75082
            ],
            [
              37.65364,
              48.76582
            ],
            [
              37.63864,
              48.76582
            ],
            [
              37.63864,
              48.75082
            ],
            [
              37.65364,
              48.75082
            ]
          ]
        ]
      },
      "properties": {
        "frp": 0.79,
        "acq_date": "2026-09-25",
        "acq_time": "2350",
        "satellite": "N21",
        "brightness": null,
        "NAME_1": "Donets'k",
        "locality": "Kramators'ka"
      }
    },
    {
      "type": "Feature",
      "geometry": {
        "type": "Polygon",
        "coordinates": [
          [
            [
              37.79013,
              48.78738
            ],
            [
              37.79013,
              48.80238
            ],
            [
              37.77513,
              48.80238
            ],
            [
              37.77513,
              48.78738
            ],
            [
              37.79013,
              48.78738
            ]
          ]
        ]
      },
      "properties": {
        "frp": 0.47,
        "acq_date": "2026-09-25",
        "acq_time": "2350",
        "satellite": "N21",
        "brightness": null,
        "NAME_1": "Donets'k",
        "locality": "Slovians'kyi"
      }
    },
    {
      "type": "Feature",
      "geometry": {
        "type": "Polygon",
        "coordinates": [
          [
            [
              39.080420000000004,
              48.82933
            ],
            [
              39.080420000000004,
              48.84433
            ],
            [
              39.06542,
              48.84433
            ],
            [
              39.06542,
              48.82933
            ],
            [
              39.080420000000004,
              48.82933
            ]
          ]
        ]
      },
      "properties": {
        "frp": 1.08,
        "acq_date": "2026-09-25",
        "acq_time": "2350",
        "satellite": "N21",
        "brightness": null,
        "NAME_1": "Luhans'k",
        "locality": "Novoaidars'kyi"
      }
    },
    {
      "type": "Feature",
      "geometry": {
        "type": "Polygon",
        "coordinates": [
          [
            [
              38.49189,
              48.93093
            ],
            [
              38.49189,
              48.94593
            ],
            [
              38.47689,
              48.94593
            ],
            [
              38.47689,
              48.93093
            ],
            [
              38.49189,
              48.93093
            ]
          ]
        ]
      },
      "properties": {
        "frp": 0.69,
        "acq_date": "2026-09-25",
        "acq_time": "2350",
        "satellite": "N21",
        "brightness": null,
        "NAME_1": "Luhans'k",
        "locality": "Sieverodonets'ka"
      }
    },
    {
      "type": "Feature",
      "geometry": {
        "type": "Polygon",
        "coordinates": [
          [
            [
              37.79514,
              49.00617
            ],
            [
              37.79514,
              49.02117
            ],
            [
              37.78014,
              49.02117
            ],
            [
              37.78014,
              49.00617
            ],
            [
              37.79514,
              49.00617
            ]
          ]
        ]
      },
      "properties": {
        "frp": 0.62,
        "acq_date": "2026-09-25",
        "acq_time": "2350",
        "satellite": "N21",
        "brightness": null,
        "NAME_1": "Donets'k",
        "locality": "Krasnolymans'kyi"
      }
    },
    {
      "type": "Feature",
      "geometry": {
        "type": "Polygon",
        "coordinates": [
          [
            [
              37.39349,
              50.047489999999996
            ],
            [
              37.39349,
              50.06249
            ],
            [
              37.37849,
              50.06249
            ],
            [
              37.37849,
              50.047489999999996
            ],
            [
              37.39349,
              50.047489999999996
            ]
          ]
        ]
      },
      "properties": {
        "frp": 1.8,
        "acq_date": "2026-09-25",
        "acq_time": "2350",
        "satellite": "N21",
        "brightness": null,
        "NAME_1": "Kharkiv",
        "locality": "Velykoburluts'kyi"
      }
    },
    {
      "type": "Feature",
      "geometry": {
        "type": "Polygon",
        "coordinates": [
          [
            [
              37.3894,
              50.05188
            ],
            [
              37.3894,
              50.06688
            ],
            [
              37.3744,
              50.06688
            ],
            [
              37.3744,
              50.05188
            ],
            [
              37.3894,
              50.05188
            ]
          ]
        ]
      },
      "properties": {
        "frp": 1.8,
        "acq_date": "2026-09-25",
        "acq_time": "2350",
        "satellite": "N21",
        "brightness": null,
        "NAME_1": "Kharkiv",
        "locality": "Velykoburluts'kyi"
      }
    },
    {
      "type": "Feature",
      "geometry": {
        "type": "Polygon",
        "coordinates": [
          [
            [
              39.693,
              50.14062
            ],
            [
              39.693,
              50.15562
            ],
            [
              39.678,
              50.15562
            ],
            [
              39.678,
              50.14062
            ],
            [
              39.693,
              50.14062
            ]
          ]
        ]
      },
      "properties": {
        "frp": 2.27,
        "acq_date": "2026-09-25",
        "acq_time": "2350",
        "satellite": "N21",
        "brightness": null,
        "NAME_1": "Voronezh",
        "locality": "Rossoshanskiy rayon"
      }
    },
    {
      "type": "Feature",
      "geometry": {
        "type": "Polygon",
        "coordinates": [
          [
            [
              36.81828,
              50.32906
            ],
            [
              36.81828,
              50.34406
            ],
            [
              36.80328,
              50.34406
            ],
            [
              36.80328,
              50.32906
            ],
            [
              36.81828,
              50.32906
            ]
          ]
        ]
      },
      "properties": {
        "frp": 0.61,
        "acq_date": "2026-09-25",
        "acq_time": "2350",
        "satellite": "N21",
        "brightness": null,
        "NAME_1": "Belgorod",
        "locality": "Shebekinskiy rayon"
      }
    },
    {
      "type": "Feature",
      "geometry": {
        "type": "Polygon",
        "coordinates": [
          [
            [
              36.8334,
              50.33446
            ],
            [
              36.8334,
              50.34946
            ],
            [
              36.8184,
              50.34946
            ],
            [
              36.8184,
              50.33446
            ],
            [
              36.8334,
              50.33446
            ]
          ]
        ]
      },
      "properties": {
        "frp": 1.13,
        "acq_date": "2026-09-25",
        "acq_time": "2350",
        "satellite": "N21",
        "brightness": null,
        "NAME_1": "Belgorod",
        "locality": "Shebekinskiy rayon"
      }
    },
    {
      "type": "Feature",
      "geometry": {
        "type": "Polygon",
        "coordinates": [
          [
            [
              37.93882,
              51.12991
            ],
            [
              37.93882,
              51.14491
            ],
            [
              37.92382,
              51.14491
            ],
            [
              37.92382,
              51.12991
            ],
            [
              37.93882,
              51.12991
            ]
          ]
        ]
      },
      "properties": {
        "frp": 2.12,
        "acq_date": "2026-09-25",
        "acq_time": "2350",
        "satellite": "N21",
        "brightness": null,
        "NAME_1": "Belgorod",
        "locality": "Starooskol'skiy rayon"
      }
    },
    {
      "type": "Feature",
      "geometry": {
        "type": "Polygon",
        "coordinates": [
          [
            [
              37.93836,
              51.13072
            ],
            [
              37.93836,
              51.14572
            ],
            [
              37.92336,
              51.14572
            ],
            [
              37.92336,
              51.13072
            ],
            [
              37.93836,
              51.13072
            ]
          ]
        ]
      },
      "properties": {
        "frp": 4.25,
        "acq_date": "2026-09-25",
        "acq_time": "2350",
        "satellite": "N21",
        "brightness": null,
        "NAME_1": "Belgorod",
        "locality": "Starooskol'skiy rayon"
      }
    },
    {
      "type": "Feature",
      "geometry": {
        "type": "Polygon",
        "coordinates": [
          [
            [
              37.9404,
              51.13324
            ],
            [
              37.9404,
              51.14824
            ],
            [
              37.925399999999996,
              51.14824
            ],
            [
              37.925399999999996,
              51.13324
            ],
            [
              37.9404,
              51.13324
            ]
          ]
        ]
      },
      "properties": {
        "frp": 2.12,
        "acq_date": "2026-09-25",
        "acq_time": "2350",
        "satellite": "N21",
        "brightness": null,
        "NAME_1": "Belgorod",
        "locality": "Starooskol'skiy rayon"
      }
    },
    {
      "type": "Feature",
      "geometry": {
        "type": "Polygon",
        "coordinates": [
          [
            [
              37.93464,
              51.13432
            ],
            [
              37.93464,
              51.14932
            ],
            [
              37.91964,
              51.14932
            ],
            [
              37.91964,
              51.13432
            ],
            [
              37.93464,
              51.13432
            ]
          ]
        ]
      },
      "properties": {
        "frp": 2.12,
        "acq_date": "2026-09-25",
        "acq_time": "2350",
        "satellite": "N21",
        "brightness": null,
        "NAME_1": "Belgorod",
        "locality": "Starooskol'skiy rayon"
      }
    },
    {
      "type": "Feature",
      "geometry": {
        "type": "Polygon",
        "coordinates": [
          [
            [
              37.94833,
              51.14987
            ],
            [
              37.94833,
              51.16487
            ],
            [
              37.93333,
              51.16487
            ],
            [
              37.93333,
              51.14987
            ],
            [
              37.94833,
              51.14987
            ]
          ]
        ]
      },
      "properties": {
        "frp": 0.66,
        "acq_date": "2026-09-25",
        "acq_time": "2350",
        "satellite": "N21",
        "brightness": null,
        "NAME_1": "Belgorod",
        "locality": "Starooskol'skiy rayon"
      }
    },
    {
      "type": "Feature",
      "geometry": {
        "type": "Polygon",
        "coordinates": [
          [
            [
              37.77051,
              51.25176
            ],
            [
              37.77051,
              51.26676
            ],
            [
              37.75551,
              51.26676
            ],
            [
              37.75551,
              51.25176
            ],
            [
              37.77051,
              51.25176
            ]
          ]
        ]
      },
      "properties": {
        "frp": 1.83,
        "acq_date": "2026-09-25",
        "acq_time": "2350",
        "satellite": "N21",
        "brightness": null,
        "NAME_1": "Belgorod",
        "locality": "Starooskol'skiy rayon"
      }
    },
    {
      "type": "Feature",
      "geometry": {
        "type": "Polygon",
        "coordinates": [
          [
            [
              35.54364,
              52.39002
            ],
            [
              35.54364,
              52.40502
            ],
            [
              35.52864,
              52.40502
            ],
            [
              35.52864,
              52.39002
            ],
            [
              35.54364,
              52.39002
            ]
          ]
        ]
      },
      "properties": {
        "frp": 0.42,
        "acq_date": "2026-09-25",
        "acq_time": "2350",
        "satellite": "N21",
        "brightness": null,
        "NAME_1": "Kursk",
        "locality": "Zheleznogorskiy rayon"
      }
    },
    {
      "type": "Feature",
      "geometry": {
        "type": "Polygon",
        "coordinates": [
          [
            [
              39.63478,
              52.52152
            ],
            [
              39.63478,
              52.53652
            ],
            [
              39.61978,
              52.53652
            ],
            [
              39.61978,
              52.52152
            ],
            [
              39.63478,
              52.52152
            ]
          ]
        ]
      },
      "properties": {
        "frp": 9.67,
        "acq_date": "2026-09-25",
        "acq_time": "2350",
        "satellite": "N21",
        "brightness": null,
        "NAME_1": "Lipetsk",
        "locality": "Lipetskiy rayon"
      }
    },
    {
      "type": "Feature",
      "geometry": {
        "type": "Polygon",
        "coordinates": [
          [
            [
              39.6366,
              52.52489
            ],
            [
              39.6366,
              52.53989
            ],
            [
              39.6216,
              52.53989
            ],
            [
              39.6216,
              52.52489
            ],
            [
              39.6366,
              52.52489
            ]
          ]
        ]
      },
      "properties": {
        "frp": 9.67,
        "acq_date": "2026-09-25",
        "acq_time": "2350",
        "satellite": "N21",
        "brightness": null,
        "NAME_1": "Lipetsk",
        "locality": "Lipetskiy rayon"
      }
    },
    {
      "type": "Feature",
      "geometry": {
        "type": "Polygon",
        "coordinates": [
          [
            [
              39.61981,
              52.53194
            ],
            [
              39.61981,
              52.54694
            ],
            [
              39.60481,
              52.54694
            ],
            [
              39.60481,
              52.53194
            ],
            [
              39.61981,
              52.53194
            ]
          ]
        ]
      },
      "properties": {
        "frp": 1.05,
        "acq_date": "2026-09-25",
        "acq_time": "2350",
        "satellite": "N21",
        "brightness": null,
        "NAME_1": "Lipetsk",
        "locality": "Lipetsk"
      }
    },
    {
      "type": "Feature",
      "geometry": {
        "type": "Polygon",
        "coordinates": [
          [
            [
              39.62161,
              52.53532
            ],
            [
              39.62161,
              52.55032
            ],
            [
              39.606609999999996,
              52.55032
            ],
            [
              39.606609999999996,
              52.53532
            ],
            [
              39.62161,
              52.53532
            ]
          ]
        ]
      },
      "properties": {
        "frp": 1.05,
        "acq_date": "2026-09-25",
        "acq_time": "2350",
        "satellite": "N21",
        "brightness": null,
        "NAME_1": "Lipetsk",
        "locality": "Lipetsk"
      }
    },
    {
      "type": "Feature",
      "geometry": {
        "type": "Polygon",
        "coordinates": [
          [
            [
              39.65004,
              52.53717
            ],
            [
              39.65004,
              52.552170000000004
            ],
            [
              39.63504,
              52.552170000000004
            ],
            [
              39.63504,
              52.53717
            ],
            [
              39.65004,
              52.53717
            ]
          ]
        ]
      },
      "properties": {
        "frp": 1.3,
        "acq_date": "2026-09-25",
        "acq_time": "2350",
        "satellite": "N21",
        "brightness": null,
        "NAME_1": "Lipetsk",
        "locality": "Lipetsk"
      }
    },
    {
      "type": "Feature",
      "geometry": {
        "type": "Polygon",
        "coordinates": [
          [
            [
              39.64382,
              52.5384
            ],
            [
              39.64382,
              52.5534
            ],
            [
              39.62882,
              52.5534
            ],
            [
              39.62882,
              52.5384
            ],
            [
              39.64382,
              52.5384
            ]
          ]
        ]
      },
      "properties": {
        "frp": 1.3,
        "acq_date": "2026-09-25",
        "acq_time": "2350",
        "satellite": "N21",
        "brightness": null,
        "NAME_1": "Lipetsk",
        "locality": "Lipetsk"
      }
    },
    {
      "type": "Feature",
      "geometry": {
        "type": "Polygon",
        "coordinates": [
          [
            [
              39.65184,
              52.54055
            ],
            [
              39.65184,
              52.555550000000004
            ],
            [
              39.63684,
              52.555550000000004
            ],
            [
              39.63684,
              52.54055
            ],
            [
              39.65184,
              52.54055
            ]
          ]
        ]
      },
      "properties": {
        "frp": 5.37,
        "acq_date": "2026-09-25",
        "acq_time": "2350",
        "satellite": "N21",
        "brightness": null,
        "NAME_1": "Lipetsk",
        "locality": "Lipetsk"
      }
    },
    {
      "type": "Feature",
      "geometry": {
        "type": "Polygon",
        "coordinates": [
          [
            [
              39.5782,
              52.54388
            ],
            [
              39.5782,
              52.55888
            ],
            [
              39.5632,
              52.55888
            ],
            [
              39.5632,
              52.54388
            ],
            [
              39.5782,
              52.54388
            ]
          ]
        ]
      },
      "properties": {
        "frp": 3.08,
        "acq_date": "2026-09-25",
        "acq_time": "2350",
        "satellite": "N21",
        "brightness": null,
        "NAME_1": "Lipetsk",
        "locality": "Lipetskiy rayon"
      }
    },
    {
      "type": "Feature",
      "geometry": {
        "type": "Polygon",
        "coordinates": [
          [
            [
              39.62257,
              52.55005
            ],
            [
              39.62257,
              52.56505
            ],
            [
              39.60757,
              52.56505
            ],
            [
              39.60757,
              52.55005
            ],
            [
              39.62257,
              52.55005
            ]
          ]
        ]
      },
      "properties": {
        "frp": 2.94,
        "acq_date": "2026-09-25",
        "acq_time": "2350",
        "satellite": "N21",
        "brightness": null,
        "NAME_1": "Lipetsk",
        "locality": "Lipetsk"
      }
    },
    {
      "type": "Feature",
      "geometry": {
        "type": "Polygon",
        "coordinates": [
          [
            [
              39.60215,
              52.55034
            ],
            [
              39.60215,
              52.56534
            ],
            [
              39.58715,
              52.56534
            ],
            [
              39.58715,
              52.55034
            ],
            [
              39.60215,
              52.55034
            ]
          ]
        ]
      },
      "properties": {
        "frp": 1.49,
        "acq_date": "2026-09-25",
        "acq_time": "2350",
        "satellite": "N21",
        "brightness": null,
        "NAME_1": "Lipetsk",
        "locality": "Lipetsk"
      }
    },
    {
      "type": "Feature",
      "geometry": {
        "type": "Polygon",
        "coordinates": [
          [
            [
              39.58182,
              52.55061
            ],
            [
              39.58182,
              52.56561
            ],
            [
              39.56682,
              52.56561
            ],
            [
              39.56682,
              52.55061
            ],
            [
              39.58182,
              52.55061
            ]
          ]
        ]
      },
      "properties": {
        "frp": 2.7,
        "acq_date": "2026-09-25",
        "acq_time": "2350",
        "satellite": "N21",
        "brightness": null,
        "NAME_1": "Lipetsk",
        "locality": "Lipetsk"
      }
    },
    {
      "type": "Feature",
      "geometry": {
        "type": "Polygon",
        "coordinates": [
          [
            [
              39.63058,
              52.5522
            ],
            [
              39.63058,
              52.5672
            ],
            [
              39.61558,
              52.5672
            ],
            [
              39.61558,
              52.5522
            ],
            [
              39.63058,
              52.5522
            ]
          ]
        ]
      },
      "properties": {
        "frp": 0.64,
        "acq_date": "2026-09-25",
        "acq_time": "2350",
        "satellite": "N21",
        "brightness": null,
        "NAME_1": "Lipetsk",
        "locality": "Lipetsk"
      }
    },
    {
      "type": "Feature",
      "geometry": {
        "type": "Polygon",
        "coordinates": [
          [
            [
              39.60396,
              52.55371
            ],
            [
              39.60396,
              52.56871
            ],
            [
              39.58896,
              52.56871
            ],
            [
              39.58896,
              52.55371
            ],
            [
              39.60396,
              52.55371
            ]
          ]
        ]
      },
      "properties": {
        "frp": 1.49,
        "acq_date": "2026-09-25",
        "acq_time": "2350",
        "satellite": "N21",
        "brightness": null,
        "NAME_1": "Lipetsk",
        "locality": "Lipetsk"
      }
    },
    {
      "type": "Feature",
      "geometry": {
        "type": "Polygon",
        "coordinates": [
          [
            [
              39.70804,
              52.55562
            ],
            [
              39.70804,
              52.57062
            ],
            [
              39.693039999999996,
              52.57062
            ],
            [
              39.693039999999996,
              52.55562
            ],
            [
              39.70804,
              52.55562
            ]
          ]
        ]
      },
      "properties": {
        "frp": 4.34,
        "acq_date": "2026-09-25",
        "acq_time": "2350",
        "satellite": "N21",
        "brightness": null,
        "NAME_1": "Lipetsk",
        "locality": "Lipetskiy rayon"
      }
    },
    {
      "type": "Feature",
      "geometry": {
        "type": "Polygon",
        "coordinates": [
          [
            [
              39.70182,
              52.55684
            ],
            [
              39.70182,
              52.57184
            ],
            [
              39.68682,
              52.57184
            ],
            [
              39.68682,
              52.55684
            ],
            [
              39.70182,
              52.55684
            ]
          ]
        ]
      },
      "properties": {
        "frp": 1.8,
        "acq_date": "2026-09-25",
        "acq_time": "2350",
        "satellite": "N21",
        "brightness": null,
        "NAME_1": "Lipetsk",
        "locality": "Lipetskiy rayon"
      }
    },
    {
      "type": "Feature",
      "geometry": {
        "type": "Polygon",
        "coordinates": [
          [
            [
              26.55856,
              44.543169999999996
            ],
            [
              26.55856,
              44.55817
            ],
            [
              26.54356,
              44.55817
            ],
            [
              26.54356,
              44.543169999999996
            ],
            [
              26.55856,
              44.543169999999996
            ]
          ]
        ]
      },
      "properties": {
        "frp": 1.03,
        "acq_date": "2026-09-25",
        "acq_time": "2352",
        "satellite": "N21",
        "brightness": null,
        "NAME_1": "",
        "locality": ""
      }
    },
    {
      "type": "Feature",
      "geometry": {
        "type": "Polygon",
        "coordinates": [
          [
            [
              26.55233,
              44.54385
            ],
            [
              26.55233,
              44.55885
            ],
            [
              26.53733,
              44.55885
            ],
            [
              26.53733,
              44.54385
            ],
            [
              26.55233,
              44.54385
            ]
          ]
        ]
      },
      "properties": {
        "frp": 1.57,
        "acq_date": "2026-09-25",
        "acq_time": "2352",
        "satellite": "N21",
        "brightness": null,
        "NAME_1": "",
        "locality": ""
      }
    },
    {
      "type": "Feature",
      "geometry": {
        "type": "Polygon",
        "coordinates": [
          [
            [
              26.55934,
              44.54689
            ],
            [
              26.55934,
              44.56189
            ],
            [
              26.54434,
              44.56189
            ],
            [
              26.54434,
              44.54689
            ],
            [
              26.55934,
              44.54689
            ]
          ]
        ]
      },
      "properties": {
        "frp": 0.63,
        "acq_date": "2026-09-25",
        "acq_time": "2352",
        "satellite": "N21",
        "brightness": null,
        "NAME_1": "",
        "locality": ""
      }
    },
    {
      "type": "Feature",
      "geometry": {
        "type": "Polygon",
        "coordinates": [
          [
            [
              37.81327,
              44.72805
            ],
            [
              37.81327,
              44.743050000000004
            ],
            [
              37.79827,
              44.743050000000004
            ],
            [
              37.79827,
              44.72805
            ],
            [
              37.81327,
              44.72805
            ]
          ]
        ]
      },
      "properties": {
        "frp": 1.19,
        "acq_date": "2026-09-25",
        "acq_time": "2352",
        "satellite": "N21",
        "brightness": null,
        "NAME_1": "Krasnodar",
        "locality": "Gelendzhik gorsovet"
      }
    },
    {
      "type": "Feature",
      "geometry": {
        "type": "Polygon",
        "coordinates": [
          [
            [
              33.86663,
              44.76346
            ],
            [
              33.86663,
              44.77846
            ],
            [
              33.85163,
              44.77846
            ],
            [
              33.85163,
              44.76346
            ],
            [
              33.86663,
              44.76346
            ]
          ]
        ]
      },
      "properties": {
        "frp": 0.93,
        "acq_date": "2026-09-25",
        "acq_time": "2352",
        "satellite": "N21",
        "brightness": null,
        "NAME_1": "Crimea",
        "locality": "Bakhchysarais'kyi"
      }
    },
    {
      "type": "Feature",
      "geometry": {
        "type": "Polygon",
        "coordinates": [
          [
            [
              33.86889,
              44.7649
            ],
            [
              33.86889,
              44.7799
            ],
            [
              33.85389,
              44.7799
            ],
            [
              33.85389,
              44.7649
            ],
            [
              33.86889,
              44.7649
            ]
          ]
        ]
      },
      "properties": {
        "frp": 1.35,
        "acq_date": "2026-09-25",
        "acq_time": "2352",
        "satellite": "N21",
        "brightness": null,
        "NAME_1": "Crimea",
        "locality": "Bakhchysarais'kyi"
      }
    },
    {
      "type": "Feature",
      "geometry": {
        "type": "Polygon",
        "coordinates": [
          [
            [
              37.682520000000004,
              44.8316
            ],
            [
              37.682520000000004,
              44.8466
            ],
            [
              37.66752,
              44.8466
            ],
            [
              37.66752,
              44.8316
            ],
            [
              37.682520000000004,
              44.8316
            ]
          ]
        ]
      },
      "properties": {
        "frp": 1.2,
        "acq_date": "2026-09-25",
        "acq_time": "2352",
        "satellite": "N21",
        "brightness": null,
        "NAME_1": "Krasnodar",
        "locality": "Novorossiysk gorsovet"
      }
    },
    {
      "type": "Feature",
      "geometry": {
        "type": "Polygon",
        "coordinates": [
          [
            [
              37.6778,
              44.83658
            ],
            [
              37.6778,
              44.85158
            ],
            [
              37.6628,
              44.85158
            ],
            [
              37.6628,
              44.83658
            ],
            [
              37.6778,
              44.83658
            ]
          ]
        ]
      },
      "properties": {
        "frp": 0.73,
        "acq_date": "2026-09-25",
        "acq_time": "2352",
        "satellite": "N21",
        "brightness": null,
        "NAME_1": "Krasnodar",
        "locality": "Novorossiysk gorsovet"
      }
    },
    {
      "type": "Feature",
      "geometry": {
        "type": "Polygon",
        "coordinates": [
          [
            [
              38.61971,
              44.84951
            ],
            [
              38.61971,
              44.86451
            ],
            [
              38.60471,
              44.86451
            ],
            [
              38.60471,
              44.84951
            ],
            [
              38.61971,
              44.84951
            ]
          ]
        ]
      },
      "properties": {
        "frp": 4.58,
        "acq_date": "2026-09-25",
        "acq_time": "2352",
        "satellite": "N21",
        "brightness": null,
        "NAME_1": "Krasnodar",
        "locality": "Severskiy rayon"
      }
    },
    {
      "type": "Feature",
      "geometry": {
        "type": "Polygon",
        "coordinates": [
          [
            [
              38.61292,
              44.851
            ],
            [
              38.61292,
              44.866
            ],
            [
              38.59792,
              44.866
            ],
            [
              38.59792,
              44.851
            ],
            [
              38.61292,
              44.851
            ]
          ]
        ]
      },
      "properties": {
        "frp": 4.58,
        "acq_date": "2026-09-25",
        "acq_time": "2352",
        "satellite": "N21",
        "brightness": null,
        "NAME_1": "Krasnodar",
        "locality": "Severskiy rayon"
      }
    },
    {
      "type": "Feature",
      "geometry": {
        "type": "Polygon",
        "coordinates": [
          [
            [
              38.62141,
              44.85329
            ],
            [
              38.62141,
              44.86829
            ],
            [
              38.60641,
              44.86829
            ],
            [
              38.60641,
              44.85329
            ],
            [
              38.62141,
              44.85329
            ]
          ]
        ]
      },
      "properties": {
        "frp": 4.58,
        "acq_date": "2026-09-25",
        "acq_time": "2352",
        "satellite": "N21",
        "brightness": null,
        "NAME_1": "Krasnodar",
        "locality": "Severskiy rayon"
      }
    },
    {
      "type": "Feature",
      "geometry": {
        "type": "Polygon",
        "coordinates": [
          [
            [
              38.61462,
              44.85478
            ],
            [
              38.61462,
              44.86978
            ],
            [
              38.59962,
              44.86978
            ],
            [
              38.59962,
              44.85478
            ],
            [
              38.61462,
              44.85478
            ]
          ]
        ]
      },
      "properties": {
        "frp": 4.58,
        "acq_date": "2026-09-25",
        "acq_time": "2352",
        "satellite": "N21",
        "brightness": null,
        "NAME_1": "Krasnodar",
        "locality": "Severskiy rayon"
      }
    },
    {
      "type": "Feature",
      "geometry": {
        "type": "Polygon",
        "coordinates": [
          [
            [
              38.12312,
              44.87793
            ],
            [
              38.12312,
              44.89293
            ],
            [
              38.10812,
              44.89293
            ],
            [
              38.10812,
              44.87793
            ],
            [
              38.12312,
              44.87793
            ]
          ]
        ]
      },
      "properties": {
        "frp": 1.13,
        "acq_date": "2026-09-25",
        "acq_time": "2352",
        "satellite": "N21",
        "brightness": null,
        "NAME_1": "Krasnodar",
        "locality": "Abinskiy rayon"
      }
    },
    {
      "type": "Feature",
      "geometry": {
        "type": "Polygon",
        "coordinates": [
          [
            [
              34.00857,
              45.120689999999996
            ],
            [
              34.00857,
              45.13569
            ],
            [
              33.99357,
              45.13569
            ],
            [
              33.99357,
              45.120689999999996
            ],
            [
              34.00857,
              45.120689999999996
            ]
          ]
        ]
      },
      "properties": {
        "frp": 0.62,
        "acq_date": "2026-09-25",
        "acq_time": "2352",
        "satellite": "N21",
        "brightness": null,
        "NAME_1": "Crimea",
        "locality": "Simferopol's'kyi"
      }
    },
    {
      "type": "Feature",
      "geometry": {
        "type": "Polygon",
        "coordinates": [
          [
            [
              31.68149,
              45.24749
            ],
            [
              31.68149,
              45.26249
            ],
            [
              31.66649,
              45.26249
            ],
            [
              31.66649,
              45.24749
            ],
            [
              31.68149,
              45.24749
            ]
          ]
        ]
      },
      "properties": {
        "frp": 2.57,
        "acq_date": "2026-09-25",
        "acq_time": "2352",
        "satellite": "N21",
        "brightness": null,
        "NAME_1": "",
        "locality": ""
      }
    },
    {
      "type": "Feature",
      "geometry": {
        "type": "Polygon",
        "coordinates": [
          [
            [
              31.68249,
              45.25076
            ],
            [
              31.68249,
              45.26576
            ],
            [
              31.66749,
              45.26576
            ],
            [
              31.66749,
              45.25076
            ],
            [
              31.68249,
              45.25076
            ]
          ]
        ]
      },
      "properties": {
        "frp": 2.57,
        "acq_date": "2026-09-25",
        "acq_time": "2352",
        "satellite": "N21",
        "brightness": null,
        "NAME_1": "",
        "locality": ""
      }
    },
    {
      "type": "Feature",
      "geometry": {
        "type": "Polygon",
        "coordinates": [
          [
            [
              31.67765,
              45.25149
            ],
            [
              31.67765,
              45.26649
            ],
            [
              31.66265,
              45.26649
            ],
            [
              31.66265,
              45.25149
            ],
            [
              31.67765,
              45.25149
            ]
          ]
        ]
      },
      "properties": {
        "frp": 2.57,
        "acq_date": "2026-09-25",
        "acq_time": "2352",
        "satellite": "N21",
        "brightness": null,
        "NAME_1": "",
        "locality": ""
      }
    },
    {
      "type": "Feature",
      "geometry": {
        "type": "Polygon",
        "coordinates": [
          [
            [
              30.91308,
              45.3482
            ],
            [
              30.91308,
              45.3632
            ],
            [
              30.89808,
              45.3632
            ],
            [
              30.89808,
              45.3482
            ],
            [
              30.91308,
              45.3482
            ]
          ]
        ]
      },
      "properties": {
        "frp": 1.84,
        "acq_date": "2026-09-25",
        "acq_time": "2352",
        "satellite": "N21",
        "brightness": null,
        "NAME_1": "",
        "locality": ""
      }
    },
    {
      "type": "Feature",
      "geometry": {
        "type": "Polygon",
        "coordinates": [
          [
            [
              30.90816,
              45.34891
            ],
            [
              30.90816,
              45.36391
            ],
            [
              30.893159999999998,
              45.36391
            ],
            [
              30.893159999999998,
              45.34891
            ],
            [
              30.90816,
              45.34891
            ]
          ]
        ]
      },
      "properties": {
        "frp": 2.14,
        "acq_date": "2026-09-25",
        "acq_time": "2352",
        "satellite": "N21",
        "brightness": null,
        "NAME_1": "",
        "locality": ""
      }
    },
    {
      "type": "Feature",
      "geometry": {
        "type": "Polygon",
        "coordinates": [
          [
            [
              30.10546,
              46.42369
            ],
            [
              30.10546,
              46.43869
            ],
            [
              30.09046,
              46.43869
            ],
            [
              30.09046,
              46.42369
            ],
            [
              30.10546,
              46.42369
            ]
          ]
        ]
      },
      "properties": {
        "frp": 1.73,
        "acq_date": "2026-09-25",
        "acq_time": "2352",
        "satellite": "N21",
        "brightness": null,
        "NAME_1": "",
        "locality": ""
      }
    },
    {
      "type": "Feature",
      "geometry": {
        "type": "Polygon",
        "coordinates": [
          [
            [
              37.010130000000004,
              46.95684
            ],
            [
              37.010130000000004,
              46.97184
            ],
            [
              36.99513,
              46.97184
            ],
            [
              36.99513,
              46.95684
            ],
            [
              37.010130000000004,
              46.95684
            ]
          ]
        ]
      },
      "properties": {
        "frp": 0.47,
        "acq_date": "2026-09-25",
        "acq_time": "2352",
        "satellite": "N21",
        "brightness": null,
        "NAME_1": "Zaporizhia",
        "locality": "Berdians'kyi"
      }
    },
    {
      "type": "Feature",
      "geometry": {
        "type": "Polygon",
        "coordinates": [
          [
            [
              39.4125,
              47.096759999999996
            ],
            [
              39.4125,
              47.11176
            ],
            [
              39.3975,
              47.11176
            ],
            [
              39.3975,
              47.096759999999996
            ],
            [
              39.4125,
              47.096759999999996
            ]
          ]
        ]
      },
      "properties": {
        "frp": 1.53,
        "acq_date": "2026-09-25",
        "acq_time": "2352",
        "satellite": "N21",
        "brightness": null,
        "NAME_1": "Rostov",
        "locality": "Azovskiy rayon"
      }
    },
    {
      "type": "Feature",
      "geometry": {
        "type": "Polygon",
        "coordinates": [
          [
            [
              38.9376,
              47.23064
            ],
            [
              38.9376,
              47.24564
            ],
            [
              38.9226,
              47.24564
            ],
            [
              38.9226,
              47.23064
            ],
            [
              38.9376,
              47.23064
            ]
          ]
        ]
      },
      "properties": {
        "frp": 1.17,
        "acq_date": "2026-09-25",
        "acq_time": "2352",
        "satellite": "N21",
        "brightness": null,
        "NAME_1": "Rostov",
        "locality": "Neklinovskiy rayon"
      }
    },
    {
      "type": "Feature",
      "geometry": {
        "type": "Polygon",
        "coordinates": [
          [
            [
              38.93717,
              47.2309
            ],
            [
              38.93717,
              47.2459
            ],
            [
              38.92217,
              47.2459
            ],
            [
              38.92217,
              47.2309
            ],
            [
              38.93717,
              47.2309
            ]
          ]
        ]
      },
      "properties": {
        "frp": 0.97,
        "acq_date": "2026-09-25",
        "acq_time": "2352",
        "satellite": "N21",
        "brightness": null,
        "NAME_1": "Rostov",
        "locality": "Neklinovskiy rayon"
      }
    },
    {
      "type": "Feature",
      "geometry": {
        "type": "Polygon",
        "coordinates": [
          [
            [
              38.48061,
              47.82363
            ],
            [
              38.48061,
              47.83863
            ],
            [
              38.46561,
              47.83863
            ],
            [
              38.46561,
              47.82363
            ],
            [
              38.48061,
              47.82363
            ]
          ]
        ]
      },
      "properties": {
        "frp": 1.32,
        "acq_date": "2026-09-25",
        "acq_time": "2352",
        "satellite": "N21",
        "brightness": null,
        "NAME_1": "Donets'k",
        "locality": "Amvrosi\u2039vs'kyi"
      }
    },
    {
      "type": "Feature",
      "geometry": {
        "type": "Polygon",
        "coordinates": [
          [
            [
              33.44442,
              47.86362
            ],
            [
              33.44442,
              47.87862
            ],
            [
              33.42942,
              47.87862
            ],
            [
              33.42942,
              47.86362
            ],
            [
              33.44442,
              47.86362
            ]
          ]
        ]
      },
      "properties": {
        "frp": 0.52,
        "acq_date": "2026-09-25",
        "acq_time": "2352",
        "satellite": "N21",
        "brightness": null,
        "NAME_1": "Dnipropetrovs'k",
        "locality": "KryvyiRig"
      }
    },
    {
      "type": "Feature",
      "geometry": {
        "type": "Polygon",
        "coordinates": [
          [
            [
              33.42422,
              47.866839999999996
            ],
            [
              33.42422,
              47.88184
            ],
            [
              33.40922,
              47.88184
            ],
            [
              33.40922,
              47.866839999999996
            ],
            [
              33.42422,
              47.866839999999996
            ]
          ]
        ]
      },
      "properties": {
        "frp": 1.07,
        "acq_date": "2026-09-25",
        "acq_time": "2352",
        "satellite": "N21",
        "brightness": null,
        "NAME_1": "Dnipropetrovs'k",
        "locality": "KryvyiRig"
      }
    },
    {
      "type": "Feature",
      "geometry": {
        "type": "Polygon",
        "coordinates": [
          [
            [
              37.96288,
              48.04864
            ],
            [
              37.96288,
              48.06364
            ],
            [
              37.94788,
              48.06364
            ],
            [
              37.94788,
              48.04864
            ],
            [
              37.96288,
              48.04864
            ]
          ]
        ]
      },
      "properties": {
        "frp": 0.93,
        "acq_date": "2026-09-25",
        "acq_time": "2352",
        "satellite": "N21",
        "brightness": null,
        "NAME_1": "Donets'k",
        "locality": "Maki\u2039vs'ka"
      }
    },
    {
      "type": "Feature",
      "geometry": {
        "type": "Polygon",
        "coordinates": [
          [
            [
              37.96442,
              48.05212
            ],
            [
              37.96442,
              48.06712
            ],
            [
              37.949419999999996,
              48.06712
            ],
            [
              37.949419999999996,
              48.05212
            ],
            [
              37.96442,
              48.05212
            ]
          ]
        ]
      },
      "properties": {
        "frp": 0.94,
        "acq_date": "2026-09-25",
        "acq_time": "2352",
        "satellite": "N21",
        "brightness": null,
        "NAME_1": "Donets'k",
        "locality": "Maki\u2039vs'ka"
      }
    },
    {
      "type": "Feature",
      "geometry": {
        "type": "Polygon",
        "coordinates": [
          [
            [
              37.40551,
              48.11799
            ],
            [
              37.40551,
              48.13299
            ],
            [
              37.39051,
              48.13299
            ],
            [
              37.39051,
              48.11799
            ],
            [
              37.40551,
              48.11799
            ]
          ]
        ]
      },
      "properties": {
        "frp": 2.91,
        "acq_date": "2026-09-25",
        "acq_time": "2352",
        "satellite": "N21",
        "brightness": null,
        "NAME_1": "Donets'k",
        "locality": "Krasnoarmiis'kyi"
      }
    },
    {
      "type": "Feature",
      "geometry": {
        "type": "Polygon",
        "coordinates": [
          [
            [
              37.26293,
              48.34618
            ],
            [
              37.26293,
              48.36118
            ],
            [
              37.24793,
              48.36118
            ],
            [
              37.24793,
              48.34618
            ],
            [
              37.26293,
              48.34618
            ]
          ]
        ]
      },
      "properties": {
        "frp": 1.21,
        "acq_date": "2026-09-25",
        "acq_time": "2352",
        "satellite": "N21",
        "brightness": null,
        "NAME_1": "Donets'k",
        "locality": "Krasnoarmiis'kyi"
      }
    },
    {
      "type": "Feature",
      "geometry": {
        "type": "Polygon",
        "coordinates": [
          [
            [
              36.94387,
              48.45608
            ],
            [
              36.94387,
              48.47108
            ],
            [
              36.928869999999996,
              48.47108
            ],
            [
              36.928869999999996,
              48.45608
            ],
            [
              36.94387,
              48.45608
            ]
          ]
        ]
      },
      "properties": {
        "frp": 0.9,
        "acq_date": "2026-09-25",
        "acq_time": "2352",
        "satellite": "N21",
        "brightness": null,
        "NAME_1": "Donets'k",
        "locality": "Dobropil's'kyi"
      }
    },
    {
      "type": "Feature",
      "geometry": {
        "type": "Polygon",
        "coordinates": [
          [
            [
              22.24688,
              48.57776
            ],
            [
              22.24688,
              48.59276
            ],
            [
              22.23188,
              48.59276
            ],
            [
              22.23188,
              48.57776
            ],
            [
              22.24688,
              48.57776
            ]
          ]
        ]
      },
      "properties": {
        "frp": 2.74,
        "acq_date": "2026-09-25",
        "acq_time": "2352",
        "satellite": "N21",
        "brightness": null,
        "NAME_1": "Zakarpattia",
        "locality": "Uzhhorods'kyi"
      }
    },
    {
      "type": "Feature",
      "geometry": {
        "type": "Polygon",
        "coordinates": [
          [
            [
              22.24774,
              48.57793
            ],
            [
              22.24774,
              48.59293
            ],
            [
              22.23274,
              48.59293
            ],
            [
              22.23274,
              48.57793
            ],
            [
              22.24774,
              48.57793
            ]
          ]
        ]
      },
      "properties": {
        "frp": 1.81,
        "acq_date": "2026-09-25",
        "acq_time": "2352",
        "satellite": "N21",
        "brightness": null,
        "NAME_1": "Zakarpattia",
        "locality": "Uzhhorods'kyi"
      }
    },
    {
      "type": "Feature",
      "geometry": {
        "type": "Polygon",
        "coordinates": [
          [
            [
              25.54613,
              50.6994
            ],
            [
              25.54613,
              50.7144
            ],
            [
              25.53113,
              50.7144
            ],
            [
              25.53113,
              50.6994
            ],
            [
              25.54613,
              50.6994
            ]
          ]
        ]
      },
      "properties": {
        "frp": 0.45,
        "acq_date": "2026-09-26",
        "acq_time": "132",
        "satellite": "N21",
        "brightness": null,
        "NAME_1": "Volyn",
        "locality": "Luts'kyi"
      }
    },
    {
      "type": "Feature",
      "geometry": {
        "type": "Polygon",
        "coordinates": [
          [
            [
              37.75761,
              45.1661
            ],
            [
              37.75761,
              45.1811
            ],
            [
              37.74261,
              45.1811
            ],
            [
              37.74261,
              45.1661
            ],
            [
              37.75761,
              45.1661
            ]
          ]
        ]
      },
      "properties": {
        "frp": 9.34,
        "acq_date": "2026-09-26",
        "acq_time": "934",
        "satellite": "N21",
        "brightness": null,
        "NAME_1": "Krasnodar",
        "locality": "Krymskiy rayon"
      }
    },
    {
      "type": "Feature",
      "geometry": {
        "type": "Polygon",
        "coordinates": [
          [
            [
              37.76428,
              45.16783
            ],
            [
              37.76428,
              45.18283
            ],
            [
              37.74928,
              45.18283
            ],
            [
              37.74928,
              45.16783
            ],
            [
              37.76428,
              45.16783
            ]
          ]
        ]
      },
      "properties": {
        "frp": 3.34,
        "acq_date": "2026-09-26",
        "acq_time": "934",
        "satellite": "N21",
        "brightness": null,
        "NAME_1": "Krasnodar",
        "locality": "Krymskiy rayon"
      }
    },
    {
      "type": "Feature",
      "geometry": {
        "type": "Polygon",
        "coordinates": [
          [
            [
              37.95891,
              45.18429
            ],
            [
              37.95891,
              45.19929
            ],
            [
              37.94391,
              45.19929
            ],
            [
              37.94391,
              45.18429
            ],
            [
              37.95891,
              45.18429
            ]
          ]
        ]
      },
      "properties": {
        "frp": 4.08,
        "acq_date": "2026-09-26",
        "acq_time": "934",
        "satellite": "N21",
        "brightness": null,
        "NAME_1": "Krasnodar",
        "locality": "Krymskiy rayon"
      }
    },
    {
      "type": "Feature",
      "geometry": {
        "type": "Polygon",
        "coordinates": [
          [
            [
              37.85244,
              45.23077
            ],
            [
              37.85244,
              45.24577
            ],
            [
              37.83744,
              45.24577
            ],
            [
              37.83744,
              45.23077
            ],
            [
              37.85244,
              45.23077
            ]
          ]
        ]
      },
      "properties": {
        "frp": 4.88,
        "acq_date": "2026-09-26",
        "acq_time": "934",
        "satellite": "N21",
        "brightness": null,
        "NAME_1": "Krasnodar",
        "locality": "Slavyanskiy rayon"
      }
    },
    {
      "type": "Feature",
      "geometry": {
        "type": "Polygon",
        "coordinates": [
          [
            [
              37.79061,
              45.23503
            ],
            [
              37.79061,
              45.25003
            ],
            [
              37.77561,
              45.25003
            ],
            [
              37.77561,
              45.23503
            ],
            [
              37.79061,
              45.23503
            ]
          ]
        ]
      },
      "properties": {
        "frp": 5.67,
        "acq_date": "2026-09-26",
        "acq_time": "934",
        "satellite": "N21",
        "brightness": null,
        "NAME_1": "Krasnodar",
        "locality": "Slavyanskiy rayon"
      }
    },
    {
      "type": "Feature",
      "geometry": {
        "type": "Polygon",
        "coordinates": [
          [
            [
              37.79725,
              45.23672
            ],
            [
              37.79725,
              45.25172
            ],
            [
              37.78225,
              45.25172
            ],
            [
              37.78225,
              45.23672
            ],
            [
              37.79725,
              45.23672
            ]
          ]
        ]
      },
      "properties": {
        "frp": 5.67,
        "acq_date": "2026-09-26",
        "acq_time": "934",
        "satellite": "N21",
        "brightness": null,
        "NAME_1": "Krasnodar",
        "locality": "Slavyanskiy rayon"
      }
    },
    {
      "type": "Feature",
      "geometry": {
        "type": "Polygon",
        "coordinates": [
          [
            [
              37.87209,
              45.2508
            ],
            [
              37.87209,
              45.2658
            ],
            [
              37.85709,
              45.2658
            ],
            [
              37.85709,
              45.2508
            ],
            [
              37.87209,
              45.2508
            ]
          ]
        ]
      },
      "properties": {
        "frp": 3.01,
        "acq_date": "2026-09-26",
        "acq_time": "934",
        "satellite": "N21",
        "brightness": null,
        "NAME_1": "Krasnodar",
        "locality": "Slavyanskiy rayon"
      }
    },
    {
      "type": "Feature",
      "geometry": {
        "type": "Polygon",
        "coordinates": [
          [
            [
              37.89181,
              45.25583
            ],
            [
              37.89181,
              45.270830000000004
            ],
            [
              37.87681,
              45.270830000000004
            ],
            [
              37.87681,
              45.25583
            ],
            [
              37.89181,
              45.25583
            ]
          ]
        ]
      },
      "properties": {
        "frp": 5.82,
        "acq_date": "2026-09-26",
        "acq_time": "934",
        "satellite": "N21",
        "brightness": null,
        "NAME_1": "Krasnodar",
        "locality": "Slavyansk-na-Kubani"
      }
    },
    {
      "type": "Feature",
      "geometry": {
        "type": "Polygon",
        "coordinates": [
          [
            [
              38.00499,
              45.26472
            ],
            [
              38.00499,
              45.27972
            ],
            [
              37.98999,
              45.27972
            ],
            [
              37.98999,
              45.26472
            ],
            [
              38.00499,
              45.26472
            ]
          ]
        ]
      },
      "properties": {
        "frp": 5.11,
        "acq_date": "2026-09-26",
        "acq_time": "934",
        "satellite": "N21",
        "brightness": null,
        "NAME_1": "Krasnodar",
        "locality": "Slavyansk-na-Kubani"
      }
    },
    {
      "type": "Feature",
      "geometry": {
        "type": "Polygon",
        "coordinates": [
          [
            [
              37.86726,
              45.46204
            ],
            [
              37.86726,
              45.47704
            ],
            [
              37.85226,
              45.47704
            ],
            [
              37.85226,
              45.46204
            ],
            [
              37.86726,
              45.46204
            ]
          ]
        ]
      },
      "properties": {
        "frp": 4.26,
        "acq_date": "2026-09-26",
        "acq_time": "934",
        "satellite": "N21",
        "brightness": null,
        "NAME_1": "Krasnodar",
        "locality": "Slavyanskiy rayon"
      }
    },
    {
      "type": "Feature",
      "geometry": {
        "type": "Polygon",
        "coordinates": [
          [
            [
              37.952,
              45.60728
            ],
            [
              37.952,
              45.62228
            ],
            [
              37.937,
              45.62228
            ],
            [
              37.937,
              45.60728
            ],
            [
              37.952,
              45.60728
            ]
          ]
        ]
      },
      "properties": {
        "frp": 11.48,
        "acq_date": "2026-09-26",
        "acq_time": "934",
        "satellite": "N21",
        "brightness": null,
        "NAME_1": "Krasnodar",
        "locality": "Slavyanskiy rayon"
      }
    },
    {
      "type": "Feature",
      "geometry": {
        "type": "Polygon",
        "coordinates": [
          [
            [
              37.958420000000004,
              45.60891
            ],
            [
              37.958420000000004,
              45.62391
            ],
            [
              37.94342,
              45.62391
            ],
            [
              37.94342,
              45.60891
            ],
            [
              37.958420000000004,
              45.60891
            ]
          ]
        ]
      },
      "properties": {
        "frp": 7.4,
        "acq_date": "2026-09-26",
        "acq_time": "934",
        "satellite": "N21",
        "brightness": null,
        "NAME_1": "Krasnodar",
        "locality": "Slavyanskiy rayon"
      }
    },
    {
      "type": "Feature",
      "geometry": {
        "type": "Polygon",
        "coordinates": [
          [
            [
              37.9498,
              45.61166
            ],
            [
              37.9498,
              45.62666
            ],
            [
              37.9348,
              45.62666
            ],
            [
              37.9348,
              45.61166
            ],
            [
              37.9498,
              45.61166
            ]
          ]
        ]
      },
      "properties": {
        "frp": 11.04,
        "acq_date": "2026-09-26",
        "acq_time": "934",
        "satellite": "N21",
        "brightness": null,
        "NAME_1": "Krasnodar",
        "locality": "Slavyanskiy rayon"
      }
    },
    {
      "type": "Feature",
      "geometry": {
        "type": "Polygon",
        "coordinates": [
          [
            [
              37.60039,
              47.84368
            ],
            [
              37.60039,
              47.85868
            ],
            [
              37.58539,
              47.85868
            ],
            [
              37.58539,
              47.84368
            ],
            [
              37.60039,
              47.84368
            ]
          ]
        ]
      },
      "properties": {
        "frp": 7.71,
        "acq_date": "2026-09-26",
        "acq_time": "937",
        "satellite": "N21",
        "brightness": null,
        "NAME_1": "Donets'k",
        "locality": "Mar\u2039ns'kyi"
      }
    },
    {
      "type": "Feature",
      "geometry": {
        "type": "Polygon",
        "coordinates": [
          [
            [
              37.59618,
              47.84778
            ],
            [
              37.59618,
              47.86278
            ],
            [
              37.581179999999996,
              47.86278
            ],
            [
              37.581179999999996,
              47.84778
            ],
            [
              37.59618,
              47.84778
            ]
          ]
        ]
      },
      "properties": {
        "frp": 21.84,
        "acq_date": "2026-09-26",
        "acq_time": "937",
        "satellite": "N21",
        "brightness": null,
        "NAME_1": "Donets'k",
        "locality": "Mar\u2039ns'kyi"
      }
    },
    {
      "type": "Feature",
      "geometry": {
        "type": "Polygon",
        "coordinates": [
          [
            [
              37.58795,
              47.85045
            ],
            [
              37.58795,
              47.86545
            ],
            [
              37.57295,
              47.86545
            ],
            [
              37.57295,
              47.85045
            ],
            [
              37.58795,
              47.85045
            ]
          ]
        ]
      },
      "properties": {
        "frp": 59.3,
        "acq_date": "2026-09-26",
        "acq_time": "937",
        "satellite": "N21",
        "brightness": null,
        "NAME_1": "Donets'k",
        "locality": "Mar\u2039ns'kyi"
      }
    },
    {
      "type": "Feature",
      "geometry": {
        "type": "Polygon",
        "coordinates": [
          [
            [
              37.58995,
              47.85057
            ],
            [
              37.58995,
              47.86557
            ],
            [
              37.57495,
              47.86557
            ],
            [
              37.57495,
              47.85057
            ],
            [
              37.58995,
              47.85057
            ]
          ]
        ]
      },
      "properties": {
        "frp": 51.4,
        "acq_date": "2026-09-26",
        "acq_time": "937",
        "satellite": "N21",
        "brightness": null,
        "NAME_1": "Donets'k",
        "locality": "Mar\u2039ns'kyi"
      }
    },
    {
      "type": "Feature",
      "geometry": {
        "type": "Polygon",
        "coordinates": [
          [
            [
              37.58582,
              47.85465
            ],
            [
              37.58582,
              47.86965
            ],
            [
              37.57082,
              47.86965
            ],
            [
              37.57082,
              47.85465
            ],
            [
              37.58582,
              47.85465
            ]
          ]
        ]
      },
      "properties": {
        "frp": 3.33,
        "acq_date": "2026-09-26",
        "acq_time": "937",
        "satellite": "N21",
        "brightness": null,
        "NAME_1": "Donets'k",
        "locality": "Mar\u2039ns'kyi"
      }
    },
    {
      "type": "Feature",
      "geometry": {
        "type": "Polygon",
        "coordinates": [
          [
            [
              37.58781,
              47.85477
            ],
            [
              37.58781,
              47.86977
            ],
            [
              37.57281,
              47.86977
            ],
            [
              37.57281,
              47.85477
            ],
            [
              37.58781,
              47.85477
            ]
          ]
        ]
      },
      "properties": {
        "frp": 2.8,
        "acq_date": "2026-09-26",
        "acq_time": "937",
        "satellite": "N21",
        "brightness": null,
        "NAME_1": "Donets'k",
        "locality": "Mar\u2039ns'kyi"
      }
    },
    {
      "type": "Feature",
      "geometry": {
        "type": "Polygon",
        "coordinates": [
          [
            [
              36.95654,
              48.49664
            ],
            [
              36.95654,
              48.51164
            ],
            [
              36.941539999999996,
              48.51164
            ],
            [
              36.941539999999996,
              48.49664
            ],
            [
              36.95654,
              48.49664
            ]
          ]
        ]
      },
      "properties": {
        "frp": 2.86,
        "acq_date": "2026-09-26",
        "acq_time": "937",
        "satellite": "N21",
        "brightness": null,
        "NAME_1": "Donets'k",
        "locality": "Dobropil's'kyi"
      }
    },
    {
      "type": "Feature",
      "geometry": {
        "type": "Polygon",
        "coordinates": [
          [
            [
              36.9572,
              48.49729
            ],
            [
              36.9572,
              48.51229
            ],
            [
              36.9422,
              48.51229
            ],
            [
              36.9422,
              48.49729
            ],
            [
              36.9572,
              48.49729
            ]
          ]
        ]
      },
      "properties": {
        "frp": 4.25,
        "acq_date": "2026-09-26",
        "acq_time": "937",
        "satellite": "N21",
        "brightness": null,
        "NAME_1": "Donets'k",
        "locality": "Dobropil's'kyi"
      }
    },
    {
      "type": "Feature",
      "geometry": {
        "type": "Polygon",
        "coordinates": [
          [
            [
              34.14655,
              52.13643
            ],
            [
              34.14655,
              52.15143
            ],
            [
              34.13155,
              52.15143
            ],
            [
              34.13155,
              52.13643
            ],
            [
              34.14655,
              52.13643
            ]
          ]
        ]
      },
      "properties": {
        "frp": 3.86,
        "acq_date": "2026-09-26",
        "acq_time": "937",
        "satellite": "N21",
        "brightness": null,
        "NAME_1": "Bryansk",
        "locality": "Sevskiy rayon"
      }
    },
    {
      "type": "Feature",
      "geometry": {
        "type": "Polygon",
        "coordinates": [
          [
            [
              32.31357,
              52.18309
            ],
            [
              32.31357,
              52.19809
            ],
            [
              32.29857,
              52.19809
            ],
            [
              32.29857,
              52.18309
            ],
            [
              32.31357,
              52.18309
            ]
          ]
        ]
      },
      "properties": {
        "frp": 6.15,
        "acq_date": "2026-09-26",
        "acq_time": "937",
        "satellite": "N21",
        "brightness": null,
        "NAME_1": "Bryansk",
        "locality": "Klimovskiy rayon"
      }
    },
    {
      "type": "Feature",
      "geometry": {
        "type": "Polygon",
        "coordinates": [
          [
            [
              34.10835,
              52.34902
            ],
            [
              34.10835,
              52.364020000000004
            ],
            [
              34.09335,
              52.364020000000004
            ],
            [
              34.09335,
              52.34902
            ],
            [
              34.10835,
              52.34902
            ]
          ]
        ]
      },
      "properties": {
        "frp": 7.07,
        "acq_date": "2026-09-26",
        "acq_time": "937",
        "satellite": "N21",
        "brightness": null,
        "NAME_1": "Bryansk",
        "locality": "Suzemskiy rayon"
      }
    },
    {
      "type": "Feature",
      "geometry": {
        "type": "Polygon",
        "coordinates": [
          [
            [
              34.10551,
              52.35317
            ],
            [
              34.10551,
              52.36817
            ],
            [
              34.09051,
              52.36817
            ],
            [
              34.09051,
              52.35317
            ],
            [
              34.10551,
              52.35317
            ]
          ]
        ]
      },
      "properties": {
        "frp": 7.07,
        "acq_date": "2026-09-26",
        "acq_time": "937",
        "satellite": "N21",
        "brightness": null,
        "NAME_1": "Bryansk",
        "locality": "Suzemskiy rayon"
      }
    },
    {
      "type": "Feature",
      "geometry": {
        "type": "Polygon",
        "coordinates": [
          [
            [
              34.26654,
              52.4046
            ],
            [
              34.26654,
              52.4196
            ],
            [
              34.25154,
              52.4196
            ],
            [
              34.25154,
              52.4046
            ],
            [
              34.26654,
              52.4046
            ]
          ]
        ]
      },
      "properties": {
        "frp": 10.98,
        "acq_date": "2026-09-26",
        "acq_time": "937",
        "satellite": "N21",
        "brightness": null,
        "NAME_1": "Bryansk",
        "locality": "Suzemskiy rayon"
      }
    },
    {
      "type": "Feature",
      "geometry": {
        "type": "Polygon",
        "coordinates": [
          [
            [
              39.63853,
              52.52457
            ],
            [
              39.63853,
              52.53957
            ],
            [
              39.62353,
              52.53957
            ],
            [
              39.62353,
              52.52457
            ],
            [
              39.63853,
              52.52457
            ]
          ]
        ]
      },
      "properties": {
        "frp": 11.49,
        "acq_date": "2026-09-26",
        "acq_time": "937",
        "satellite": "N21",
        "brightness": null,
        "NAME_1": "Lipetsk",
        "locality": "Lipetskiy rayon"
      }
    },
    {
      "type": "Feature",
      "geometry": {
        "type": "Polygon",
        "coordinates": [
          [
            [
              39.57943,
              52.55109
            ],
            [
              39.57943,
              52.56609
            ],
            [
              39.56443,
              52.56609
            ],
            [
              39.56443,
              52.55109
            ],
            [
              39.57943,
              52.55109
            ]
          ]
        ]
      },
      "properties": {
        "frp": 11.58,
        "acq_date": "2026-09-26",
        "acq_time": "937",
        "satellite": "N21",
        "brightness": null,
        "NAME_1": "Lipetsk",
        "locality": "Lipetsk"
      }
    },
    {
      "type": "Feature",
      "geometry": {
        "type": "Polygon",
        "coordinates": [
          [
            [
              34.39375,
              52.61167
            ],
            [
              34.39375,
              52.62667
            ],
            [
              34.37875,
              52.62667
            ],
            [
              34.37875,
              52.61167
            ],
            [
              34.39375,
              52.61167
            ]
          ]
        ]
      },
      "properties": {
        "frp": 2.56,
        "acq_date": "2026-09-26",
        "acq_time": "937",
        "satellite": "N21",
        "brightness": null,
        "NAME_1": "Bryansk",
        "locality": "Brasovskiy rayon"
      }
    },
    {
      "type": "Feature",
      "geometry": {
        "type": "Polygon",
        "coordinates": [
          [
            [
              34.75025,
              47.5922
            ],
            [
              34.75025,
              47.6072
            ],
            [
              34.73525,
              47.6072
            ],
            [
              34.73525,
              47.5922
            ],
            [
              34.75025,
              47.5922
            ]
          ]
        ]
      },
      "properties": {
        "frp": 7.28,
        "acq_date": "2026-09-26",
        "acq_time": "1117",
        "satellite": "N21",
        "brightness": null,
        "NAME_1": "Dnipropetrovs'k",
        "locality": "Tomakivs'kyi"
      }
    },
    {
      "type": "Feature",
      "geometry": {
        "type": "Polygon",
        "coordinates": [
          [
            [
              34.7548,
              47.59239
            ],
            [
              34.7548,
              47.60739
            ],
            [
              34.7398,
              47.60739
            ],
            [
              34.7398,
              47.59239
            ],
            [
              34.7548,
              47.59239
            ]
          ]
        ]
      },
      "properties": {
        "frp": 7.49,
        "acq_date": "2026-09-26",
        "acq_time": "1117",
        "satellite": "N21",
        "brightness": null,
        "NAME_1": "Dnipropetrovs'k",
        "locality": "Tomakivs'kyi"
      }
    },
    {
      "type": "Feature",
      "geometry": {
        "type": "Polygon",
        "coordinates": [
          [
            [
              36.04554,
              47.69414
            ],
            [
              36.04554,
              47.70914
            ],
            [
              36.03054,
              47.70914
            ],
            [
              36.03054,
              47.69414
            ],
            [
              36.04554,
              47.69414
            ]
          ]
        ]
      },
      "properties": {
        "frp": 13.16,
        "acq_date": "2026-09-26",
        "acq_time": "1117",
        "satellite": "N21",
        "brightness": null,
        "NAME_1": "Zaporizhia",
        "locality": "Huliaipil's'kyi"
      }
    },
    {
      "type": "Feature",
      "geometry": {
        "type": "Polygon",
        "coordinates": [
          [
            [
              36.05082,
              47.69432
            ],
            [
              36.05082,
              47.70932
            ],
            [
              36.03582,
              47.70932
            ],
            [
              36.03582,
              47.69432
            ],
            [
              36.05082,
              47.69432
            ]
          ]
        ]
      },
      "properties": {
        "frp": 18.27,
        "acq_date": "2026-09-26",
        "acq_time": "1117",
        "satellite": "N21",
        "brightness": null,
        "NAME_1": "Zaporizhia",
        "locality": "Huliaipil's'kyi"
      }
    },
    {
      "type": "Feature",
      "geometry": {
        "type": "Polygon",
        "coordinates": [
          [
            [
              35.89898,
              48.0372
            ],
            [
              35.89898,
              48.0522
            ],
            [
              35.88398,
              48.0522
            ],
            [
              35.88398,
              48.0372
            ],
            [
              35.89898,
              48.0372
            ]
          ]
        ]
      },
      "properties": {
        "frp": 19.17,
        "acq_date": "2026-09-26",
        "acq_time": "1117",
        "satellite": "N21",
        "brightness": null,
        "NAME_1": "Zaporizhia",
        "locality": "Novomykola\u2039vs'kyi"
      }
    },
    {
      "type": "Feature",
      "geometry": {
        "type": "Polygon",
        "coordinates": [
          [
            [
              35.90428,
              48.03736
            ],
            [
              35.90428,
              48.05236
            ],
            [
              35.88928,
              48.05236
            ],
            [
              35.88928,
              48.03736
            ],
            [
              35.90428,
              48.03736
            ]
          ]
        ]
      },
      "properties": {
        "frp": 15.25,
        "acq_date": "2026-09-26",
        "acq_time": "1117",
        "satellite": "N21",
        "brightness": null,
        "NAME_1": "Zaporizhia",
        "locality": "Novomykola\u2039vs'kyi"
      }
    },
    {
      "type": "Feature",
      "geometry": {
        "type": "Polygon",
        "coordinates": [
          [
            [
              22.37135,
              48.40992
            ],
            [
              22.37135,
              48.42492
            ],
            [
              22.35635,
              48.42492
            ],
            [
              22.35635,
              48.40992
            ],
            [
              22.37135,
              48.40992
            ]
          ]
        ]
      },
      "properties": {
        "frp": 2.72,
        "acq_date": "2026-09-26",
        "acq_time": "1117",
        "satellite": "N21",
        "brightness": null,
        "NAME_1": "Zakarpattia",
        "locality": "Uzhhorods'kyi"
      }
    },
    {
      "type": "Feature",
      "geometry": {
        "type": "Polygon",
        "coordinates": [
          [
            [
              23.10576,
              44.28237
            ],
            [
              23.10576,
              44.29737
            ],
            [
              23.09076,
              44.29737
            ],
            [
              23.09076,
              44.28237
            ],
            [
              23.10576,
              44.28237
            ]
          ]
        ]
      },
      "properties": {
        "frp": 2.3,
        "acq_date": "2026-09-26",
        "acq_time": "1119",
        "satellite": "N21",
        "brightness": null,
        "NAME_1": "",
        "locality": ""
      }
    },
    {
      "type": "Feature",
      "geometry": {
        "type": "Polygon",
        "coordinates": [
          [
            [
              37.76541,
              45.16149
            ],
            [
              37.76541,
              45.17649
            ],
            [
              37.75041,
              45.17649
            ],
            [
              37.75041,
              45.16149
            ],
            [
              37.76541,
              45.16149
            ]
          ]
        ]
      },
      "properties": {
        "frp": 3.32,
        "acq_date": "2026-09-26",
        "acq_time": "1119",
        "satellite": "N21",
        "brightness": null,
        "NAME_1": "Krasnodar",
        "locality": "Krymskiy rayon"
      }
    },
    {
      "type": "Feature",
      "geometry": {
        "type": "Polygon",
        "coordinates": [
          [
            [
              37.76441,
              45.16287
            ],
            [
              37.76441,
              45.17787
            ],
            [
              37.74941,
              45.17787
            ],
            [
              37.74941,
              45.16287
            ],
            [
              37.76441,
              45.16287
            ]
          ]
        ]
      },
      "properties": {
        "frp": 4.1,
        "acq_date": "2026-09-26",
        "acq_time": "1119",
        "satellite": "N21",
        "brightness": null,
        "NAME_1": "Krasnodar",
        "locality": "Krymskiy rayon"
      }
    },
    {
      "type": "Feature",
      "geometry": {
        "type": "Polygon",
        "coordinates": [
          [
            [
              37.81549,
              45.22756
            ],
            [
              37.81549,
              45.24256
            ],
            [
              37.800489999999996,
              45.24256
            ],
            [
              37.800489999999996,
              45.22756
            ],
            [
              37.81549,
              45.22756
            ]
          ]
        ]
      },
      "properties": {
        "frp": 5.2,
        "acq_date": "2026-09-26",
        "acq_time": "1119",
        "satellite": "N21",
        "brightness": null,
        "NAME_1": "Krasnodar",
        "locality": "Slavyanskiy rayon"
      }
    },
    {
      "type": "Feature",
      "geometry": {
        "type": "Polygon",
        "coordinates": [
          [
            [
              37.82146,
              45.22771
            ],
            [
              37.82146,
              45.24271
            ],
            [
              37.80646,
              45.24271
            ],
            [
              37.80646,
              45.22771
            ],
            [
              37.82146,
              45.22771
            ]
          ]
        ]
      },
      "properties": {
        "frp": 5.2,
        "acq_date": "2026-09-26",
        "acq_time": "1119",
        "satellite": "N21",
        "brightness": null,
        "NAME_1": "Krasnodar",
        "locality": "Slavyanskiy rayon"
      }
    },
    {
      "type": "Feature",
      "geometry": {
        "type": "Polygon",
        "coordinates": [
          [
            [
              31.67876,
              45.24913
            ],
            [
              31.67876,
              45.26413
            ],
            [
              31.66376,
              45.26413
            ],
            [
              31.66376,
              45.24913
            ],
            [
              31.67876,
              45.24913
            ]
          ]
        ]
      },
      "properties": {
        "frp": 8.78,
        "acq_date": "2026-09-26",
        "acq_time": "1119",
        "satellite": "N21",
        "brightness": null,
        "NAME_1": "",
        "locality": ""
      }
    },
    {
      "type": "Feature",
      "geometry": {
        "type": "Polygon",
        "coordinates": [
          [
            [
              37.90328,
              45.2511
            ],
            [
              37.90328,
              45.2661
            ],
            [
              37.88828,
              45.2661
            ],
            [
              37.88828,
              45.2511
            ],
            [
              37.90328,
              45.2511
            ]
          ]
        ]
      },
      "properties": {
        "frp": 5.27,
        "acq_date": "2026-09-26",
        "acq_time": "1119",
        "satellite": "N21",
        "brightness": null,
        "NAME_1": "Krasnodar",
        "locality": "Slavyansk-na-Kubani"
      }
    },
    {
      "type": "Feature",
      "geometry": {
        "type": "Polygon",
        "coordinates": [
          [
            [
              30.90976,
              45.34834
            ],
            [
              30.90976,
              45.36334
            ],
            [
              30.894759999999998,
              45.36334
            ],
            [
              30.894759999999998,
              45.34834
            ],
            [
              30.90976,
              45.34834
            ]
          ]
        ]
      },
      "properties": {
        "frp": 2.21,
        "acq_date": "2026-09-26",
        "acq_time": "1119",
        "satellite": "N21",
        "brightness": null,
        "NAME_1": "",
        "locality": ""
      }
    },
    {
      "type": "Feature",
      "geometry": {
        "type": "Polygon",
        "coordinates": [
          [
            [
              39.83158,
              46.38915
            ],
            [
              39.83158,
              46.40415
            ],
            [
              39.81658,
              46.40415
            ],
            [
              39.81658,
              46.38915
            ],
            [
              39.83158,
              46.38915
            ]
          ]
        ]
      },
      "properties": {
        "frp": 20.92,
        "acq_date": "2026-09-26",
        "acq_time": "1119",
        "satellite": "N21",
        "brightness": null,
        "NAME_1": "Krasnodar",
        "locality": "Krylovskiy rayon"
      }
    },
    {
      "type": "Feature",
      "geometry": {
        "type": "Polygon",
        "coordinates": [
          [
            [
              39.83114,
              46.39563
            ],
            [
              39.83114,
              46.41063
            ],
            [
              39.81614,
              46.41063
            ],
            [
              39.81614,
              46.39563
            ],
            [
              39.83114,
              46.39563
            ]
          ]
        ]
      },
      "properties": {
        "frp": 7.64,
        "acq_date": "2026-09-26",
        "acq_time": "1119",
        "satellite": "N21",
        "brightness": null,
        "NAME_1": "Krasnodar",
        "locality": "Krylovskiy rayon"
      }
    },
    {
      "type": "Feature",
      "geometry": {
        "type": "Polygon",
        "coordinates": [
          [
            [
              29.61803,
              50.51801
            ],
            [
              29.61803,
              50.53301
            ],
            [
              29.60303,
              50.53301
            ],
            [
              29.60303,
              50.51801
            ],
            [
              29.61803,
              50.51801
            ]
          ]
        ]
      },
      "properties": {
        "frp": 5.41,
        "acq_date": "2026-09-26",
        "acq_time": "1119",
        "satellite": "N21",
        "brightness": null,
        "NAME_1": "Kiev",
        "locality": "Makarivs'kyi"
      }
    },
    {
      "type": "Feature",
      "geometry": {
        "type": "Polygon",
        "coordinates": [
          [
            [
              34.14211,
              52.13765
            ],
            [
              34.14211,
              52.15265
            ],
            [
              34.12711,
              52.15265
            ],
            [
              34.12711,
              52.13765
            ],
            [
              34.14211,
              52.13765
            ]
          ]
        ]
      },
      "properties": {
        "frp": 2.53,
        "acq_date": "2026-09-26",
        "acq_time": "1119",
        "satellite": "N21",
        "brightness": null,
        "NAME_1": "Bryansk",
        "locality": "Sevskiy rayon"
      }
    },
    {
      "type": "Feature",
      "geometry": {
        "type": "Polygon",
        "coordinates": [
          [
            [
              34.59143,
              46.27699
            ],
            [
              34.59143,
              46.29199
            ],
            [
              34.57643,
              46.29199
            ],
            [
              34.57643,
              46.27699
            ],
            [
              34.59143,
              46.27699
            ]
          ]
        ]
      },
      "properties": {
        "frp": 0.82,
        "acq_date": "2026-09-26",
        "acq_time": "2331",
        "satellite": "N21",
        "brightness": null,
        "NAME_1": "Kherson",
        "locality": "Novotro\u2039ts'kyi"
      }
    },
    {
      "type": "Feature",
      "geometry": {
        "type": "Polygon",
        "coordinates": [
          [
            [
              34.58616,
              46.27769
            ],
            [
              34.58616,
              46.29269
            ],
            [
              34.57116,
              46.29269
            ],
            [
              34.57116,
              46.27769
            ],
            [
              34.58616,
              46.27769
            ]
          ]
        ]
      },
      "properties": {
        "frp": 0.82,
        "acq_date": "2026-09-26",
        "acq_time": "2331",
        "satellite": "N21",
        "brightness": null,
        "NAME_1": "Kherson",
        "locality": "Novotro\u2039ts'kyi"
      }
    },
    {
      "type": "Feature",
      "geometry": {
        "type": "Polygon",
        "coordinates": [
          [
            [
              33.23647,
              46.35221
            ],
            [
              33.23647,
              46.36721
            ],
            [
              33.22147,
              46.36721
            ],
            [
              33.22147,
              46.35221
            ],
            [
              33.23647,
              46.35221
            ]
          ]
        ]
      },
      "properties": {
        "frp": 1.06,
        "acq_date": "2026-09-26",
        "acq_time": "2331",
        "satellite": "N21",
        "brightness": null,
        "NAME_1": "Kherson",
        "locality": "Tsiurupyns'kyi"
      }
    },
    {
      "type": "Feature",
      "geometry": {
        "type": "Polygon",
        "coordinates": [
          [
            [
              33.23072,
              46.35291
            ],
            [
              33.23072,
              46.36791
            ],
            [
              33.21572,
              46.36791
            ],
            [
              33.21572,
              46.35291
            ],
            [
              33.23072,
              46.35291
            ]
          ]
        ]
      },
      "properties": {
        "frp": 1.0,
        "acq_date": "2026-09-26",
        "acq_time": "2331",
        "satellite": "N21",
        "brightness": null,
        "NAME_1": "Kherson",
        "locality": "Tsiurupyns'kyi"
      }
    },
    {
      "type": "Feature",
      "geometry": {
        "type": "Polygon",
        "coordinates": [
          [
            [
              32.75034,
              46.57868
            ],
            [
              32.75034,
              46.59368
            ],
            [
              32.73534,
              46.59368
            ],
            [
              32.73534,
              46.57868
            ],
            [
              32.75034,
              46.57868
            ]
          ]
        ]
      },
      "properties": {
        "frp": 0.77,
        "acq_date": "2026-09-26",
        "acq_time": "2331",
        "satellite": "N21",
        "brightness": null,
        "NAME_1": "Kherson",
        "locality": "Tsiurupyns'kyi"
      }
    },
    {
      "type": "Feature",
      "geometry": {
        "type": "Polygon",
        "coordinates": [
          [
            [
              35.15715,
              46.68941
            ],
            [
              35.15715,
              46.70441
            ],
            [
              35.14215,
              46.70441
            ],
            [
              35.14215,
              46.68941
            ],
            [
              35.15715,
              46.68941
            ]
          ]
        ]
      },
      "properties": {
        "frp": 3.09,
        "acq_date": "2026-09-26",
        "acq_time": "2331",
        "satellite": "N21",
        "brightness": null,
        "NAME_1": "Zaporizhia",
        "locality": "Melitopol's'kyi"
      }
    },
    {
      "type": "Feature",
      "geometry": {
        "type": "Polygon",
        "coordinates": [
          [
            [
              35.1581,
              46.69276
            ],
            [
              35.1581,
              46.70776
            ],
            [
              35.1431,
              46.70776
            ],
            [
              35.1431,
              46.69276
            ],
            [
              35.1581,
              46.69276
            ]
          ]
        ]
      },
      "properties": {
        "frp": 12.75,
        "acq_date": "2026-09-26",
        "acq_time": "2331",
        "satellite": "N21",
        "brightness": null,
        "NAME_1": "Zaporizhia",
        "locality": "Melitopol's'kyi"
      }
    },
    {
      "type": "Feature",
      "geometry": {
        "type": "Polygon",
        "coordinates": [
          [
            [
              33.26716,
              46.74177
            ],
            [
              33.26716,
              46.75677
            ],
            [
              33.252159999999996,
              46.75677
            ],
            [
              33.252159999999996,
              46.74177
            ],
            [
              33.26716,
              46.74177
            ]
          ]
        ]
      },
      "properties": {
        "frp": 1.4,
        "acq_date": "2026-09-26",
        "acq_time": "2331",
        "satellite": "N21",
        "brightness": null,
        "NAME_1": "Kherson",
        "locality": "Beryslavs'kyi"
      }
    },
    {
      "type": "Feature",
      "geometry": {
        "type": "Polygon",
        "coordinates": [
          [
            [
              22.33686,
              47.02914
            ],
            [
              22.33686,
              47.04414
            ],
            [
              22.32186,
              47.04414
            ],
            [
              22.32186,
              47.02914
            ],
            [
              22.33686,
              47.02914
            ]
          ]
        ]
      },
      "properties": {
        "frp": 1.12,
        "acq_date": "2026-09-26",
        "acq_time": "2331",
        "satellite": "N21",
        "brightness": null,
        "NAME_1": "",
        "locality": ""
      }
    },
    {
      "type": "Feature",
      "geometry": {
        "type": "Polygon",
        "coordinates": [
          [
            [
              22.3369,
              47.03033
            ],
            [
              22.3369,
              47.04533
            ],
            [
              22.3219,
              47.04533
            ],
            [
              22.3219,
              47.03033
            ],
            [
              22.3369,
              47.03033
            ]
          ]
        ]
      },
      "properties": {
        "frp": 0.79,
        "acq_date": "2026-09-26",
        "acq_time": "2331",
        "satellite": "N21",
        "brightness": null,
        "NAME_1": "",
        "locality": ""
      }
    },
    {
      "type": "Feature",
      "geometry": {
        "type": "Polygon",
        "coordinates": [
          [
            [
              35.23983,
              47.226259999999996
            ],
            [
              35.23983,
              47.24126
            ],
            [
              35.22483,
              47.24126
            ],
            [
              35.22483,
              47.226259999999996
            ],
            [
              35.23983,
              47.226259999999996
            ]
          ]
        ]
      },
      "properties": {
        "frp": 0.97,
        "acq_date": "2026-09-26",
        "acq_time": "2331",
        "satellite": "N21",
        "brightness": null,
        "NAME_1": "Zaporizhia",
        "locality": "Mykhailivs'kyi"
      }
    },
    {
      "type": "Feature",
      "geometry": {
        "type": "Polygon",
        "coordinates": [
          [
            [
              33.88126,
              47.25205
            ],
            [
              33.88126,
              47.26705
            ],
            [
              33.86626,
              47.26705
            ],
            [
              33.86626,
              47.25205
            ],
            [
              33.88126,
              47.25205
            ]
          ]
        ]
      },
      "properties": {
        "frp": 0.86,
        "acq_date": "2026-09-26",
        "acq_time": "2331",
        "satellite": "N21",
        "brightness": null,
        "NAME_1": "Kherson",
        "locality": "Novovorontsovs'kyi"
      }
    },
    {
      "type": "Feature",
      "geometry": {
        "type": "Polygon",
        "coordinates": [
          [
            [
              27.77014,
              47.49983
            ],
            [
              27.77014,
              47.51483
            ],
            [
              27.75514,
              47.51483
            ],
            [
              27.75514,
              47.49983
            ],
            [
              27.77014,
              47.49983
            ]
          ]
        ]
      },
      "properties": {
        "frp": 0.86,
        "acq_date": "2026-09-26",
        "acq_time": "2331",
        "satellite": "N21",
        "brightness": null,
        "NAME_1": "",
        "locality": ""
      }
    },
    {
      "type": "Feature",
      "geometry": {
        "type": "Polygon",
        "coordinates": [
          [
            [
              34.97022,
              47.81331
            ],
            [
              34.97022,
              47.82831
            ],
            [
              34.95522,
              47.82831
            ],
            [
              34.95522,
              47.81331
            ],
            [
              34.97022,
              47.81331
            ]
          ]
        ]
      },
      "properties": {
        "frp": 1.82,
        "acq_date": "2026-09-26",
        "acq_time": "2331",
        "satellite": "N21",
        "brightness": null,
        "NAME_1": "Zaporizhia",
        "locality": "Zaporiz'kyi"
      }
    },
    {
      "type": "Feature",
      "geometry": {
        "type": "Polygon",
        "coordinates": [
          [
            [
              35.15121,
              47.85266
            ],
            [
              35.15121,
              47.86766
            ],
            [
              35.13621,
              47.86766
            ],
            [
              35.13621,
              47.85266
            ],
            [
              35.15121,
              47.85266
            ]
          ]
        ]
      },
      "properties": {
        "frp": 0.92,
        "acq_date": "2026-09-26",
        "acq_time": "2331",
        "satellite": "N21",
        "brightness": null,
        "NAME_1": "Zaporizhia",
        "locality": "Zaporiz'ka"
      }
    },
    {
      "type": "Feature",
      "geometry": {
        "type": "Polygon",
        "coordinates": [
          [
            [
              35.6283,
              47.89001
            ],
            [
              35.6283,
              47.90501
            ],
            [
              35.6133,
              47.90501
            ],
            [
              35.6133,
              47.89001
            ],
            [
              35.6283,
              47.89001
            ]
          ]
        ]
      },
      "properties": {
        "frp": 0.51,
        "acq_date": "2026-09-26",
        "acq_time": "2331",
        "satellite": "N21",
        "brightness": null,
        "NAME_1": "Zaporizhia",
        "locality": "Vil'nians'kyi"
      }
    },
    {
      "type": "Feature",
      "geometry": {
        "type": "Polygon",
        "coordinates": [
          [
            [
              37.96115,
              48.05015
            ],
            [
              37.96115,
              48.06515
            ],
            [
              37.94615,
              48.06515
            ],
            [
              37.94615,
              48.05015
            ],
            [
              37.96115,
              48.05015
            ]
          ]
        ]
      },
      "properties": {
        "frp": 1.63,
        "acq_date": "2026-09-26",
        "acq_time": "2331",
        "satellite": "N21",
        "brightness": null,
        "NAME_1": "Donets'k",
        "locality": "Maki\u2039vs'ka"
      }
    },
    {
      "type": "Feature",
      "geometry": {
        "type": "Polygon",
        "coordinates": [
          [
            [
              26.6144,
              48.74135
            ],
            [
              26.6144,
              48.75635
            ],
            [
              26.5994,
              48.75635
            ],
            [
              26.5994,
              48.74135
            ],
            [
              26.6144,
              48.74135
            ]
          ]
        ]
      },
      "properties": {
        "frp": 1.22,
        "acq_date": "2026-09-26",
        "acq_time": "2331",
        "satellite": "N21",
        "brightness": null,
        "NAME_1": "Khmel'nyts'kyy",
        "locality": "Kamianets'-Podil's'kyi"
      }
    },
    {
      "type": "Feature",
      "geometry": {
        "type": "Polygon",
        "coordinates": [
          [
            [
              24.71713,
              48.96938
            ],
            [
              24.71713,
              48.98438
            ],
            [
              24.70213,
              48.98438
            ],
            [
              24.70213,
              48.96938
            ],
            [
              24.71713,
              48.96938
            ]
          ]
        ]
      },
      "properties": {
        "frp": 1.83,
        "acq_date": "2026-09-26",
        "acq_time": "2331",
        "satellite": "N21",
        "brightness": null,
        "NAME_1": "Ivano-Frankivs'k",
        "locality": "Tysmenyts'kyi"
      }
    },
    {
      "type": "Feature",
      "geometry": {
        "type": "Polygon",
        "coordinates": [
          [
            [
              37.76973,
              51.25101
            ],
            [
              37.76973,
              51.26601
            ],
            [
              37.75473,
              51.26601
            ],
            [
              37.75473,
              51.25101
            ],
            [
              37.76973,
              51.25101
            ]
          ]
        ]
      },
      "properties": {
        "frp": 1.79,
        "acq_date": "2026-09-26",
        "acq_time": "2331",
        "satellite": "N21",
        "brightness": null,
        "NAME_1": "Belgorod",
        "locality": "Starooskol'skiy rayon"
      }
    },
    {
      "type": "Feature",
      "geometry": {
        "type": "Polygon",
        "coordinates": [
          [
            [
              29.34938,
              51.88492
            ],
            [
              29.34938,
              51.89992
            ],
            [
              29.33438,
              51.89992
            ],
            [
              29.33438,
              51.88492
            ],
            [
              29.34938,
              51.88492
            ]
          ]
        ]
      },
      "properties": {
        "frp": 1.58,
        "acq_date": "2026-09-26",
        "acq_time": "2331",
        "satellite": "N21",
        "brightness": null,
        "NAME_1": "Gomel",
        "locality": "Mazyr"
      }
    },
    {
      "type": "Feature",
      "geometry": {
        "type": "Polygon",
        "coordinates": [
          [
            [
              28.31467,
              44.23111
            ],
            [
              28.31467,
              44.24611
            ],
            [
              28.29967,
              44.24611
            ],
            [
              28.29967,
              44.23111
            ],
            [
              28.31467,
              44.23111
            ]
          ]
        ]
      },
      "properties": {
        "frp": 0.87,
        "acq_date": "2026-09-26",
        "acq_time": "2333",
        "satellite": "N21",
        "brightness": null,
        "NAME_1": "",
        "locality": ""
      }
    },
    {
      "type": "Feature",
      "geometry": {
        "type": "Polygon",
        "coordinates": [
          [
            [
              37.81542,
              44.72567
            ],
            [
              37.81542,
              44.74067
            ],
            [
              37.80042,
              44.74067
            ],
            [
              37.80042,
              44.72567
            ],
            [
              37.81542,
              44.72567
            ]
          ]
        ]
      },
      "properties": {
        "frp": 0.58,
        "acq_date": "2026-09-26",
        "acq_time": "2333",
        "satellite": "N21",
        "brightness": null,
        "NAME_1": "Krasnodar",
        "locality": "Gelendzhik gorsovet"
      }
    },
    {
      "type": "Feature",
      "geometry": {
        "type": "Polygon",
        "coordinates": [
          [
            [
              33.86947,
              44.76297
            ],
            [
              33.86947,
              44.77797
            ],
            [
              33.85447,
              44.77797
            ],
            [
              33.85447,
              44.76297
            ],
            [
              33.86947,
              44.76297
            ]
          ]
        ]
      },
      "properties": {
        "frp": 0.43,
        "acq_date": "2026-09-26",
        "acq_time": "2333",
        "satellite": "N21",
        "brightness": null,
        "NAME_1": "Crimea",
        "locality": "Bakhchysarais'kyi"
      }
    },
    {
      "type": "Feature",
      "geometry": {
        "type": "Polygon",
        "coordinates": [
          [
            [
              33.86674,
              44.76644
            ],
            [
              33.86674,
              44.78144
            ],
            [
              33.85174,
              44.78144
            ],
            [
              33.85174,
              44.76644
            ],
            [
              33.86674,
              44.76644
            ]
          ]
        ]
      },
      "properties": {
        "frp": 0.8,
        "acq_date": "2026-09-26",
        "acq_time": "2333",
        "satellite": "N21",
        "brightness": null,
        "NAME_1": "Crimea",
        "locality": "Bakhchysarais'kyi"
      }
    },
    {
      "type": "Feature",
      "geometry": {
        "type": "Polygon",
        "coordinates": [
          [
            [
              37.68643,
              44.82985
            ],
            [
              37.68643,
              44.84485
            ],
            [
              37.67143,
              44.84485
            ],
            [
              37.67143,
              44.82985
            ],
            [
              37.68643,
              44.82985
            ]
          ]
        ]
      },
      "properties": {
        "frp": 0.54,
        "acq_date": "2026-09-26",
        "acq_time": "2333",
        "satellite": "N21",
        "brightness": null,
        "NAME_1": "Krasnodar",
        "locality": "Novorossiysk gorsovet"
      }
    },
    {
      "type": "Feature",
      "geometry": {
        "type": "Polygon",
        "coordinates": [
          [
            [
              25.898130000000002,
              44.83613
            ],
            [
              25.898130000000002,
              44.85113
            ],
            [
              25.88313,
              44.85113
            ],
            [
              25.88313,
              44.83613
            ],
            [
              25.898130000000002,
              44.83613
            ]
          ]
        ]
      },
      "properties": {
        "frp": 1.67,
        "acq_date": "2026-09-26",
        "acq_time": "2333",
        "satellite": "N21",
        "brightness": null,
        "NAME_1": "",
        "locality": ""
      }
    },
    {
      "type": "Feature",
      "geometry": {
        "type": "Polygon",
        "coordinates": [
          [
            [
              38.12461,
              44.877
            ],
            [
              38.12461,
              44.892
            ],
            [
              38.109609999999996,
              44.892
            ],
            [
              38.109609999999996,
              44.877
            ],
            [
              38.12461,
              44.877
            ]
          ]
        ]
      },
      "properties": {
        "frp": 0.57,
        "acq_date": "2026-09-26",
        "acq_time": "2333",
        "satellite": "N21",
        "brightness": null,
        "NAME_1": "Krasnodar",
        "locality": "Abinskiy rayon"
      }
    },
    {
      "type": "Feature",
      "geometry": {
        "type": "Polygon",
        "coordinates": [
          [
            [
              25.11886,
              45.28299
            ],
            [
              25.11886,
              45.29799
            ],
            [
              25.10386,
              45.29799
            ],
            [
              25.10386,
              45.28299
            ],
            [
              25.11886,
              45.28299
            ]
          ]
        ]
      },
      "properties": {
        "frp": 1.26,
        "acq_date": "2026-09-26",
        "acq_time": "2333",
        "satellite": "N21",
        "brightness": null,
        "NAME_1": "",
        "locality": ""
      }
    },
    {
      "type": "Feature",
      "geometry": {
        "type": "Polygon",
        "coordinates": [
          [
            [
              30.90895,
              45.34662
            ],
            [
              30.90895,
              45.36162
            ],
            [
              30.89395,
              45.36162
            ],
            [
              30.89395,
              45.34662
            ],
            [
              30.90895,
              45.34662
            ]
          ]
        ]
      },
      "properties": {
        "frp": 1.65,
        "acq_date": "2026-09-26",
        "acq_time": "2333",
        "satellite": "N21",
        "brightness": null,
        "NAME_1": "",
        "locality": ""
      }
    },
    {
      "type": "Feature",
      "geometry": {
        "type": "Polygon",
        "coordinates": [
          [
            [
              30.93371,
              45.36748
            ],
            [
              30.93371,
              45.38248
            ],
            [
              30.91871,
              45.38248
            ],
            [
              30.91871,
              45.36748
            ],
            [
              30.93371,
              45.36748
            ]
          ]
        ]
      },
      "properties": {
        "frp": 1.81,
        "acq_date": "2026-09-26",
        "acq_time": "2333",
        "satellite": "N21",
        "brightness": null,
        "NAME_1": "",
        "locality": ""
      }
    },
    {
      "type": "Feature",
      "geometry": {
        "type": "Polygon",
        "coordinates": [
          [
            [
              25.2898,
              45.94296
            ],
            [
              25.2898,
              45.95796
            ],
            [
              25.2748,
              45.95796
            ],
            [
              25.2748,
              45.94296
            ],
            [
              25.2898,
              45.94296
            ]
          ]
        ]
      },
      "properties": {
        "frp": 1.05,
        "acq_date": "2026-09-26",
        "acq_time": "2333",
        "satellite": "N21",
        "brightness": null,
        "NAME_1": "",
        "locality": ""
      }
    },
    {
      "type": "Feature",
      "geometry": {
        "type": "Polygon",
        "coordinates": [
          [
            [
              22.87431,
              45.94584
            ],
            [
              22.87431,
              45.96084
            ],
            [
              22.85931,
              45.96084
            ],
            [
              22.85931,
              45.94584
            ],
            [
              22.87431,
              45.94584
            ]
          ]
        ]
      },
      "properties": {
        "frp": 0.91,
        "acq_date": "2026-09-26",
        "acq_time": "2333",
        "satellite": "N21",
        "brightness": null,
        "NAME_1": "",
        "locality": ""
      }
    },
    {
      "type": "Feature",
      "geometry": {
        "type": "Polygon",
        "coordinates": [
          [
            [
              26.611,
              48.73793
            ],
            [
              26.611,
              48.75293
            ],
            [
              26.596,
              48.75293
            ],
            [
              26.596,
              48.73793
            ],
            [
              26.611,
              48.73793
            ]
          ]
        ]
      },
      "properties": {
        "frp": 1.01,
        "acq_date": "2026-09-27",
        "acq_time": "111",
        "satellite": "N21",
        "brightness": null,
        "NAME_1": "Khmel'nyts'kyy",
        "locality": "Kamianets'-Podil's'kyi"
      }
    },
    {
      "type": "Feature",
      "geometry": {
        "type": "Polygon",
        "coordinates": [
          [
            [
              30.91016,
              50.51496
            ],
            [
              30.91016,
              50.52996
            ],
            [
              30.89516,
              50.52996
            ],
            [
              30.89516,
              50.51496
            ],
            [
              30.91016,
              50.51496
            ]
          ]
        ]
      },
      "properties": {
        "frp": 15.16,
        "acq_date": "2026-09-27",
        "acq_time": "111",
        "satellite": "N21",
        "brightness": null,
        "NAME_1": "Kiev",
        "locality": "Brovars'kyi"
      }
    },
    {
      "type": "Feature",
      "geometry": {
        "type": "Polygon",
        "coordinates": [
          [
            [
              30.90443,
              50.51683
            ],
            [
              30.90443,
              50.53183
            ],
            [
              30.88943,
              50.53183
            ],
            [
              30.88943,
              50.51683
            ],
            [
              30.90443,
              50.51683
            ]
          ]
        ]
      },
      "properties": {
        "frp": 15.16,
        "acq_date": "2026-09-27",
        "acq_time": "111",
        "satellite": "N21",
        "brightness": null,
        "NAME_1": "Kiev",
        "locality": "Brovars'kyi"
      }
    },
    {
      "type": "Feature",
      "geometry": {
        "type": "Polygon",
        "coordinates": [
          [
            [
              30.91444,
              50.52012
            ],
            [
              30.91444,
              50.53512
            ],
            [
              30.89944,
              50.53512
            ],
            [
              30.89944,
              50.52012
            ],
            [
              30.91444,
              50.52012
            ]
          ]
        ]
      },
      "properties": {
        "frp": 15.16,
        "acq_date": "2026-09-27",
        "acq_time": "111",
        "satellite": "N21",
        "brightness": null,
        "NAME_1": "Kiev",
        "locality": "Brovars'kyi"
      }
    },
    {
      "type": "Feature",
      "geometry": {
        "type": "Polygon",
        "coordinates": [
          [
            [
              30.90868,
              50.522
            ],
            [
              30.90868,
              50.537
            ],
            [
              30.89368,
              50.537
            ],
            [
              30.89368,
              50.522
            ],
            [
              30.90868,
              50.522
            ]
          ]
        ]
      },
      "properties": {
        "frp": 15.16,
        "acq_date": "2026-09-27",
        "acq_time": "111",
        "satellite": "N21",
        "brightness": null,
        "NAME_1": "Kiev",
        "locality": "Brovars'kyi"
      }
    },
    {
      "type": "Feature",
      "geometry": {
        "type": "Polygon",
        "coordinates": [
          [
            [
              25.4227,
              45.11305
            ],
            [
              25.4227,
              45.12805
            ],
            [
              25.4077,
              45.12805
            ],
            [
              25.4077,
              45.11305
            ],
            [
              25.4227,
              45.11305
            ]
          ]
        ]
      },
      "properties": {
        "frp": 1.51,
        "acq_date": "2026-09-27",
        "acq_time": "113",
        "satellite": "N21",
        "brightness": null,
        "NAME_1": "",
        "locality": ""
      }
    },
    {
      "type": "Feature",
      "geometry": {
        "type": "Polygon",
        "coordinates": [
          [
            [
              25.42708,
              45.11612
            ],
            [
              25.42708,
              45.13112
            ],
            [
              25.41208,
              45.13112
            ],
            [
              25.41208,
              45.11612
            ],
            [
              25.42708,
              45.11612
            ]
          ]
        ]
      },
      "properties": {
        "frp": 2.03,
        "acq_date": "2026-09-27",
        "acq_time": "113",
        "satellite": "N21",
        "brightness": null,
        "NAME_1": "",
        "locality": ""
      }
    },
    {
      "type": "Feature",
      "geometry": {
        "type": "Polygon",
        "coordinates": [
          [
            [
              25.290020000000002,
              45.9428
            ],
            [
              25.290020000000002,
              45.9578
            ],
            [
              25.27502,
              45.9578
            ],
            [
              25.27502,
              45.9428
            ],
            [
              25.290020000000002,
              45.9428
            ]
          ]
        ]
      },
      "properties": {
        "frp": 1.54,
        "acq_date": "2026-09-27",
        "acq_time": "113",
        "satellite": "N21",
        "brightness": null,
        "NAME_1": "",
        "locality": ""
      }
    },
    {
      "type": "Feature",
      "geometry": {
        "type": "Polygon",
        "coordinates": [
          [
            [
              25.290020000000002,
              45.9433
            ],
            [
              25.290020000000002,
              45.9583
            ],
            [
              25.27502,
              45.9583
            ],
            [
              25.27502,
              45.9433
            ],
            [
              25.290020000000002,
              45.9433
            ]
          ]
        ]
      },
      "properties": {
        "frp": 1.08,
        "acq_date": "2026-09-27",
        "acq_time": "113",
        "satellite": "N21",
        "brightness": null,
        "NAME_1": "",
        "locality": ""
      }
    },
    {
      "type": "Feature",
      "geometry": {
        "type": "Polygon",
        "coordinates": [
          [
            [
              22.87316,
              45.94565
            ],
            [
              22.87316,
              45.96065
            ],
            [
              22.858159999999998,
              45.96065
            ],
            [
              22.858159999999998,
              45.94565
            ],
            [
              22.87316,
              45.94565
            ]
          ]
        ]
      },
      "properties": {
        "frp": 1.3,
        "acq_date": "2026-09-27",
        "acq_time": "113",
        "satellite": "N21",
        "brightness": null,
        "NAME_1": "",
        "locality": ""
      }
    },
    {
      "type": "Feature",
      "geometry": {
        "type": "Polygon",
        "coordinates": [
          [
            [
              40.84209,
              46.63736
            ],
            [
              40.84209,
              46.65236
            ],
            [
              40.82709,
              46.65236
            ],
            [
              40.82709,
              46.63736
            ],
            [
              40.84209,
              46.63736
            ]
          ]
        ]
      },
      "properties": {
        "frp": 10.92,
        "acq_date": "2026-09-27",
        "acq_time": "917",
        "satellite": "N21",
        "brightness": null,
        "NAME_1": "Rostov",
        "locality": "Tselinskiy rayon"
      }
    },
    {
      "type": "Feature",
      "geometry": {
        "type": "Polygon",
        "coordinates": [
          [
            [
              40.840180000000004,
              46.63822
            ],
            [
              40.840180000000004,
              46.65322
            ],
            [
              40.82518,
              46.65322
            ],
            [
              40.82518,
              46.63822
            ],
            [
              40.840180000000004,
              46.63822
            ]
          ]
        ]
      },
      "properties": {
        "frp": 9.18,
        "acq_date": "2026-09-27",
        "acq_time": "917",
        "satellite": "N21",
        "brightness": null,
        "NAME_1": "Rostov",
        "locality": "Tselinskiy rayon"
      }
    },
    {
      "type": "Feature",
      "geometry": {
        "type": "Polygon",
        "coordinates": [
          [
            [
              39.08534,
              46.80251
            ],
            [
              39.08534,
              46.81751
            ],
            [
              39.07034,
              46.81751
            ],
            [
              39.07034,
              46.80251
            ],
            [
              39.08534,
              46.80251
            ]
          ]
        ]
      },
      "properties": {
        "frp": 1.72,
        "acq_date": "2026-09-27",
        "acq_time": "917",
        "satellite": "N21",
        "brightness": null,
        "NAME_1": "Rostov",
        "locality": "Azovskiy rayon"
      }
    },
    {
      "type": "Feature",
      "geometry": {
        "type": "Polygon",
        "coordinates": [
          [
            [
              38.30389,
              47.13827
            ],
            [
              38.30389,
              47.15327
            ],
            [
              38.28889,
              47.15327
            ],
            [
              38.28889,
              47.13827
            ],
            [
              38.30389,
              47.13827
            ]
          ]
        ]
      },
      "properties": {
        "frp": 2.78,
        "acq_date": "2026-09-27",
        "acq_time": "917",
        "satellite": "N21",
        "brightness": null,
        "NAME_1": "Rostov",
        "locality": "Neklinovskiy rayon"
      }
    },
    {
      "type": "Feature",
      "geometry": {
        "type": "Polygon",
        "coordinates": [
          [
            [
              29.64527,
              50.49993
            ],
            [
              29.64527,
              50.51493
            ],
            [
              29.63027,
              50.51493
            ],
            [
              29.63027,
              50.49993
            ],
            [
              29.64527,
              50.49993
            ]
          ]
        ]
      },
      "properties": {
        "frp": 12.29,
        "acq_date": "2026-09-27",
        "acq_time": "920",
        "satellite": "N21",
        "brightness": null,
        "NAME_1": "Kiev",
        "locality": "Makarivs'kyi"
      }
    },
    {
      "type": "Feature",
      "geometry": {
        "type": "Polygon",
        "coordinates": [
          [
            [
              29.64645,
              50.50202
            ],
            [
              29.64645,
              50.51702
            ],
            [
              29.63145,
              50.51702
            ],
            [
              29.63145,
              50.50202
            ],
            [
              29.64645,
              50.50202
            ]
          ]
        ]
      },
      "properties": {
        "frp": 14.18,
        "acq_date": "2026-09-27",
        "acq_time": "920",
        "satellite": "N21",
        "brightness": null,
        "NAME_1": "Kiev",
        "locality": "Makarivs'kyi"
      }
    },
    {
      "type": "Feature",
      "geometry": {
        "type": "Polygon",
        "coordinates": [
          [
            [
              24.21047,
              43.99362
            ],
            [
              24.21047,
              44.00862
            ],
            [
              24.19547,
              44.00862
            ],
            [
              24.19547,
              43.99362
            ],
            [
              24.21047,
              43.99362
            ]
          ]
        ]
      },
      "properties": {
        "frp": 4.52,
        "acq_date": "2026-09-27",
        "acq_time": "1058",
        "satellite": "N21",
        "brightness": null,
        "NAME_1": "",
        "locality": ""
      }
    },
    {
      "type": "Feature",
      "geometry": {
        "type": "Polygon",
        "coordinates": [
          [
            [
              25.91832,
              44.0486
            ],
            [
              25.91832,
              44.0636
            ],
            [
              25.90332,
              44.0636
            ],
            [
              25.90332,
              44.0486
            ],
            [
              25.91832,
              44.0486
            ]
          ]
        ]
      },
      "properties": {
        "frp": 5.2,
        "acq_date": "2026-09-27",
        "acq_time": "1058",
        "satellite": "N21",
        "brightness": null,
        "NAME_1": "",
        "locality": ""
      }
    },
    {
      "type": "Feature",
      "geometry": {
        "type": "Polygon",
        "coordinates": [
          [
            [
              27.72207,
              44.04986
            ],
            [
              27.72207,
              44.06486
            ],
            [
              27.707069999999998,
              44.06486
            ],
            [
              27.707069999999998,
              44.04986
            ],
            [
              27.72207,
              44.04986
            ]
          ]
        ]
      },
      "properties": {
        "frp": 3.79,
        "acq_date": "2026-09-27",
        "acq_time": "1058",
        "satellite": "N21",
        "brightness": null,
        "NAME_1": "",
        "locality": ""
      }
    },
    {
      "type": "Feature",
      "geometry": {
        "type": "Polygon",
        "coordinates": [
          [
            [
              25.91721,
              44.05192
            ],
            [
              25.91721,
              44.06692
            ],
            [
              25.90221,
              44.06692
            ],
            [
              25.90221,
              44.05192
            ],
            [
              25.91721,
              44.05192
            ]
          ]
        ]
      },
      "properties": {
        "frp": 5.2,
        "acq_date": "2026-09-27",
        "acq_time": "1058",
        "satellite": "N21",
        "brightness": null,
        "NAME_1": "",
        "locality": ""
      }
    },
    {
      "type": "Feature",
      "geometry": {
        "type": "Polygon",
        "coordinates": [
          [
            [
              23.22938,
              44.06284
            ],
            [
              23.22938,
              44.07784
            ],
            [
              23.21438,
              44.07784
            ],
            [
              23.21438,
              44.06284
            ],
            [
              23.22938,
              44.06284
            ]
          ]
        ]
      },
      "properties": {
        "frp": 8.49,
        "acq_date": "2026-09-27",
        "acq_time": "1058",
        "satellite": "N21",
        "brightness": null,
        "NAME_1": "",
        "locality": ""
      }
    },
    {
      "type": "Feature",
      "geometry": {
        "type": "Polygon",
        "coordinates": [
          [
            [
              23.22714,
              44.06581
            ],
            [
              23.22714,
              44.08081
            ],
            [
              23.212139999999998,
              44.08081
            ],
            [
              23.212139999999998,
              44.06581
            ],
            [
              23.22714,
              44.06581
            ]
          ]
        ]
      },
      "properties": {
        "frp": 4.08,
        "acq_date": "2026-09-27",
        "acq_time": "1058",
        "satellite": "N21",
        "brightness": null,
        "NAME_1": "",
        "locality": ""
      }
    },
    {
      "type": "Feature",
      "geometry": {
        "type": "Polygon",
        "coordinates": [
          [
            [
              23.22802,
              44.06642
            ],
            [
              23.22802,
              44.08142
            ],
            [
              23.21302,
              44.08142
            ],
            [
              23.21302,
              44.06642
            ],
            [
              23.22802,
              44.06642
            ]
          ]
        ]
      },
      "properties": {
        "frp": 8.49,
        "acq_date": "2026-09-27",
        "acq_time": "1058",
        "satellite": "N21",
        "brightness": null,
        "NAME_1": "",
        "locality": ""
      }
    },
    {
      "type": "Feature",
      "geometry": {
        "type": "Polygon",
        "coordinates": [
          [
            [
              22.96588,
              44.19411
            ],
            [
              22.96588,
              44.20911
            ],
            [
              22.950879999999998,
              44.20911
            ],
            [
              22.950879999999998,
              44.19411
            ],
            [
              22.96588,
              44.19411
            ]
          ]
        ]
      },
      "properties": {
        "frp": 15.0,
        "acq_date": "2026-09-27",
        "acq_time": "1058",
        "satellite": "N21",
        "brightness": null,
        "NAME_1": "",
        "locality": ""
      }
    },
    {
      "type": "Feature",
      "geometry": {
        "type": "Polygon",
        "coordinates": [
          [
            [
              22.73151,
              44.338119999999996
            ],
            [
              22.73151,
              44.35312
            ],
            [
              22.71651,
              44.35312
            ],
            [
              22.71651,
              44.338119999999996
            ],
            [
              22.73151,
              44.338119999999996
            ]
          ]
        ]
      },
      "properties": {
        "frp": 5.87,
        "acq_date": "2026-09-27",
        "acq_time": "1058",
        "satellite": "N21",
        "brightness": null,
        "NAME_1": "",
        "locality": ""
      }
    },
    {
      "type": "Feature",
      "geometry": {
        "type": "Polygon",
        "coordinates": [
          [
            [
              22.7301,
              44.34174
            ],
            [
              22.7301,
              44.35674
            ],
            [
              22.7151,
              44.35674
            ],
            [
              22.7151,
              44.34174
            ],
            [
              22.7301,
              44.34174
            ]
          ]
        ]
      },
      "properties": {
        "frp": 5.87,
        "acq_date": "2026-09-27",
        "acq_time": "1058",
        "satellite": "N21",
        "brightness": null,
        "NAME_1": "",
        "locality": ""
      }
    },
    {
      "type": "Feature",
      "geometry": {
        "type": "Polygon",
        "coordinates": [
          [
            [
              22.695520000000002,
              44.34642
            ],
            [
              22.695520000000002,
              44.36142
            ],
            [
              22.68052,
              44.36142
            ],
            [
              22.68052,
              44.34642
            ],
            [
              22.695520000000002,
              44.34642
            ]
          ]
        ]
      },
      "properties": {
        "frp": 7.52,
        "acq_date": "2026-09-27",
        "acq_time": "1058",
        "satellite": "N21",
        "brightness": null,
        "NAME_1": "",
        "locality": ""
      }
    },
    {
      "type": "Feature",
      "geometry": {
        "type": "Polygon",
        "coordinates": [
          [
            [
              25.48282,
              44.49881
            ],
            [
              25.48282,
              44.51381
            ],
            [
              25.46782,
              44.51381
            ],
            [
              25.46782,
              44.49881
            ],
            [
              25.48282,
              44.49881
            ]
          ]
        ]
      },
      "properties": {
        "frp": 2.37,
        "acq_date": "2026-09-27",
        "acq_time": "1058",
        "satellite": "N21",
        "brightness": null,
        "NAME_1": "",
        "locality": ""
      }
    },
    {
      "type": "Feature",
      "geometry": {
        "type": "Polygon",
        "coordinates": [
          [
            [
              25.49175,
              44.50394
            ],
            [
              25.49175,
              44.51894
            ],
            [
              25.47675,
              44.51894
            ],
            [
              25.47675,
              44.50394
            ],
            [
              25.49175,
              44.50394
            ]
          ]
        ]
      },
      "properties": {
        "frp": 12.53,
        "acq_date": "2026-09-27",
        "acq_time": "1058",
        "satellite": "N21",
        "brightness": null,
        "NAME_1": "",
        "locality": ""
      }
    },
    {
      "type": "Feature",
      "geometry": {
        "type": "Polygon",
        "coordinates": [
          [
            [
              26.56969,
              44.54251
            ],
            [
              26.56969,
              44.55751
            ],
            [
              26.55469,
              44.55751
            ],
            [
              26.55469,
              44.54251
            ],
            [
              26.56969,
              44.54251
            ]
          ]
        ]
      },
      "properties": {
        "frp": 8.13,
        "acq_date": "2026-09-27",
        "acq_time": "1058",
        "satellite": "N21",
        "brightness": null,
        "NAME_1": "",
        "locality": ""
      }
    },
    {
      "type": "Feature",
      "geometry": {
        "type": "Polygon",
        "coordinates": [
          [
            [
              26.56862,
              44.5458
            ],
            [
              26.56862,
              44.5608
            ],
            [
              26.55362,
              44.5608
            ],
            [
              26.55362,
              44.5458
            ],
            [
              26.56862,
              44.5458
            ]
          ]
        ]
      },
      "properties": {
        "frp": 6.38,
        "acq_date": "2026-09-27",
        "acq_time": "1058",
        "satellite": "N21",
        "brightness": null,
        "NAME_1": "",
        "locality": ""
      }
    },
    {
      "type": "Feature",
      "geometry": {
        "type": "Polygon",
        "coordinates": [
          [
            [
              22.8187,
              44.85974
            ],
            [
              22.8187,
              44.87474
            ],
            [
              22.8037,
              44.87474
            ],
            [
              22.8037,
              44.85974
            ],
            [
              22.8187,
              44.85974
            ]
          ]
        ]
      },
      "properties": {
        "frp": 4.39,
        "acq_date": "2026-09-27",
        "acq_time": "1058",
        "satellite": "N21",
        "brightness": null,
        "NAME_1": "",
        "locality": ""
      }
    },
    {
      "type": "Feature",
      "geometry": {
        "type": "Polygon",
        "coordinates": [
          [
            [
              31.683130000000002,
              45.25064
            ],
            [
              31.683130000000002,
              45.26564
            ],
            [
              31.66813,
              45.26564
            ],
            [
              31.66813,
              45.25064
            ],
            [
              31.683130000000002,
              45.25064
            ]
          ]
        ]
      },
      "properties": {
        "frp": 5.37,
        "acq_date": "2026-09-27",
        "acq_time": "1058",
        "satellite": "N21",
        "brightness": null,
        "NAME_1": "",
        "locality": ""
      }
    },
    {
      "type": "Feature",
      "geometry": {
        "type": "Polygon",
        "coordinates": [
          [
            [
              28.04575,
              45.32541
            ],
            [
              28.04575,
              45.34041
            ],
            [
              28.03075,
              45.34041
            ],
            [
              28.03075,
              45.32541
            ],
            [
              28.04575,
              45.32541
            ]
          ]
        ]
      },
      "properties": {
        "frp": 52.3,
        "acq_date": "2026-09-27",
        "acq_time": "1058",
        "satellite": "N21",
        "brightness": null,
        "NAME_1": "",
        "locality": ""
      }
    },
    {
      "type": "Feature",
      "geometry": {
        "type": "Polygon",
        "coordinates": [
          [
            [
              29.57515,
              45.45013
            ],
            [
              29.57515,
              45.46513
            ],
            [
              29.56015,
              45.46513
            ],
            [
              29.56015,
              45.45013
            ],
            [
              29.57515,
              45.45013
            ]
          ]
        ]
      },
      "properties": {
        "frp": 3.04,
        "acq_date": "2026-09-27",
        "acq_time": "1058",
        "satellite": "N21",
        "brightness": null,
        "NAME_1": "Odessa",
        "locality": "Kiliis'kyi"
      }
    },
    {
      "type": "Feature",
      "geometry": {
        "type": "Polygon",
        "coordinates": [
          [
            [
              29.57927,
              45.45415
            ],
            [
              29.57927,
              45.46915
            ],
            [
              29.56427,
              45.46915
            ],
            [
              29.56427,
              45.45415
            ],
            [
              29.57927,
              45.45415
            ]
          ]
        ]
      },
      "properties": {
        "frp": 83.11,
        "acq_date": "2026-09-27",
        "acq_time": "1058",
        "satellite": "N21",
        "brightness": null,
        "NAME_1": "Odessa",
        "locality": "Kiliis'kyi"
      }
    },
    {
      "type": "Feature",
      "geometry": {
        "type": "Polygon",
        "coordinates": [
          [
            [
              29.58431,
              45.45485
            ],
            [
              29.58431,
              45.46985
            ],
            [
              29.569309999999998,
              45.46985
            ],
            [
              29.569309999999998,
              45.45485
            ],
            [
              29.58431,
              45.45485
            ]
          ]
        ]
      },
      "properties": {
        "frp": 83.11,
        "acq_date": "2026-09-27",
        "acq_time": "1058",
        "satellite": "N21",
        "brightness": null,
        "NAME_1": "Odessa",
        "locality": "Kiliis'kyi"
      }
    },
    {
      "type": "Feature",
      "geometry": {
        "type": "Polygon",
        "coordinates": [
          [
            [
              29.58935,
              45.45554
            ],
            [
              29.58935,
              45.47054
            ],
            [
              29.57435,
              45.47054
            ],
            [
              29.57435,
              45.45554
            ],
            [
              29.58935,
              45.45554
            ]
          ]
        ]
      },
      "properties": {
        "frp": 14.45,
        "acq_date": "2026-09-27",
        "acq_time": "1058",
        "satellite": "N21",
        "brightness": null,
        "NAME_1": "Odessa",
        "locality": "Kiliis'kyi"
      }
    },
    {
      "type": "Feature",
      "geometry": {
        "type": "Polygon",
        "coordinates": [
          [
            [
              29.57835,
              45.45748
            ],
            [
              29.57835,
              45.47248
            ],
            [
              29.56335,
              45.47248
            ],
            [
              29.56335,
              45.45748
            ],
            [
              29.57835,
              45.45748
            ]
          ]
        ]
      },
      "properties": {
        "frp": 83.11,
        "acq_date": "2026-09-27",
        "acq_time": "1058",
        "satellite": "N21",
        "brightness": null,
        "NAME_1": "Odessa",
        "locality": "Kiliis'kyi"
      }
    },
    {
      "type": "Feature",
      "geometry": {
        "type": "Polygon",
        "coordinates": [
          [
            [
              29.58339,
              45.45817
            ],
            [
              29.58339,
              45.47317
            ],
            [
              29.56839,
              45.47317
            ],
            [
              29.56839,
              45.45817
            ],
            [
              29.58339,
              45.45817
            ]
          ]
        ]
      },
      "properties": {
        "frp": 83.11,
        "acq_date": "2026-09-27",
        "acq_time": "1058",
        "satellite": "N21",
        "brightness": null,
        "NAME_1": "Odessa",
        "locality": "Kiliis'kyi"
      }
    },
    {
      "type": "Feature",
      "geometry": {
        "type": "Polygon",
        "coordinates": [
          [
            [
              29.58843,
              45.45887
            ],
            [
              29.58843,
              45.47387
            ],
            [
              29.57343,
              45.47387
            ],
            [
              29.57343,
              45.45887
            ],
            [
              29.58843,
              45.45887
            ]
          ]
        ]
      },
      "properties": {
        "frp": 14.45,
        "acq_date": "2026-09-27",
        "acq_time": "1058",
        "satellite": "N21",
        "brightness": null,
        "NAME_1": "Odessa",
        "locality": "Kiliis'kyi"
      }
    },
    {
      "type": "Feature",
      "geometry": {
        "type": "Polygon",
        "coordinates": [
          [
            [
              29.59348,
              45.459559999999996
            ],
            [
              29.59348,
              45.47456
            ],
            [
              29.57848,
              45.47456
            ],
            [
              29.57848,
              45.459559999999996
            ],
            [
              29.59348,
              45.459559999999996
            ]
          ]
        ]
      },
      "properties": {
        "frp": 14.45,
        "acq_date": "2026-09-27",
        "acq_time": "1058",
        "satellite": "N21",
        "brightness": null,
        "NAME_1": "Odessa",
        "locality": "Kiliis'kyi"
      }
    },
    {
      "type": "Feature",
      "geometry": {
        "type": "Polygon",
        "coordinates": [
          [
            [
              29.02136,
              45.51883
            ],
            [
              29.02136,
              45.53383
            ],
            [
              29.00636,
              45.53383
            ],
            [
              29.00636,
              45.51883
            ],
            [
              29.02136,
              45.51883
            ]
          ]
        ]
      },
      "properties": {
        "frp": 6.32,
        "acq_date": "2026-09-27",
        "acq_time": "1058",
        "satellite": "N21",
        "brightness": null,
        "NAME_1": "Odessa",
        "locality": "Izma\u2039l's'ka"
      }
    },
    {
      "type": "Feature",
      "geometry": {
        "type": "Polygon",
        "coordinates": [
          [
            [
              29.02042,
              45.52213
            ],
            [
              29.02042,
              45.53713
            ],
            [
              29.00542,
              45.53713
            ],
            [
              29.00542,
              45.52213
            ],
            [
              29.02042,
              45.52213
            ]
          ]
        ]
      },
      "properties": {
        "frp": 6.32,
        "acq_date": "2026-09-27",
        "acq_time": "1058",
        "satellite": "N21",
        "brightness": null,
        "NAME_1": "Odessa",
        "locality": "Izma\u2039l's'ka"
      }
    },
    {
      "type": "Feature",
      "geometry": {
        "type": "Polygon",
        "coordinates": [
          [
            [
              29.03033,
              45.52352
            ],
            [
              29.03033,
              45.53852
            ],
            [
              29.01533,
              45.53852
            ],
            [
              29.01533,
              45.52352
            ],
            [
              29.03033,
              45.52352
            ]
          ]
        ]
      },
      "properties": {
        "frp": 4.73,
        "acq_date": "2026-09-27",
        "acq_time": "1058",
        "satellite": "N21",
        "brightness": null,
        "NAME_1": "Odessa",
        "locality": "Izma\u2039l's'ka"
      }
    },
    {
      "type": "Feature",
      "geometry": {
        "type": "Polygon",
        "coordinates": [
          [
            [
              28.9436,
              45.59986
            ],
            [
              28.9436,
              45.61486
            ],
            [
              28.9286,
              45.61486
            ],
            [
              28.9286,
              45.59986
            ],
            [
              28.9436,
              45.59986
            ]
          ]
        ]
      },
      "properties": {
        "frp": 2.29,
        "acq_date": "2026-09-27",
        "acq_time": "1058",
        "satellite": "N21",
        "brightness": null,
        "NAME_1": "Odessa",
        "locality": "Izma\u2039l's'ka"
      }
    },
    {
      "type": "Feature",
      "geometry": {
        "type": "Polygon",
        "coordinates": [
          [
            [
              29.544340000000002,
              45.63955
            ],
            [
              29.544340000000002,
              45.65455
            ],
            [
              29.52934,
              45.65455
            ],
            [
              29.52934,
              45.63955
            ],
            [
              29.544340000000002,
              45.63955
            ]
          ]
        ]
      },
      "properties": {
        "frp": 2.19,
        "acq_date": "2026-09-27",
        "acq_time": "1058",
        "satellite": "N21",
        "brightness": null,
        "NAME_1": "Odessa",
        "locality": "Tatarbunars'kyi"
      }
    },
    {
      "type": "Feature",
      "geometry": {
        "type": "Polygon",
        "coordinates": [
          [
            [
              25.601210000000002,
              45.72879
            ],
            [
              25.601210000000002,
              45.74379
            ],
            [
              25.58621,
              45.74379
            ],
            [
              25.58621,
              45.72879
            ],
            [
              25.601210000000002,
              45.72879
            ]
          ]
        ]
      },
      "properties": {
        "frp": 20.55,
        "acq_date": "2026-09-27",
        "acq_time": "1058",
        "satellite": "N21",
        "brightness": null,
        "NAME_1": "",
        "locality": ""
      }
    },
    {
      "type": "Feature",
      "geometry": {
        "type": "Polygon",
        "coordinates": [
          [
            [
              25.59767,
              45.73029
            ],
            [
              25.59767,
              45.74529
            ],
            [
              25.58267,
              45.74529
            ],
            [
              25.58267,
              45.73029
            ],
            [
              25.59767,
              45.73029
            ]
          ]
        ]
      },
      "properties": {
        "frp": 4.98,
        "acq_date": "2026-09-27",
        "acq_time": "1058",
        "satellite": "N21",
        "brightness": null,
        "NAME_1": "",
        "locality": ""
      }
    },
    {
      "type": "Feature",
      "geometry": {
        "type": "Polygon",
        "coordinates": [
          [
            [
              25.60268,
              45.73115
            ],
            [
              25.60268,
              45.74615
            ],
            [
              25.58768,
              45.74615
            ],
            [
              25.58768,
              45.73115
            ],
            [
              25.60268,
              45.73115
            ]
          ]
        ]
      },
      "properties": {
        "frp": 8.6,
        "acq_date": "2026-09-27",
        "acq_time": "1058",
        "satellite": "N21",
        "brightness": null,
        "NAME_1": "",
        "locality": ""
      }
    },
    {
      "type": "Feature",
      "geometry": {
        "type": "Polygon",
        "coordinates": [
          [
            [
              25.6077,
              45.73202
            ],
            [
              25.6077,
              45.74702
            ],
            [
              25.5927,
              45.74702
            ],
            [
              25.5927,
              45.73202
            ],
            [
              25.6077,
              45.73202
            ]
          ]
        ]
      },
      "properties": {
        "frp": 8.6,
        "acq_date": "2026-09-27",
        "acq_time": "1058",
        "satellite": "N21",
        "brightness": null,
        "NAME_1": "",
        "locality": ""
      }
    },
    {
      "type": "Feature",
      "geometry": {
        "type": "Polygon",
        "coordinates": [
          [
            [
              32.42537,
              46.1844
            ],
            [
              32.42537,
              46.1994
            ],
            [
              32.41037,
              46.1994
            ],
            [
              32.41037,
              46.1844
            ],
            [
              32.42537,
              46.1844
            ]
          ]
        ]
      },
      "properties": {
        "frp": 9.14,
        "acq_date": "2026-09-27",
        "acq_time": "1058",
        "satellite": "N21",
        "brightness": null,
        "NAME_1": "Kherson",
        "locality": "Holoprystans'kyi"
      }
    },
    {
      "type": "Feature",
      "geometry": {
        "type": "Polygon",
        "coordinates": [
          [
            [
              32.43158,
              46.18508
            ],
            [
              32.43158,
              46.20008
            ],
            [
              32.416579999999996,
              46.20008
            ],
            [
              32.416579999999996,
              46.18508
            ],
            [
              32.43158,
              46.18508
            ]
          ]
        ]
      },
      "properties": {
        "frp": 17.36,
        "acq_date": "2026-09-27",
        "acq_time": "1058",
        "satellite": "N21",
        "brightness": null,
        "NAME_1": "Kherson",
        "locality": "Holoprystans'kyi"
      }
    },
    {
      "type": "Feature",
      "geometry": {
        "type": "Polygon",
        "coordinates": [
          [
            [
              32.43074,
              46.18874
            ],
            [
              32.43074,
              46.20374
            ],
            [
              32.41574,
              46.20374
            ],
            [
              32.41574,
              46.18874
            ],
            [
              32.43074,
              46.18874
            ]
          ]
        ]
      },
      "properties": {
        "frp": 28.23,
        "acq_date": "2026-09-27",
        "acq_time": "1058",
        "satellite": "N21",
        "brightness": null,
        "NAME_1": "Kherson",
        "locality": "Holoprystans'kyi"
      }
    },
    {
      "type": "Feature",
      "geometry": {
        "type": "Polygon",
        "coordinates": [
          [
            [
              32.4741,
              46.30129
            ],
            [
              32.4741,
              46.31629
            ],
            [
              32.4591,
              46.31629
            ],
            [
              32.4591,
              46.30129
            ],
            [
              32.4741,
              46.30129
            ]
          ]
        ]
      },
      "properties": {
        "frp": 5.37,
        "acq_date": "2026-09-27",
        "acq_time": "1058",
        "satellite": "N21",
        "brightness": null,
        "NAME_1": "Kherson",
        "locality": "Holoprystans'kyi"
      }
    },
    {
      "type": "Feature",
      "geometry": {
        "type": "Polygon",
        "coordinates": [
          [
            [
              31.22467,
              46.62851
            ],
            [
              31.22467,
              46.64351
            ],
            [
              31.20967,
              46.64351
            ],
            [
              31.20967,
              46.62851
            ],
            [
              31.22467,
              46.62851
            ]
          ]
        ]
      },
      "properties": {
        "frp": 8.37,
        "acq_date": "2026-09-27",
        "acq_time": "1058",
        "satellite": "N21",
        "brightness": null,
        "NAME_1": "Mykolayiv",
        "locality": "Berezans'kyi"
      }
    },
    {
      "type": "Feature",
      "geometry": {
        "type": "Polygon",
        "coordinates": [
          [
            [
              33.050670000000004,
              46.77305
            ],
            [
              33.050670000000004,
              46.78805
            ],
            [
              33.03567,
              46.78805
            ],
            [
              33.03567,
              46.77305
            ],
            [
              33.050670000000004,
              46.77305
            ]
          ]
        ]
      },
      "properties": {
        "frp": 45.39,
        "acq_date": "2026-09-27",
        "acq_time": "1058",
        "satellite": "N21",
        "brightness": null,
        "NAME_1": "Kherson",
        "locality": "Bilozers'kyi"
      }
    },
    {
      "type": "Feature",
      "geometry": {
        "type": "Polygon",
        "coordinates": [
          [
            [
              32.92879,
              46.89137
            ],
            [
              32.92879,
              46.90637
            ],
            [
              32.91379,
              46.90637
            ],
            [
              32.91379,
              46.89137
            ],
            [
              32.92879,
              46.89137
            ]
          ]
        ]
      },
      "properties": {
        "frp": 4.0,
        "acq_date": "2026-09-27",
        "acq_time": "1058",
        "satellite": "N21",
        "brightness": null,
        "NAME_1": "Mykolayiv",
        "locality": "Snihurivs'kyi"
      }
    },
    {
      "type": "Feature",
      "geometry": {
        "type": "Polygon",
        "coordinates": [
          [
            [
              32.93549,
              46.89206
            ],
            [
              32.93549,
              46.90706
            ],
            [
              32.92049,
              46.90706
            ],
            [
              32.92049,
              46.89206
            ],
            [
              32.93549,
              46.89206
            ]
          ]
        ]
      },
      "properties": {
        "frp": 4.0,
        "acq_date": "2026-09-27",
        "acq_time": "1058",
        "satellite": "N21",
        "brightness": null,
        "NAME_1": "Mykolayiv",
        "locality": "Snihurivs'kyi"
      }
    },
    {
      "type": "Feature",
      "geometry": {
        "type": "Polygon",
        "coordinates": [
          [
            [
              40.4612,
              47.18162
            ],
            [
              40.4612,
              47.19662
            ],
            [
              40.4462,
              47.19662
            ],
            [
              40.4462,
              47.18162
            ],
            [
              40.4612,
              47.18162
            ]
          ]
        ]
      },
      "properties": {
        "frp": 3.22,
        "acq_date": "2026-09-27",
        "acq_time": "1058",
        "satellite": "N21",
        "brightness": null,
        "NAME_1": "Rostov",
        "locality": "Bagaevskiy rayon"
      }
    },
    {
      "type": "Feature",
      "geometry": {
        "type": "Polygon",
        "coordinates": [
          [
            [
              37.593090000000004,
              47.31937
            ],
            [
              37.593090000000004,
              47.33437
            ],
            [
              37.57809,
              47.33437
            ],
            [
              37.57809,
              47.31937
            ],
            [
              37.593090000000004,
              47.31937
            ]
          ]
        ]
      },
      "properties": {
        "frp": 12.13,
        "acq_date": "2026-09-27",
        "acq_time": "1058",
        "satellite": "N21",
        "brightness": null,
        "NAME_1": "Donets'k",
        "locality": "Volodars'kyi"
      }
    },
    {
      "type": "Feature",
      "geometry": {
        "type": "Polygon",
        "coordinates": [
          [
            [
              37.60035,
              47.31979
            ],
            [
              37.60035,
              47.33479
            ],
            [
              37.58535,
              47.33479
            ],
            [
              37.58535,
              47.31979
            ],
            [
              37.60035,
              47.31979
            ]
          ]
        ]
      },
      "properties": {
        "frp": 12.13,
        "acq_date": "2026-09-27",
        "acq_time": "1058",
        "satellite": "N21",
        "brightness": null,
        "NAME_1": "Donets'k",
        "locality": "Volodars'kyi"
      }
    },
    {
      "type": "Feature",
      "geometry": {
        "type": "Polygon",
        "coordinates": [
          [
            [
              37.59311,
              47.3227
            ],
            [
              37.59311,
              47.3377
            ],
            [
              37.57811,
              47.3377
            ],
            [
              37.57811,
              47.3227
            ],
            [
              37.59311,
              47.3227
            ]
          ]
        ]
      },
      "properties": {
        "frp": 27.93,
        "acq_date": "2026-09-27",
        "acq_time": "1058",
        "satellite": "N21",
        "brightness": null,
        "NAME_1": "Donets'k",
        "locality": "Volodars'kyi"
      }
    },
    {
      "type": "Feature",
      "geometry": {
        "type": "Polygon",
        "coordinates": [
          [
            [
              37.60034,
              47.32315
            ],
            [
              37.60034,
              47.33815
            ],
            [
              37.58534,
              47.33815
            ],
            [
              37.58534,
              47.32315
            ],
            [
              37.60034,
              47.32315
            ]
          ]
        ]
      },
      "properties": {
        "frp": 11.42,
        "acq_date": "2026-09-27",
        "acq_time": "1058",
        "satellite": "N21",
        "brightness": null,
        "NAME_1": "Donets'k",
        "locality": "Volodars'kyi"
      }
    },
    {
      "type": "Feature",
      "geometry": {
        "type": "Polygon",
        "coordinates": [
          [
            [
              37.5925,
              47.32409
            ],
            [
              37.5925,
              47.33909
            ],
            [
              37.5775,
              47.33909
            ],
            [
              37.5775,
              47.32409
            ],
            [
              37.5925,
              47.32409
            ]
          ]
        ]
      },
      "properties": {
        "frp": 10.19,
        "acq_date": "2026-09-27",
        "acq_time": "1058",
        "satellite": "N21",
        "brightness": null,
        "NAME_1": "Donets'k",
        "locality": "Volodars'kyi"
      }
    },
    {
      "type": "Feature",
      "geometry": {
        "type": "Polygon",
        "coordinates": [
          [
            [
              24.69055,
              46.74705
            ],
            [
              24.69055,
              46.76205
            ],
            [
              24.67555,
              46.76205
            ],
            [
              24.67555,
              46.74705
            ],
            [
              24.69055,
              46.74705
            ]
          ]
        ]
      },
      "properties": {
        "frp": 8.57,
        "acq_date": "2026-09-27",
        "acq_time": "1100",
        "satellite": "N21",
        "brightness": null,
        "NAME_1": "",
        "locality": ""
      }
    },
    {
      "type": "Feature",
      "geometry": {
        "type": "Polygon",
        "coordinates": [
          [
            [
              22.81335,
              47.18903
            ],
            [
              22.81335,
              47.20403
            ],
            [
              22.79835,
              47.20403
            ],
            [
              22.79835,
              47.18903
            ],
            [
              22.81335,
              47.18903
            ]
          ]
        ]
      },
      "properties": {
        "frp": 5.9,
        "acq_date": "2026-09-27",
        "acq_time": "1100",
        "satellite": "N21",
        "brightness": null,
        "NAME_1": "",
        "locality": ""
      }
    },
    {
      "type": "Feature",
      "geometry": {
        "type": "Polygon",
        "coordinates": [
          [
            [
              28.97795,
              49.18841
            ],
            [
              28.97795,
              49.20341
            ],
            [
              28.96295,
              49.20341
            ],
            [
              28.96295,
              49.18841
            ],
            [
              28.97795,
              49.18841
            ]
          ]
        ]
      },
      "properties": {
        "frp": 1.89,
        "acq_date": "2026-09-27",
        "acq_time": "1100",
        "satellite": "N21",
        "brightness": null,
        "NAME_1": "Vinnytsya",
        "locality": "Lypovets'kyi"
      }
    },
    {
      "type": "Feature",
      "geometry": {
        "type": "Polygon",
        "coordinates": [
          [
            [
              29.64833,
              50.50017
            ],
            [
              29.64833,
              50.51517
            ],
            [
              29.63333,
              50.51517
            ],
            [
              29.63333,
              50.50017
            ],
            [
              29.64833,
              50.50017
            ]
          ]
        ]
      },
      "properties": {
        "frp": 6.43,
        "acq_date": "2026-09-27",
        "acq_time": "1100",
        "satellite": "N21",
        "brightness": null,
        "NAME_1": "Kiev",
        "locality": "Makarivs'kyi"
      }
    },
    {
      "type": "Feature",
      "geometry": {
        "type": "Polygon",
        "coordinates": [
          [
            [
              23.73643,
              50.66042
            ],
            [
              23.73643,
              50.67542
            ],
            [
              23.721429999999998,
              50.67542
            ],
            [
              23.721429999999998,
              50.66042
            ],
            [
              23.73643,
              50.66042
            ]
          ]
        ]
      },
      "properties": {
        "frp": 2.37,
        "acq_date": "2026-09-27",
        "acq_time": "1100",
        "satellite": "N21",
        "brightness": null,
        "NAME_1": "",
        "locality": ""
      }
    },
    {
      "type": "Feature",
      "geometry": {
        "type": "Polygon",
        "coordinates": [
          [
            [
              23.01453,
              50.70265
            ],
            [
              23.01453,
              50.71765
            ],
            [
              22.99953,
              50.71765
            ],
            [
              22.99953,
              50.70265
            ],
            [
              23.01453,
              50.70265
            ]
          ]
        ]
      },
      "properties": {
        "frp": 4.63,
        "acq_date": "2026-09-27",
        "acq_time": "1100",
        "satellite": "N21",
        "brightness": null,
        "NAME_1": "",
        "locality": ""
      }
    },
    {
      "type": "Feature",
      "geometry": {
        "type": "Polygon",
        "coordinates": [
          [
            [
              23.22503,
              50.71127
            ],
            [
              23.22503,
              50.72627
            ],
            [
              23.21003,
              50.72627
            ],
            [
              23.21003,
              50.71127
            ],
            [
              23.22503,
              50.71127
            ]
          ]
        ]
      },
      "properties": {
        "frp": 18.72,
        "acq_date": "2026-09-27",
        "acq_time": "1100",
        "satellite": "N21",
        "brightness": null,
        "NAME_1": "",
        "locality": ""
      }
    },
    {
      "type": "Feature",
      "geometry": {
        "type": "Polygon",
        "coordinates": [
          [
            [
              23.22361,
              50.71455
            ],
            [
              23.22361,
              50.72955
            ],
            [
              23.20861,
              50.72955
            ],
            [
              23.20861,
              50.71455
            ],
            [
              23.22361,
              50.71455
            ]
          ]
        ]
      },
      "properties": {
        "frp": 9.41,
        "acq_date": "2026-09-27",
        "acq_time": "1100",
        "satellite": "N21",
        "brightness": null,
        "NAME_1": "",
        "locality": ""
      }
    },
    {
      "type": "Feature",
      "geometry": {
        "type": "Polygon",
        "coordinates": [
          [
            [
              22.3627,
              50.72971
            ],
            [
              22.3627,
              50.74471
            ],
            [
              22.3477,
              50.74471
            ],
            [
              22.3477,
              50.72971
            ],
            [
              22.3627,
              50.72971
            ]
          ]
        ]
      },
      "properties": {
        "frp": 3.6,
        "acq_date": "2026-09-27",
        "acq_time": "1100",
        "satellite": "N21",
        "brightness": null,
        "NAME_1": "",
        "locality": ""
      }
    },
    {
      "type": "Feature",
      "geometry": {
        "type": "Polygon",
        "coordinates": [
          [
            [
              23.41094,
              51.100789999999996
            ],
            [
              23.41094,
              51.11579
            ],
            [
              23.39594,
              51.11579
            ],
            [
              23.39594,
              51.100789999999996
            ],
            [
              23.41094,
              51.100789999999996
            ]
          ]
        ]
      },
      "properties": {
        "frp": 6.57,
        "acq_date": "2026-09-27",
        "acq_time": "1100",
        "satellite": "N21",
        "brightness": null,
        "NAME_1": "",
        "locality": ""
      }
    },
    {
      "type": "Feature",
      "geometry": {
        "type": "Polygon",
        "coordinates": [
          [
            [
              23.40952,
              51.10405
            ],
            [
              23.40952,
              51.11905
            ],
            [
              23.39452,
              51.11905
            ],
            [
              23.39452,
              51.10405
            ],
            [
              23.40952,
              51.10405
            ]
          ]
        ]
      },
      "properties": {
        "frp": 6.57,
        "acq_date": "2026-09-27",
        "acq_time": "1100",
        "satellite": "N21",
        "brightness": null,
        "NAME_1": "",
        "locality": ""
      }
    },
    {
      "type": "Feature",
      "geometry": {
        "type": "Polygon",
        "coordinates": [
          [
            [
              23.41192,
              51.10689
            ],
            [
              23.41192,
              51.12189
            ],
            [
              23.396919999999998,
              51.12189
            ],
            [
              23.396919999999998,
              51.10689
            ],
            [
              23.41192,
              51.10689
            ]
          ]
        ]
      },
      "properties": {
        "frp": 6.43,
        "acq_date": "2026-09-27",
        "acq_time": "1100",
        "satellite": "N21",
        "brightness": null,
        "NAME_1": "",
        "locality": ""
      }
    },
    {
      "type": "Feature",
      "geometry": {
        "type": "Polygon",
        "coordinates": [
          [
            [
              23.5324,
              51.14155
            ],
            [
              23.5324,
              51.15655
            ],
            [
              23.5174,
              51.15655
            ],
            [
              23.5174,
              51.14155
            ],
            [
              23.5324,
              51.14155
            ]
          ]
        ]
      },
      "properties": {
        "frp": 6.21,
        "acq_date": "2026-09-27",
        "acq_time": "1100",
        "satellite": "N21",
        "brightness": null,
        "NAME_1": "",
        "locality": ""
      }
    },
    {
      "type": "Feature",
      "geometry": {
        "type": "Polygon",
        "coordinates": [
          [
            [
              23.00088,
              51.31744
            ],
            [
              23.00088,
              51.33244
            ],
            [
              22.985879999999998,
              51.33244
            ],
            [
              22.985879999999998,
              51.31744
            ],
            [
              23.00088,
              51.31744
            ]
          ]
        ]
      },
      "properties": {
        "frp": 2.6,
        "acq_date": "2026-09-27",
        "acq_time": "1100",
        "satellite": "N21",
        "brightness": null,
        "NAME_1": "",
        "locality": ""
      }
    },
    {
      "type": "Feature",
      "geometry": {
        "type": "Polygon",
        "coordinates": [
          [
            [
              22.68169,
              51.55959
            ],
            [
              22.68169,
              51.57459
            ],
            [
              22.66669,
              51.57459
            ],
            [
              22.66669,
              51.55959
            ],
            [
              22.68169,
              51.55959
            ]
          ]
        ]
      },
      "properties": {
        "frp": 3.49,
        "acq_date": "2026-09-27",
        "acq_time": "1100",
        "satellite": "N21",
        "brightness": null,
        "NAME_1": "",
        "locality": ""
      }
    },
    {
      "type": "Feature",
      "geometry": {
        "type": "Polygon",
        "coordinates": [
          [
            [
              22.5792,
              51.71302
            ],
            [
              22.5792,
              51.72802
            ],
            [
              22.5642,
              51.72802
            ],
            [
              22.5642,
              51.71302
            ],
            [
              22.5792,
              51.71302
            ]
          ]
        ]
      },
      "properties": {
        "frp": 21.05,
        "acq_date": "2026-09-27",
        "acq_time": "1100",
        "satellite": "N21",
        "brightness": null,
        "NAME_1": "",
        "locality": ""
      }
    },
    {
      "type": "Feature",
      "geometry": {
        "type": "Polygon",
        "coordinates": [
          [
            [
              22.59047,
              51.71501
            ],
            [
              22.59047,
              51.73001
            ],
            [
              22.57547,
              51.73001
            ],
            [
              22.57547,
              51.71501
            ],
            [
              22.59047,
              51.71501
            ]
          ]
        ]
      },
      "properties": {
        "frp": 13.72,
        "acq_date": "2026-09-27",
        "acq_time": "1100",
        "satellite": "N21",
        "brightness": null,
        "NAME_1": "",
        "locality": ""
      }
    },
    {
      "type": "Feature",
      "geometry": {
        "type": "Polygon",
        "coordinates": [
          [
            [
              22.58335,
              51.71729
            ],
            [
              22.58335,
              51.73229
            ],
            [
              22.56835,
              51.73229
            ],
            [
              22.56835,
              51.71729
            ],
            [
              22.58335,
              51.71729
            ]
          ]
        ]
      },
      "properties": {
        "frp": 13.72,
        "acq_date": "2026-09-27",
        "acq_time": "1100",
        "satellite": "N21",
        "brightness": null,
        "NAME_1": "",
        "locality": ""
      }
    },
    {
      "type": "Feature",
      "geometry": {
        "type": "Polygon",
        "coordinates": [
          [
            [
              22.57886,
              51.83124
            ],
            [
              22.57886,
              51.84624
            ],
            [
              22.56386,
              51.84624
            ],
            [
              22.56386,
              51.83124
            ],
            [
              22.57886,
              51.83124
            ]
          ]
        ]
      },
      "properties": {
        "frp": 4.79,
        "acq_date": "2026-09-27",
        "acq_time": "1100",
        "satellite": "N21",
        "brightness": null,
        "NAME_1": "",
        "locality": ""
      }
    },
    {
      "type": "Feature",
      "geometry": {
        "type": "Polygon",
        "coordinates": [
          [
            [
              22.70572,
              51.961149999999996
            ],
            [
              22.70572,
              51.97615
            ],
            [
              22.69072,
              51.97615
            ],
            [
              22.69072,
              51.961149999999996
            ],
            [
              22.70572,
              51.961149999999996
            ]
          ]
        ]
      },
      "properties": {
        "frp": 3.3,
        "acq_date": "2026-09-27",
        "acq_time": "1100",
        "satellite": "N21",
        "brightness": null,
        "NAME_1": "",
        "locality": ""
      }
    },
    {
      "type": "Feature",
      "geometry": {
        "type": "Polygon",
        "coordinates": [
          [
            [
              23.02176,
              52.06004
            ],
            [
              23.02176,
              52.07504
            ],
            [
              23.00676,
              52.07504
            ],
            [
              23.00676,
              52.06004
            ],
            [
              23.02176,
              52.06004
            ]
          ]
        ]
      },
      "properties": {
        "frp": 5.92,
        "acq_date": "2026-09-27",
        "acq_time": "1100",
        "satellite": "N21",
        "brightness": null,
        "NAME_1": "",
        "locality": ""
      }
    },
    {
      "type": "Feature",
      "geometry": {
        "type": "Polygon",
        "coordinates": [
          [
            [
              22.18561,
              52.132509999999996
            ],
            [
              22.18561,
              52.14751
            ],
            [
              22.17061,
              52.14751
            ],
            [
              22.17061,
              52.132509999999996
            ],
            [
              22.18561,
              52.132509999999996
            ]
          ]
        ]
      },
      "properties": {
        "frp": 3.41,
        "acq_date": "2026-09-27",
        "acq_time": "1100",
        "satellite": "N21",
        "brightness": null,
        "NAME_1": "",
        "locality": ""
      }
    },
    {
      "type": "Feature",
      "geometry": {
        "type": "Polygon",
        "coordinates": [
          [
            [
              22.8913,
              52.3886
            ],
            [
              22.8913,
              52.4036
            ],
            [
              22.8763,
              52.4036
            ],
            [
              22.8763,
              52.3886
            ],
            [
              22.8913,
              52.3886
            ]
          ]
        ]
      },
      "properties": {
        "frp": 3.06,
        "acq_date": "2026-09-27",
        "acq_time": "1100",
        "satellite": "N21",
        "brightness": null,
        "NAME_1": "",
        "locality": ""
      }
    },
    {
      "type": "Feature",
      "geometry": {
        "type": "Polygon",
        "coordinates": [
          [
            [
              30.00053,
              52.83765
            ],
            [
              30.00053,
              52.85265
            ],
            [
              29.98553,
              52.85265
            ],
            [
              29.98553,
              52.83765
            ],
            [
              30.00053,
              52.83765
            ]
          ]
        ]
      },
      "properties": {
        "frp": 2.58,
        "acq_date": "2026-09-27",
        "acq_time": "1100",
        "satellite": "N21",
        "brightness": null,
        "NAME_1": "Gomel",
        "locality": "\u017dlobin"
      }
    },
    {
      "type": "Feature",
      "geometry": {
        "type": "Polygon",
        "coordinates": [
          [
            [
              29.99946,
              52.84127
            ],
            [
              29.99946,
              52.85627
            ],
            [
              29.98446,
              52.85627
            ],
            [
              29.98446,
              52.84127
            ],
            [
              29.99946,
              52.84127
            ]
          ]
        ]
      },
      "properties": {
        "frp": 5.57,
        "acq_date": "2026-09-27",
        "acq_time": "1100",
        "satellite": "N21",
        "brightness": null,
        "NAME_1": "Gomel",
        "locality": "\u017dlobin"
      }
    },
    {
      "type": "Feature",
      "geometry": {
        "type": "Polygon",
        "coordinates": [
          [
            [
              22.32348,
              52.94046
            ],
            [
              22.32348,
              52.95546
            ],
            [
              22.30848,
              52.95546
            ],
            [
              22.30848,
              52.94046
            ],
            [
              22.32348,
              52.94046
            ]
          ]
        ]
      },
      "properties": {
        "frp": 3.05,
        "acq_date": "2026-09-27",
        "acq_time": "1102",
        "satellite": "N21",
        "brightness": null,
        "NAME_1": "",
        "locality": ""
      }
    },
    {
      "type": "Feature",
      "geometry": {
        "type": "Polygon",
        "coordinates": [
          [
            [
              29.343890000000002,
              51.88
            ],
            [
              29.343890000000002,
              51.895
            ],
            [
              29.32889,
              51.895
            ],
            [
              29.32889,
              51.88
            ],
            [
              29.343890000000002,
              51.88
            ]
          ]
        ]
      },
      "properties": {
        "frp": 0.8,
        "acq_date": "2026-09-27",
        "acq_time": "2312",
        "satellite": "N21",
        "brightness": null,
        "NAME_1": "Gomel",
        "locality": "Mazyr"
      }
    },
    {
      "type": "Feature",
      "geometry": {
        "type": "Polygon",
        "coordinates": [
          [
            [
              29.35001,
              51.88531
            ],
            [
              29.35001,
              51.90031
            ],
            [
              29.33501,
              51.90031
            ],
            [
              29.33501,
              51.88531
            ],
            [
              29.35001,
              51.88531
            ]
          ]
        ]
      },
      "properties": {
        "frp": 2.28,
        "acq_date": "2026-09-27",
        "acq_time": "2312",
        "satellite": "N21",
        "brightness": null,
        "NAME_1": "Gomel",
        "locality": "Mazyr"
      }
    },
    {
      "type": "Feature",
      "geometry": {
        "type": "Polygon",
        "coordinates": [
          [
            [
              29.34431,
              51.88546
            ],
            [
              29.34431,
              51.90046
            ],
            [
              29.32931,
              51.90046
            ],
            [
              29.32931,
              51.88546
            ],
            [
              29.34431,
              51.88546
            ]
          ]
        ]
      },
      "properties": {
        "frp": 2.28,
        "acq_date": "2026-09-27",
        "acq_time": "2312",
        "satellite": "N21",
        "brightness": null,
        "NAME_1": "Gomel",
        "locality": "Mazyr"
      }
    },
    {
      "type": "Feature",
      "geometry": {
        "type": "Polygon",
        "coordinates": [
          [
            [
              29.99622,
              52.83681
            ],
            [
              29.99622,
              52.85181
            ],
            [
              29.98122,
              52.85181
            ],
            [
              29.98122,
              52.83681
            ],
            [
              29.99622,
              52.83681
            ]
          ]
        ]
      },
      "properties": {
        "frp": 9.1,
        "acq_date": "2026-09-27",
        "acq_time": "2312",
        "satellite": "N21",
        "brightness": null,
        "NAME_1": "Gomel",
        "locality": "\u017dlobin"
      }
    },
    {
      "type": "Feature",
      "geometry": {
        "type": "Polygon",
        "coordinates": [
          [
            [
              30.00049,
              52.83977
            ],
            [
              30.00049,
              52.85477
            ],
            [
              29.98549,
              52.85477
            ],
            [
              29.98549,
              52.83977
            ],
            [
              30.00049,
              52.83977
            ]
          ]
        ]
      },
      "properties": {
        "frp": 6.84,
        "acq_date": "2026-09-27",
        "acq_time": "2312",
        "satellite": "N21",
        "brightness": null,
        "NAME_1": "Gomel",
        "locality": "\u017dlobin"
      }
    },
    {
      "type": "Feature",
      "geometry": {
        "type": "Polygon",
        "coordinates": [
          [
            [
              29.99503,
              52.83992
            ],
            [
              29.99503,
              52.85492
            ],
            [
              29.98003,
              52.85492
            ],
            [
              29.98003,
              52.83992
            ],
            [
              29.99503,
              52.83992
            ]
          ]
        ]
      },
      "properties": {
        "frp": 9.34,
        "acq_date": "2026-09-27",
        "acq_time": "2312",
        "satellite": "N21",
        "brightness": null,
        "NAME_1": "Gomel",
        "locality": "\u017dlobin"
      }
    },
    {
      "type": "Feature",
      "geometry": {
        "type": "Polygon",
        "coordinates": [
          [
            [
              37.67501,
              44.83628
            ],
            [
              37.67501,
              44.85128
            ],
            [
              37.66001,
              44.85128
            ],
            [
              37.66001,
              44.83628
            ],
            [
              37.67501,
              44.83628
            ]
          ]
        ]
      },
      "properties": {
        "frp": 2.38,
        "acq_date": "2026-09-27",
        "acq_time": "2314",
        "satellite": "N21",
        "brightness": null,
        "NAME_1": "Krasnodar",
        "locality": "Novorossiysk gorsovet"
      }
    },
    {
      "type": "Feature",
      "geometry": {
        "type": "Polygon",
        "coordinates": [
          [
            [
              38.12317,
              44.875099999999996
            ],
            [
              38.12317,
              44.8901
            ],
            [
              38.10817,
              44.8901
            ],
            [
              38.10817,
              44.875099999999996
            ],
            [
              38.12317,
              44.875099999999996
            ]
          ]
        ]
      },
      "properties": {
        "frp": 0.59,
        "acq_date": "2026-09-27",
        "acq_time": "2314",
        "satellite": "N21",
        "brightness": null,
        "NAME_1": "Krasnodar",
        "locality": "Abinskiy rayon"
      }
    },
    {
      "type": "Feature",
      "geometry": {
        "type": "Polygon",
        "coordinates": [
          [
            [
              22.42491,
              44.87637
            ],
            [
              22.42491,
              44.89137
            ],
            [
              22.40991,
              44.89137
            ],
            [
              22.40991,
              44.87637
            ],
            [
              22.42491,
              44.87637
            ]
          ]
        ]
      },
      "properties": {
        "frp": 2.52,
        "acq_date": "2026-09-27",
        "acq_time": "2314",
        "satellite": "N21",
        "brightness": null,
        "NAME_1": "",
        "locality": ""
      }
    },
    {
      "type": "Feature",
      "geometry": {
        "type": "Polygon",
        "coordinates": [
          [
            [
              29.028850000000002,
              45.19733
            ],
            [
              29.028850000000002,
              45.21233
            ],
            [
              29.01385,
              45.21233
            ],
            [
              29.01385,
              45.19733
            ],
            [
              29.028850000000002,
              45.19733
            ]
          ]
        ]
      },
      "properties": {
        "frp": 5.54,
        "acq_date": "2026-09-27",
        "acq_time": "2314",
        "satellite": "N21",
        "brightness": null,
        "NAME_1": "",
        "locality": ""
      }
    },
    {
      "type": "Feature",
      "geometry": {
        "type": "Polygon",
        "coordinates": [
          [
            [
              29.02928,
              45.20262
            ],
            [
              29.02928,
              45.217620000000004
            ],
            [
              29.01428,
              45.217620000000004
            ],
            [
              29.01428,
              45.20262
            ],
            [
              29.02928,
              45.20262
            ]
          ]
        ]
      },
      "properties": {
        "frp": 5.54,
        "acq_date": "2026-09-27",
        "acq_time": "2314",
        "satellite": "N21",
        "brightness": null,
        "NAME_1": "",
        "locality": ""
      }
    },
    {
      "type": "Feature",
      "geometry": {
        "type": "Polygon",
        "coordinates": [
          [
            [
              25.11587,
              45.28245
            ],
            [
              25.11587,
              45.29745
            ],
            [
              25.10087,
              45.29745
            ],
            [
              25.10087,
              45.28245
            ],
            [
              25.11587,
              45.28245
            ]
          ]
        ]
      },
      "properties": {
        "frp": 1.39,
        "acq_date": "2026-09-27",
        "acq_time": "2314",
        "satellite": "N21",
        "brightness": null,
        "NAME_1": "",
        "locality": ""
      }
    },
    {
      "type": "Feature",
      "geometry": {
        "type": "Polygon",
        "coordinates": [
          [
            [
              40.77652,
              45.55448
            ],
            [
              40.77652,
              45.56948
            ],
            [
              40.76152,
              45.56948
            ],
            [
              40.76152,
              45.55448
            ],
            [
              40.77652,
              45.55448
            ]
          ]
        ]
      },
      "properties": {
        "frp": 0.34,
        "acq_date": "2026-09-27",
        "acq_time": "2314",
        "satellite": "N21",
        "brightness": null,
        "NAME_1": "Krasnodar",
        "locality": "Kavkazskiy rayon"
      }
    },
    {
      "type": "Feature",
      "geometry": {
        "type": "Polygon",
        "coordinates": [
          [
            [
              40.77261,
              45.55849
            ],
            [
              40.77261,
              45.57349
            ],
            [
              40.75761,
              45.57349
            ],
            [
              40.75761,
              45.55849
            ],
            [
              40.77261,
              45.55849
            ]
          ]
        ]
      },
      "properties": {
        "frp": 0.6,
        "acq_date": "2026-09-27",
        "acq_time": "2314",
        "satellite": "N21",
        "brightness": null,
        "NAME_1": "Krasnodar",
        "locality": "Kavkazskiy rayon"
      }
    },
    {
      "type": "Feature",
      "geometry": {
        "type": "Polygon",
        "coordinates": [
          [
            [
              25.28731,
              45.94205
            ],
            [
              25.28731,
              45.95705
            ],
            [
              25.27231,
              45.95705
            ],
            [
              25.27231,
              45.94205
            ],
            [
              25.28731,
              45.94205
            ]
          ]
        ]
      },
      "properties": {
        "frp": 1.99,
        "acq_date": "2026-09-27",
        "acq_time": "2314",
        "satellite": "N21",
        "brightness": null,
        "NAME_1": "",
        "locality": ""
      }
    },
    {
      "type": "Feature",
      "geometry": {
        "type": "Polygon",
        "coordinates": [
          [
            [
              25.289,
              45.94479
            ],
            [
              25.289,
              45.95979
            ],
            [
              25.274,
              45.95979
            ],
            [
              25.274,
              45.94479
            ],
            [
              25.289,
              45.94479
            ]
          ]
        ]
      },
      "properties": {
        "frp": 1.81,
        "acq_date": "2026-09-27",
        "acq_time": "2314",
        "satellite": "N21",
        "brightness": null,
        "NAME_1": "",
        "locality": ""
      }
    },
    {
      "type": "Feature",
      "geometry": {
        "type": "Polygon",
        "coordinates": [
          [
            [
              39.3504,
              46.09004
            ],
            [
              39.3504,
              46.10504
            ],
            [
              39.3354,
              46.10504
            ],
            [
              39.3354,
              46.09004
            ],
            [
              39.3504,
              46.09004
            ]
          ]
        ]
      },
      "properties": {
        "frp": 0.51,
        "acq_date": "2026-09-27",
        "acq_time": "2314",
        "satellite": "N21",
        "brightness": null,
        "NAME_1": "Krasnodar",
        "locality": "Leningradskiy rayon"
      }
    },
    {
      "type": "Feature",
      "geometry": {
        "type": "Polygon",
        "coordinates": [
          [
            [
              38.38948,
              46.52913
            ],
            [
              38.38948,
              46.54413
            ],
            [
              38.37448,
              46.54413
            ],
            [
              38.37448,
              46.52913
            ],
            [
              38.38948,
              46.52913
            ]
          ]
        ]
      },
      "properties": {
        "frp": 0.37,
        "acq_date": "2026-09-27",
        "acq_time": "2314",
        "satellite": "N21",
        "brightness": null,
        "NAME_1": "Krasnodar",
        "locality": "Eyskiy rayon"
      }
    },
    {
      "type": "Feature",
      "geometry": {
        "type": "Polygon",
        "coordinates": [
          [
            [
              29.86407,
              46.65523
            ],
            [
              29.86407,
              46.670230000000004
            ],
            [
              29.84907,
              46.670230000000004
            ],
            [
              29.84907,
              46.65523
            ],
            [
              29.86407,
              46.65523
            ]
          ]
        ]
      },
      "properties": {
        "frp": 0.54,
        "acq_date": "2026-09-27",
        "acq_time": "2314",
        "satellite": "N21",
        "brightness": null,
        "NAME_1": "",
        "locality": ""
      }
    },
    {
      "type": "Feature",
      "geometry": {
        "type": "Polygon",
        "coordinates": [
          [
            [
              37.57637,
              47.16728
            ],
            [
              37.57637,
              47.18228
            ],
            [
              37.56137,
              47.18228
            ],
            [
              37.56137,
              47.16728
            ],
            [
              37.57637,
              47.16728
            ]
          ]
        ]
      },
      "properties": {
        "frp": 1.61,
        "acq_date": "2026-09-27",
        "acq_time": "2314",
        "satellite": "N21",
        "brightness": null,
        "NAME_1": "Donets'k",
        "locality": "Mariupol's'ka"
      }
    },
    {
      "type": "Feature",
      "geometry": {
        "type": "Polygon",
        "coordinates": [
          [
            [
              40.14097,
              47.37102
            ],
            [
              40.14097,
              47.38602
            ],
            [
              40.12597,
              47.38602
            ],
            [
              40.12597,
              47.37102
            ],
            [
              40.14097,
              47.37102
            ]
          ]
        ]
      },
      "properties": {
        "frp": 1.02,
        "acq_date": "2026-09-27",
        "acq_time": "2314",
        "satellite": "N21",
        "brightness": null,
        "NAME_1": "Rostov",
        "locality": "Novocherkassk"
      }
    },
    {
      "type": "Feature",
      "geometry": {
        "type": "Polygon",
        "coordinates": [
          [
            [
              40.13569,
              47.37174
            ],
            [
              40.13569,
              47.38674
            ],
            [
              40.120689999999996,
              47.38674
            ],
            [
              40.120689999999996,
              47.37174
            ],
            [
              40.13569,
              47.37174
            ]
          ]
        ]
      },
      "properties": {
        "frp": 0.79,
        "acq_date": "2026-09-27",
        "acq_time": "2314",
        "satellite": "N21",
        "brightness": null,
        "NAME_1": "Rostov",
        "locality": "Novocherkassk"
      }
    },
    {
      "type": "Feature",
      "geometry": {
        "type": "Polygon",
        "coordinates": [
          [
            [
              40.14195,
              47.37437
            ],
            [
              40.14195,
              47.38937
            ],
            [
              40.12695,
              47.38937
            ],
            [
              40.12695,
              47.37437
            ],
            [
              40.14195,
              47.37437
            ]
          ]
        ]
      },
      "properties": {
        "frp": 3.52,
        "acq_date": "2026-09-27",
        "acq_time": "2314",
        "satellite": "N21",
        "brightness": null,
        "NAME_1": "Rostov",
        "locality": "Novocherkassk"
      }
    },
    {
      "type": "Feature",
      "geometry": {
        "type": "Polygon",
        "coordinates": [
          [
            [
              40.13667,
              47.37509
            ],
            [
              40.13667,
              47.39009
            ],
            [
              40.12167,
              47.39009
            ],
            [
              40.12167,
              47.37509
            ],
            [
              40.13667,
              47.37509
            ]
          ]
        ]
      },
      "properties": {
        "frp": 1.45,
        "acq_date": "2026-09-27",
        "acq_time": "2314",
        "satellite": "N21",
        "brightness": null,
        "NAME_1": "Rostov",
        "locality": "Novocherkassk"
      }
    },
    {
      "type": "Feature",
      "geometry": {
        "type": "Polygon",
        "coordinates": [
          [
            [
              40.14293,
              47.37771
            ],
            [
              40.14293,
              47.39271
            ],
            [
              40.12793,
              47.39271
            ],
            [
              40.12793,
              47.37771
            ],
            [
              40.14293,
              47.37771
            ]
          ]
        ]
      },
      "properties": {
        "frp": 3.52,
        "acq_date": "2026-09-27",
        "acq_time": "2314",
        "satellite": "N21",
        "brightness": null,
        "NAME_1": "Rostov",
        "locality": "Novocherkassk"
      }
    },
    {
      "type": "Feature",
      "geometry": {
        "type": "Polygon",
        "coordinates": [
          [
            [
              40.13765,
              47.37844
            ],
            [
              40.13765,
              47.39344
            ],
            [
              40.12265,
              47.39344
            ],
            [
              40.12265,
              47.37844
            ],
            [
              40.13765,
              47.37844
            ]
          ]
        ]
      },
      "properties": {
        "frp": 1.45,
        "acq_date": "2026-09-27",
        "acq_time": "2314",
        "satellite": "N21",
        "brightness": null,
        "NAME_1": "Rostov",
        "locality": "Novocherkassk"
      }
    },
    {
      "type": "Feature",
      "geometry": {
        "type": "Polygon",
        "coordinates": [
          [
            [
              29.02152,
              47.77826
            ],
            [
              29.02152,
              47.793260000000004
            ],
            [
              29.00652,
              47.793260000000004
            ],
            [
              29.00652,
              47.77826
            ],
            [
              29.02152,
              47.77826
            ]
          ]
        ]
      },
      "properties": {
        "frp": 1.49,
        "acq_date": "2026-09-27",
        "acq_time": "2314",
        "satellite": "N21",
        "brightness": null,
        "NAME_1": "",
        "locality": ""
      }
    },
    {
      "type": "Feature",
      "geometry": {
        "type": "Polygon",
        "coordinates": [
          [
            [
              39.55278,
              48.08401
            ],
            [
              39.55278,
              48.09901
            ],
            [
              39.53778,
              48.09901
            ],
            [
              39.53778,
              48.08401
            ],
            [
              39.55278,
              48.08401
            ]
          ]
        ]
      },
      "properties": {
        "frp": 5.2,
        "acq_date": "2026-09-27",
        "acq_time": "2314",
        "satellite": "N21",
        "brightness": null,
        "NAME_1": "Luhans'k",
        "locality": "Sverdlovs'kyi"
      }
    },
    {
      "type": "Feature",
      "geometry": {
        "type": "Polygon",
        "coordinates": [
          [
            [
              26.60942,
              48.73974
            ],
            [
              26.60942,
              48.75474
            ],
            [
              26.59442,
              48.75474
            ],
            [
              26.59442,
              48.73974
            ],
            [
              26.60942,
              48.73974
            ]
          ]
        ]
      },
      "properties": {
        "frp": 1.84,
        "acq_date": "2026-09-27",
        "acq_time": "2314",
        "satellite": "N21",
        "brightness": null,
        "NAME_1": "Khmel'nyts'kyy",
        "locality": "Kamianets'-Podil's'kyi"
      }
    },
    {
      "type": "Feature",
      "geometry": {
        "type": "Polygon",
        "coordinates": [
          [
            [
              26.609280000000002,
              48.74106
            ],
            [
              26.609280000000002,
              48.75606
            ],
            [
              26.59428,
              48.75606
            ],
            [
              26.59428,
              48.74106
            ],
            [
              26.609280000000002,
              48.74106
            ]
          ]
        ]
      },
      "properties": {
        "frp": 1.43,
        "acq_date": "2026-09-27",
        "acq_time": "2314",
        "satellite": "N21",
        "brightness": null,
        "NAME_1": "Khmel'nyts'kyy",
        "locality": "Kamianets'-Podil's'kyi"
      }
    },
    {
      "type": "Feature",
      "geometry": {
        "type": "Polygon",
        "coordinates": [
          [
            [
              24.71717,
              48.9655
            ],
            [
              24.71717,
              48.9805
            ],
            [
              24.70217,
              48.9805
            ],
            [
              24.70217,
              48.9655
            ],
            [
              24.71717,
              48.9655
            ]
          ]
        ]
      },
      "properties": {
        "frp": 2.48,
        "acq_date": "2026-09-27",
        "acq_time": "2314",
        "satellite": "N21",
        "brightness": null,
        "NAME_1": "Ivano-Frankivs'k",
        "locality": "Tysmenyts'kyi"
      }
    },
    {
      "type": "Feature",
      "geometry": {
        "type": "Polygon",
        "coordinates": [
          [
            [
              24.71871,
              48.96673
            ],
            [
              24.71871,
              48.98173
            ],
            [
              24.70371,
              48.98173
            ],
            [
              24.70371,
              48.96673
            ],
            [
              24.71871,
              48.96673
            ]
          ]
        ]
      },
      "properties": {
        "frp": 2.25,
        "acq_date": "2026-09-27",
        "acq_time": "2314",
        "satellite": "N21",
        "brightness": null,
        "NAME_1": "Ivano-Frankivs'k",
        "locality": "Tysmenyts'kyi"
      }
    },
    {
      "type": "Feature",
      "geometry": {
        "type": "Polygon",
        "coordinates": [
          [
            [
              26.26523,
              50.53615
            ],
            [
              26.26523,
              50.55115
            ],
            [
              26.25023,
              50.55115
            ],
            [
              26.25023,
              50.53615
            ],
            [
              26.26523,
              50.53615
            ]
          ]
        ]
      },
      "properties": {
        "frp": 1.89,
        "acq_date": "2026-09-27",
        "acq_time": "2314",
        "satellite": "N21",
        "brightness": null,
        "NAME_1": "Rivne",
        "locality": "Zdolbunivs'kyi"
      }
    },
    {
      "type": "Feature",
      "geometry": {
        "type": "Polygon",
        "coordinates": [
          [
            [
              29.34704,
              51.87931
            ],
            [
              29.34704,
              51.89431
            ],
            [
              29.33204,
              51.89431
            ],
            [
              29.33204,
              51.87931
            ],
            [
              29.34704,
              51.87931
            ]
          ]
        ]
      },
      "properties": {
        "frp": 1.36,
        "acq_date": "2026-09-28",
        "acq_time": "52",
        "satellite": "N21",
        "brightness": null,
        "NAME_1": "Gomel",
        "locality": "Mazyr"
      }
    },
    {
      "type": "Feature",
      "geometry": {
        "type": "Polygon",
        "coordinates": [
          [
            [
              29.3497,
              51.88336
            ],
            [
              29.3497,
              51.898360000000004
            ],
            [
              29.334699999999998,
              51.898360000000004
            ],
            [
              29.334699999999998,
              51.88336
            ],
            [
              29.3497,
              51.88336
            ]
          ]
        ]
      },
      "properties": {
        "frp": 3.78,
        "acq_date": "2026-09-28",
        "acq_time": "52",
        "satellite": "N21",
        "brightness": null,
        "NAME_1": "Gomel",
        "locality": "Mazyr"
      }
    },
    {
      "type": "Feature",
      "geometry": {
        "type": "Polygon",
        "coordinates": [
          [
            [
              33.34466,
              52.36071
            ],
            [
              33.34466,
              52.37571
            ],
            [
              33.32966,
              52.37571
            ],
            [
              33.32966,
              52.36071
            ],
            [
              33.34466,
              52.36071
            ]
          ]
        ]
      },
      "properties": {
        "frp": 1.13,
        "acq_date": "2026-09-28",
        "acq_time": "52",
        "satellite": "N21",
        "brightness": null,
        "NAME_1": "Bryansk",
        "locality": "Pogarskiy rayon"
      }
    },
    {
      "type": "Feature",
      "geometry": {
        "type": "Polygon",
        "coordinates": [
          [
            [
              29.99577,
              52.83693
            ],
            [
              29.99577,
              52.85193
            ],
            [
              29.98077,
              52.85193
            ],
            [
              29.98077,
              52.83693
            ],
            [
              29.99577,
              52.83693
            ]
          ]
        ]
      },
      "properties": {
        "frp": 3.32,
        "acq_date": "2026-09-28",
        "acq_time": "52",
        "satellite": "N21",
        "brightness": null,
        "NAME_1": "Gomel",
        "locality": "\u017dlobin"
      }
    },
    {
      "type": "Feature",
      "geometry": {
        "type": "Polygon",
        "coordinates": [
          [
            [
              29.99598,
              52.83956
            ],
            [
              29.99598,
              52.85456
            ],
            [
              29.98098,
              52.85456
            ],
            [
              29.98098,
              52.83956
            ],
            [
              29.99598,
              52.83956
            ]
          ]
        ]
      },
      "properties": {
        "frp": 3.72,
        "acq_date": "2026-09-28",
        "acq_time": "52",
        "satellite": "N21",
        "brightness": null,
        "NAME_1": "Gomel",
        "locality": "\u017dlobin"
      }
    },
    {
      "type": "Feature",
      "geometry": {
        "type": "Polygon",
        "coordinates": [
          [
            [
              36.83733,
              45.15941
            ],
            [
              36.83733,
              45.17441
            ],
            [
              36.82233,
              45.17441
            ],
            [
              36.82233,
              45.15941
            ],
            [
              36.83733,
              45.15941
            ]
          ]
        ]
      },
      "properties": {
        "frp": 0.58,
        "acq_date": "2026-09-28",
        "acq_time": "54",
        "satellite": "N21",
        "brightness": null,
        "NAME_1": "Krasnodar",
        "locality": "Temryukskiy rayon"
      }
    },
    {
      "type": "Feature",
      "geometry": {
        "type": "Polygon",
        "coordinates": [
          [
            [
              29.03186,
              45.19493
            ],
            [
              29.03186,
              45.20993
            ],
            [
              29.01686,
              45.20993
            ],
            [
              29.01686,
              45.19493
            ],
            [
              29.03186,
              45.19493
            ]
          ]
        ]
      },
      "properties": {
        "frp": 2.58,
        "acq_date": "2026-09-28",
        "acq_time": "54",
        "satellite": "N21",
        "brightness": null,
        "NAME_1": "",
        "locality": ""
      }
    },
    {
      "type": "Feature",
      "geometry": {
        "type": "Polygon",
        "coordinates": [
          [
            [
              29.02767,
              45.1961
            ],
            [
              29.02767,
              45.2111
            ],
            [
              29.01267,
              45.2111
            ],
            [
              29.01267,
              45.1961
            ],
            [
              29.02767,
              45.1961
            ]
          ]
        ]
      },
      "properties": {
        "frp": 2.58,
        "acq_date": "2026-09-28",
        "acq_time": "54",
        "satellite": "N21",
        "brightness": null,
        "NAME_1": "",
        "locality": ""
      }
    },
    {
      "type": "Feature",
      "geometry": {
        "type": "Polygon",
        "coordinates": [
          [
            [
              29.03464,
              45.19979
            ],
            [
              29.03464,
              45.21479
            ],
            [
              29.01964,
              45.21479
            ],
            [
              29.01964,
              45.19979
            ],
            [
              29.03464,
              45.19979
            ]
          ]
        ]
      },
      "properties": {
        "frp": 9.88,
        "acq_date": "2026-09-28",
        "acq_time": "54",
        "satellite": "N21",
        "brightness": null,
        "NAME_1": "",
        "locality": ""
      }
    },
    {
      "type": "Feature",
      "geometry": {
        "type": "Polygon",
        "coordinates": [
          [
            [
              29.03047,
              45.20095
            ],
            [
              29.03047,
              45.21595
            ],
            [
              29.01547,
              45.21595
            ],
            [
              29.01547,
              45.20095
            ],
            [
              29.03047,
              45.20095
            ]
          ]
        ]
      },
      "properties": {
        "frp": 9.88,
        "acq_date": "2026-09-28",
        "acq_time": "54",
        "satellite": "N21",
        "brightness": null,
        "NAME_1": "",
        "locality": ""
      }
    },
    {
      "type": "Feature",
      "geometry": {
        "type": "Polygon",
        "coordinates": [
          [
            [
              25.28917,
              45.94385
            ],
            [
              25.28917,
              45.95885
            ],
            [
              25.274169999999998,
              45.95885
            ],
            [
              25.274169999999998,
              45.94385
            ],
            [
              25.28917,
              45.94385
            ]
          ]
        ]
      },
      "properties": {
        "frp": 1.4,
        "acq_date": "2026-09-28",
        "acq_time": "54",
        "satellite": "N21",
        "brightness": null,
        "NAME_1": "",
        "locality": ""
      }
    },
    {
      "type": "Feature",
      "geometry": {
        "type": "Polygon",
        "coordinates": [
          [
            [
              26.61296,
              48.73764
            ],
            [
              26.61296,
              48.75264
            ],
            [
              26.59796,
              48.75264
            ],
            [
              26.59796,
              48.73764
            ],
            [
              26.61296,
              48.73764
            ]
          ]
        ]
      },
      "properties": {
        "frp": 0.95,
        "acq_date": "2026-09-28",
        "acq_time": "54",
        "satellite": "N21",
        "brightness": null,
        "NAME_1": "Khmel'nyts'kyy",
        "locality": "Kamianets'-Podil's'kyi"
      }
    },
    {
      "type": "Feature",
      "geometry": {
        "type": "Polygon",
        "coordinates": [
          [
            [
              24.71651,
              48.96589
            ],
            [
              24.71651,
              48.98089
            ],
            [
              24.70151,
              48.98089
            ],
            [
              24.70151,
              48.96589
            ],
            [
              24.71651,
              48.96589
            ]
          ]
        ]
      },
      "properties": {
        "frp": 1.9,
        "acq_date": "2026-09-28",
        "acq_time": "54",
        "satellite": "N21",
        "brightness": null,
        "NAME_1": "Ivano-Frankivs'k",
        "locality": "Tysmenyts'kyi"
      }
    },
    {
      "type": "Feature",
      "geometry": {
        "type": "Polygon",
        "coordinates": [
          [
            [
              26.26867,
              50.53458
            ],
            [
              26.26867,
              50.54958
            ],
            [
              26.25367,
              50.54958
            ],
            [
              26.25367,
              50.53458
            ],
            [
              26.26867,
              50.53458
            ]
          ]
        ]
      },
      "properties": {
        "frp": 2.73,
        "acq_date": "2026-09-28",
        "acq_time": "54",
        "satellite": "N21",
        "brightness": null,
        "NAME_1": "Rivne",
        "locality": "Zdolbunivs'kyi"
      }
    },
    {
      "type": "Feature",
      "geometry": {
        "type": "Polygon",
        "coordinates": [
          [
            [
              23.55959,
              51.13064
            ],
            [
              23.55959,
              51.14564
            ],
            [
              23.54459,
              51.14564
            ],
            [
              23.54459,
              51.13064
            ],
            [
              23.55959,
              51.13064
            ]
          ]
        ]
      },
      "properties": {
        "frp": 1.35,
        "acq_date": "2026-09-28",
        "acq_time": "54",
        "satellite": "N21",
        "brightness": null,
        "NAME_1": "",
        "locality": ""
      }
    },
    {
      "type": "Feature",
      "geometry": {
        "type": "Polygon",
        "coordinates": [
          [
            [
              22.75788,
              44.30074
            ],
            [
              22.75788,
              44.31574
            ],
            [
              22.74288,
              44.31574
            ],
            [
              22.74288,
              44.30074
            ],
            [
              22.75788,
              44.30074
            ]
          ]
        ]
      },
      "properties": {
        "frp": 0.51,
        "acq_date": "2026-09-28",
        "acq_time": "56",
        "satellite": "N21",
        "brightness": null,
        "NAME_1": "",
        "locality": ""
      }
    },
    {
      "type": "Feature",
      "geometry": {
        "type": "Polygon",
        "coordinates": [
          [
            [
              22.44051,
              44.87174
            ],
            [
              22.44051,
              44.88674
            ],
            [
              22.42551,
              44.88674
            ],
            [
              22.42551,
              44.87174
            ],
            [
              22.44051,
              44.87174
            ]
          ]
        ]
      },
      "properties": {
        "frp": 2.93,
        "acq_date": "2026-09-28",
        "acq_time": "56",
        "satellite": "N21",
        "brightness": null,
        "NAME_1": "",
        "locality": ""
      }
    },
    {
      "type": "Feature",
      "geometry": {
        "type": "Polygon",
        "coordinates": [
          [
            [
              22.44244,
              44.87541
            ],
            [
              22.44244,
              44.89041
            ],
            [
              22.42744,
              44.89041
            ],
            [
              22.42744,
              44.87541
            ],
            [
              22.44244,
              44.87541
            ]
          ]
        ]
      },
      "properties": {
        "frp": 2.93,
        "acq_date": "2026-09-28",
        "acq_time": "56",
        "satellite": "N21",
        "brightness": null,
        "NAME_1": "",
        "locality": ""
      }
    },
    {
      "type": "Feature",
      "geometry": {
        "type": "Polygon",
        "coordinates": [
          [
            [
              22.43727,
              44.87653
            ],
            [
              22.43727,
              44.89153
            ],
            [
              22.42227,
              44.89153
            ],
            [
              22.42227,
              44.87653
            ],
            [
              22.43727,
              44.87653
            ]
          ]
        ]
      },
      "properties": {
        "frp": 5.43,
        "acq_date": "2026-09-28",
        "acq_time": "56",
        "satellite": "N21",
        "brightness": null,
        "NAME_1": "",
        "locality": ""
      }
    },
    {
      "type": "Feature",
      "geometry": {
        "type": "Polygon",
        "coordinates": [
          [
            [
              39.57581,
              46.11389
            ],
            [
              39.57581,
              46.12889
            ],
            [
              39.56081,
              46.12889
            ],
            [
              39.56081,
              46.11389
            ],
            [
              39.57581,
              46.11389
            ]
          ]
        ]
      },
      "properties": {
        "frp": 3.31,
        "acq_date": "2026-09-28",
        "acq_time": "900",
        "satellite": "N21",
        "brightness": null,
        "NAME_1": "Krasnodar",
        "locality": "Pavlovskiy rayon"
      }
    },
    {
      "type": "Feature",
      "geometry": {
        "type": "Polygon",
        "coordinates": [
          [
            [
              39.78419,
              46.12013
            ],
            [
              39.78419,
              46.135130000000004
            ],
            [
              39.76919,
              46.135130000000004
            ],
            [
              39.76919,
              46.12013
            ],
            [
              39.78419,
              46.12013
            ]
          ]
        ]
      },
      "properties": {
        "frp": 7.75,
        "acq_date": "2026-09-28",
        "acq_time": "900",
        "satellite": "N21",
        "brightness": null,
        "NAME_1": "Krasnodar",
        "locality": "Pavlovskiy rayon"
      }
    },
    {
      "type": "Feature",
      "geometry": {
        "type": "Polygon",
        "coordinates": [
          [
            [
              39.78446,
              46.12262
            ],
            [
              39.78446,
              46.13762
            ],
            [
              39.76946,
              46.13762
            ],
            [
              39.76946,
              46.12262
            ],
            [
              39.78446,
              46.12262
            ]
          ]
        ]
      },
      "properties": {
        "frp": 10.52,
        "acq_date": "2026-09-28",
        "acq_time": "900",
        "satellite": "N21",
        "brightness": null,
        "NAME_1": "Krasnodar",
        "locality": "Pavlovskiy rayon"
      }
    },
    {
      "type": "Feature",
      "geometry": {
        "type": "Polygon",
        "coordinates": [
          [
            [
              38.55896,
              47.27
            ],
            [
              38.55896,
              47.285000000000004
            ],
            [
              38.54396,
              47.285000000000004
            ],
            [
              38.54396,
              47.27
            ],
            [
              38.55896,
              47.27
            ]
          ]
        ]
      },
      "properties": {
        "frp": 4.03,
        "acq_date": "2026-09-28",
        "acq_time": "900",
        "satellite": "N21",
        "brightness": null,
        "NAME_1": "Rostov",
        "locality": "Neklinovskiy rayon"
      }
    },
    {
      "type": "Feature",
      "geometry": {
        "type": "Polygon",
        "coordinates": [
          [
            [
              38.57283,
              47.27477
            ],
            [
              38.57283,
              47.28977
            ],
            [
              38.55783,
              47.28977
            ],
            [
              38.55783,
              47.27477
            ],
            [
              38.57283,
              47.27477
            ]
          ]
        ]
      },
      "properties": {
        "frp": 16.4,
        "acq_date": "2026-09-28",
        "acq_time": "900",
        "satellite": "N21",
        "brightness": null,
        "NAME_1": "Rostov",
        "locality": "Neklinovskiy rayon"
      }
    },
    {
      "type": "Feature",
      "geometry": {
        "type": "Polygon",
        "coordinates": [
          [
            [
              38.5798,
              47.27718
            ],
            [
              38.5798,
              47.29218
            ],
            [
              38.5648,
              47.29218
            ],
            [
              38.5648,
              47.27718
            ],
            [
              38.5798,
              47.27718
            ]
          ]
        ]
      },
      "properties": {
        "frp": 14.92,
        "acq_date": "2026-09-28",
        "acq_time": "900",
        "satellite": "N21",
        "brightness": null,
        "NAME_1": "Rostov",
        "locality": "Neklinovskiy rayon"
      }
    },
    {
      "type": "Feature",
      "geometry": {
        "type": "Polygon",
        "coordinates": [
          [
            [
              39.39492,
              47.67826
            ],
            [
              39.39492,
              47.69326
            ],
            [
              39.37992,
              47.69326
            ],
            [
              39.37992,
              47.67826
            ],
            [
              39.39492,
              47.67826
            ]
          ]
        ]
      },
      "properties": {
        "frp": 9.99,
        "acq_date": "2026-09-28",
        "acq_time": "900",
        "satellite": "N21",
        "brightness": null,
        "NAME_1": "Rostov",
        "locality": "Rodionovo-Nesvetayskiy rayon"
      }
    },
    {
      "type": "Feature",
      "geometry": {
        "type": "Polygon",
        "coordinates": [
          [
            [
              35.7699,
              47.67928
            ],
            [
              35.7699,
              47.69428
            ],
            [
              35.7549,
              47.69428
            ],
            [
              35.7549,
              47.67928
            ],
            [
              35.7699,
              47.67928
            ]
          ]
        ]
      },
      "properties": {
        "frp": 6.93,
        "acq_date": "2026-09-28",
        "acq_time": "900",
        "satellite": "N21",
        "brightness": null,
        "NAME_1": "Zaporizhia",
        "locality": "Orikhivs'kyi"
      }
    },
    {
      "type": "Feature",
      "geometry": {
        "type": "Polygon",
        "coordinates": [
          [
            [
              39.40103,
              47.68029
            ],
            [
              39.40103,
              47.69529
            ],
            [
              39.38603,
              47.69529
            ],
            [
              39.38603,
              47.68029
            ],
            [
              39.40103,
              47.68029
            ]
          ]
        ]
      },
      "properties": {
        "frp": 11.12,
        "acq_date": "2026-09-28",
        "acq_time": "900",
        "satellite": "N21",
        "brightness": null,
        "NAME_1": "Rostov",
        "locality": "Rodionovo-Nesvetayskiy rayon"
      }
    },
    {
      "type": "Feature",
      "geometry": {
        "type": "Polygon",
        "coordinates": [
          [
            [
              34.32104,
              51.18806
            ],
            [
              34.32104,
              51.20306
            ],
            [
              34.30604,
              51.20306
            ],
            [
              34.30604,
              51.18806
            ],
            [
              34.32104,
              51.18806
            ]
          ]
        ]
      },
      "properties": {
        "frp": 8.43,
        "acq_date": "2026-09-28",
        "acq_time": "902",
        "satellite": "N21",
        "brightness": null,
        "NAME_1": "Sumy",
        "locality": "Bilopils'kyi"
      }
    },
    {
      "type": "Feature",
      "geometry": {
        "type": "Polygon",
        "coordinates": [
          [
            [
              24.21803,
              43.99294
            ],
            [
              24.21803,
              44.00794
            ],
            [
              24.20303,
              44.00794
            ],
            [
              24.20303,
              43.99294
            ],
            [
              24.21803,
              43.99294
            ]
          ]
        ]
      },
      "properties": {
        "frp": 8.58,
        "acq_date": "2026-09-28",
        "acq_time": "1041",
        "satellite": "N21",
        "brightness": null,
        "NAME_1": "",
        "locality": ""
      }
    },
    {
      "type": "Feature",
      "geometry": {
        "type": "Polygon",
        "coordinates": [
          [
            [
              24.21608,
              43.99422
            ],
            [
              24.21608,
              44.00922
            ],
            [
              24.20108,
              44.00922
            ],
            [
              24.20108,
              43.99422
            ],
            [
              24.21608,
              43.99422
            ]
          ]
        ]
      },
      "properties": {
        "frp": 5.17,
        "acq_date": "2026-09-28",
        "acq_time": "1041",
        "satellite": "N21",
        "brightness": null,
        "NAME_1": "",
        "locality": ""
      }
    },
    {
      "type": "Feature",
      "geometry": {
        "type": "Polygon",
        "coordinates": [
          [
            [
              24.53601,
              44.03509
            ],
            [
              24.53601,
              44.05009
            ],
            [
              24.52101,
              44.05009
            ],
            [
              24.52101,
              44.03509
            ],
            [
              24.53601,
              44.03509
            ]
          ]
        ]
      },
      "properties": {
        "frp": 5.96,
        "acq_date": "2026-09-28",
        "acq_time": "1041",
        "satellite": "N21",
        "brightness": null,
        "NAME_1": "",
        "locality": ""
      }
    },
    {
      "type": "Feature",
      "geometry": {
        "type": "Polygon",
        "coordinates": [
          [
            [
              24.6249,
              44.07375
            ],
            [
              24.6249,
              44.08875
            ],
            [
              24.6099,
              44.08875
            ],
            [
              24.6099,
              44.07375
            ],
            [
              24.6249,
              44.07375
            ]
          ]
        ]
      },
      "properties": {
        "frp": 4.42,
        "acq_date": "2026-09-28",
        "acq_time": "1041",
        "satellite": "N21",
        "brightness": null,
        "NAME_1": "",
        "locality": ""
      }
    },
    {
      "type": "Feature",
      "geometry": {
        "type": "Polygon",
        "coordinates": [
          [
            [
              23.25448,
              44.12241
            ],
            [
              23.25448,
              44.13741
            ],
            [
              23.23948,
              44.13741
            ],
            [
              23.23948,
              44.12241
            ],
            [
              23.25448,
              44.12241
            ]
          ]
        ]
      },
      "properties": {
        "frp": 17.87,
        "acq_date": "2026-09-28",
        "acq_time": "1041",
        "satellite": "N21",
        "brightness": null,
        "NAME_1": "",
        "locality": ""
      }
    },
    {
      "type": "Feature",
      "geometry": {
        "type": "Polygon",
        "coordinates": [
          [
            [
              23.26057,
              44.12392
            ],
            [
              23.26057,
              44.13892
            ],
            [
              23.24557,
              44.13892
            ],
            [
              23.24557,
              44.12392
            ],
            [
              23.26057,
              44.12392
            ]
          ]
        ]
      },
      "properties": {
        "frp": 12.17,
        "acq_date": "2026-09-28",
        "acq_time": "1041",
        "satellite": "N21",
        "brightness": null,
        "NAME_1": "",
        "locality": ""
      }
    },
    {
      "type": "Feature",
      "geometry": {
        "type": "Polygon",
        "coordinates": [
          [
            [
              22.99994,
              44.15198
            ],
            [
              22.99994,
              44.16698
            ],
            [
              22.984939999999998,
              44.16698
            ],
            [
              22.984939999999998,
              44.15198
            ],
            [
              22.99994,
              44.15198
            ]
          ]
        ]
      },
      "properties": {
        "frp": 5.52,
        "acq_date": "2026-09-28",
        "acq_time": "1041",
        "satellite": "N21",
        "brightness": null,
        "NAME_1": "",
        "locality": ""
      }
    },
    {
      "type": "Feature",
      "geometry": {
        "type": "Polygon",
        "coordinates": [
          [
            [
              23.00405,
              44.15347
            ],
            [
              23.00405,
              44.16847
            ],
            [
              22.98905,
              44.16847
            ],
            [
              22.98905,
              44.15347
            ],
            [
              23.00405,
              44.15347
            ]
          ]
        ]
      },
      "properties": {
        "frp": 3.35,
        "acq_date": "2026-09-28",
        "acq_time": "1041",
        "satellite": "N21",
        "brightness": null,
        "NAME_1": "",
        "locality": ""
      }
    },
    {
      "type": "Feature",
      "geometry": {
        "type": "Polygon",
        "coordinates": [
          [
            [
              22.633300000000002,
              44.37594
            ],
            [
              22.633300000000002,
              44.39094
            ],
            [
              22.6183,
              44.39094
            ],
            [
              22.6183,
              44.37594
            ],
            [
              22.633300000000002,
              44.37594
            ]
          ]
        ]
      },
      "properties": {
        "frp": 14.04,
        "acq_date": "2026-09-28",
        "acq_time": "1041",
        "satellite": "N21",
        "brightness": null,
        "NAME_1": "",
        "locality": ""
      }
    },
    {
      "type": "Feature",
      "geometry": {
        "type": "Polygon",
        "coordinates": [
          [
            [
              22.73995,
              44.39267
            ],
            [
              22.73995,
              44.40767
            ],
            [
              22.72495,
              44.40767
            ],
            [
              22.72495,
              44.39267
            ],
            [
              22.73995,
              44.39267
            ]
          ]
        ]
      },
      "properties": {
        "frp": 20.13,
        "acq_date": "2026-09-28",
        "acq_time": "1041",
        "satellite": "N21",
        "brightness": null,
        "NAME_1": "",
        "locality": ""
      }
    },
    {
      "type": "Feature",
      "geometry": {
        "type": "Polygon",
        "coordinates": [
          [
            [
              22.7884,
              44.463969999999996
            ],
            [
              22.7884,
              44.47897
            ],
            [
              22.7734,
              44.47897
            ],
            [
              22.7734,
              44.463969999999996
            ],
            [
              22.7884,
              44.463969999999996
            ]
          ]
        ]
      },
      "properties": {
        "frp": 4.12,
        "acq_date": "2026-09-28",
        "acq_time": "1041",
        "satellite": "N21",
        "brightness": null,
        "NAME_1": "",
        "locality": ""
      }
    },
    {
      "type": "Feature",
      "geometry": {
        "type": "Polygon",
        "coordinates": [
          [
            [
              25.6339,
              44.81889
            ],
            [
              25.6339,
              44.833890000000004
            ],
            [
              25.6189,
              44.833890000000004
            ],
            [
              25.6189,
              44.81889
            ],
            [
              25.6339,
              44.81889
            ]
          ]
        ]
      },
      "properties": {
        "frp": 3.29,
        "acq_date": "2026-09-28",
        "acq_time": "1041",
        "satellite": "N21",
        "brightness": null,
        "NAME_1": "",
        "locality": ""
      }
    },
    {
      "type": "Feature",
      "geometry": {
        "type": "Polygon",
        "coordinates": [
          [
            [
              22.436700000000002,
              44.87859
            ],
            [
              22.436700000000002,
              44.89359
            ],
            [
              22.4217,
              44.89359
            ],
            [
              22.4217,
              44.87859
            ],
            [
              22.436700000000002,
              44.87859
            ]
          ]
        ]
      },
      "properties": {
        "frp": 6.27,
        "acq_date": "2026-09-28",
        "acq_time": "1041",
        "satellite": "N21",
        "brightness": null,
        "NAME_1": "",
        "locality": ""
      }
    },
    {
      "type": "Feature",
      "geometry": {
        "type": "Polygon",
        "coordinates": [
          [
            [
              38.37184,
              45.67089
            ],
            [
              38.37184,
              45.68589
            ],
            [
              38.35684,
              45.68589
            ],
            [
              38.35684,
              45.67089
            ],
            [
              38.37184,
              45.67089
            ]
          ]
        ]
      },
      "properties": {
        "frp": 12.88,
        "acq_date": "2026-09-28",
        "acq_time": "1041",
        "satellite": "N21",
        "brightness": null,
        "NAME_1": "Krasnodar",
        "locality": "Kalininskiy rayon"
      }
    },
    {
      "type": "Feature",
      "geometry": {
        "type": "Polygon",
        "coordinates": [
          [
            [
              39.78543,
              46.12306
            ],
            [
              39.78543,
              46.13806
            ],
            [
              39.77043,
              46.13806
            ],
            [
              39.77043,
              46.12306
            ],
            [
              39.78543,
              46.12306
            ]
          ]
        ]
      },
      "properties": {
        "frp": 3.49,
        "acq_date": "2026-09-28",
        "acq_time": "1041",
        "satellite": "N21",
        "brightness": null,
        "NAME_1": "Krasnodar",
        "locality": "Pavlovskiy rayon"
      }
    },
    {
      "type": "Feature",
      "geometry": {
        "type": "Polygon",
        "coordinates": [
          [
            [
              40.077980000000004,
              46.54629
            ],
            [
              40.077980000000004,
              46.56129
            ],
            [
              40.06298,
              46.56129
            ],
            [
              40.06298,
              46.54629
            ],
            [
              40.077980000000004,
              46.54629
            ]
          ]
        ]
      },
      "properties": {
        "frp": 5.58,
        "acq_date": "2026-09-28",
        "acq_time": "1041",
        "satellite": "N21",
        "brightness": null,
        "NAME_1": "Rostov",
        "locality": "Zernogradskiy rayon"
      }
    },
    {
      "type": "Feature",
      "geometry": {
        "type": "Polygon",
        "coordinates": [
          [
            [
              40.08352,
              46.54674
            ],
            [
              40.08352,
              46.56174
            ],
            [
              40.06852,
              46.56174
            ],
            [
              40.06852,
              46.54674
            ],
            [
              40.08352,
              46.54674
            ]
          ]
        ]
      },
      "properties": {
        "frp": 10.63,
        "acq_date": "2026-09-28",
        "acq_time": "1041",
        "satellite": "N21",
        "brightness": null,
        "NAME_1": "Rostov",
        "locality": "Zernogradskiy rayon"
      }
    },
    {
      "type": "Feature",
      "geometry": {
        "type": "Polygon",
        "coordinates": [
          [
            [
              40.07717,
              46.55046
            ],
            [
              40.07717,
              46.56546
            ],
            [
              40.06217,
              46.56546
            ],
            [
              40.06217,
              46.55046
            ],
            [
              40.07717,
              46.55046
            ]
          ]
        ]
      },
      "properties": {
        "frp": 8.86,
        "acq_date": "2026-09-28",
        "acq_time": "1041",
        "satellite": "N21",
        "brightness": null,
        "NAME_1": "Rostov",
        "locality": "Zernogradskiy rayon"
      }
    },
    {
      "type": "Feature",
      "geometry": {
        "type": "Polygon",
        "coordinates": [
          [
            [
              40.08273,
              46.55093
            ],
            [
              40.08273,
              46.56593
            ],
            [
              40.06773,
              46.56593
            ],
            [
              40.06773,
              46.55093
            ],
            [
              40.08273,
              46.55093
            ]
          ]
        ]
      },
      "properties": {
        "frp": 15.28,
        "acq_date": "2026-09-28",
        "acq_time": "1041",
        "satellite": "N21",
        "brightness": null,
        "NAME_1": "Rostov",
        "locality": "Zernogradskiy rayon"
      }
    },
    {
      "type": "Feature",
      "geometry": {
        "type": "Polygon",
        "coordinates": [
          [
            [
              40.0769,
              46.58442
            ],
            [
              40.0769,
              46.59942
            ],
            [
              40.0619,
              46.59942
            ],
            [
              40.0619,
              46.58442
            ],
            [
              40.0769,
              46.58442
            ]
          ]
        ]
      },
      "properties": {
        "frp": 4.9,
        "acq_date": "2026-09-28",
        "acq_time": "1041",
        "satellite": "N21",
        "brightness": null,
        "NAME_1": "Rostov",
        "locality": "Zernogradskiy rayon"
      }
    },
    {
      "type": "Feature",
      "geometry": {
        "type": "Polygon",
        "coordinates": [
          [
            [
              34.77762,
              46.62886
            ],
            [
              34.77762,
              46.643860000000004
            ],
            [
              34.76262,
              46.643860000000004
            ],
            [
              34.76262,
              46.62886
            ],
            [
              34.77762,
              46.62886
            ]
          ]
        ]
      },
      "properties": {
        "frp": 5.71,
        "acq_date": "2026-09-28",
        "acq_time": "1041",
        "satellite": "N21",
        "brightness": null,
        "NAME_1": "Zaporizhia",
        "locality": "Iakymivs'kyi"
      }
    },
    {
      "type": "Feature",
      "geometry": {
        "type": "Polygon",
        "coordinates": [
          [
            [
              34.78112,
              46.63634
            ],
            [
              34.78112,
              46.65134
            ],
            [
              34.76612,
              46.65134
            ],
            [
              34.76612,
              46.63634
            ],
            [
              34.78112,
              46.63634
            ]
          ]
        ]
      },
      "properties": {
        "frp": 6.15,
        "acq_date": "2026-09-28",
        "acq_time": "1041",
        "satellite": "N21",
        "brightness": null,
        "NAME_1": "Zaporizhia",
        "locality": "Iakymivs'kyi"
      }
    },
    {
      "type": "Feature",
      "geometry": {
        "type": "Polygon",
        "coordinates": [
          [
            [
              39.16512,
              46.64433
            ],
            [
              39.16512,
              46.65933
            ],
            [
              39.15012,
              46.65933
            ],
            [
              39.15012,
              46.64433
            ],
            [
              39.16512,
              46.64433
            ]
          ]
        ]
      },
      "properties": {
        "frp": 2.54,
        "acq_date": "2026-09-28",
        "acq_time": "1041",
        "satellite": "N21",
        "brightness": null,
        "NAME_1": "Krasnodar",
        "locality": "Starominskiy rayon"
      }
    },
    {
      "type": "Feature",
      "geometry": {
        "type": "Polygon",
        "coordinates": [
          [
            [
              36.63931,
              46.80793
            ],
            [
              36.63931,
              46.82293
            ],
            [
              36.62431,
              46.82293
            ],
            [
              36.62431,
              46.80793
            ],
            [
              36.63931,
              46.80793
            ]
          ]
        ]
      },
      "properties": {
        "frp": 11.98,
        "acq_date": "2026-09-28",
        "acq_time": "1041",
        "satellite": "N21",
        "brightness": null,
        "NAME_1": "Zaporizhia",
        "locality": "Berdians'kyi"
      }
    },
    {
      "type": "Feature",
      "geometry": {
        "type": "Polygon",
        "coordinates": [
          [
            [
              35.24914,
              47.3069
            ],
            [
              35.24914,
              47.3219
            ],
            [
              35.23414,
              47.3219
            ],
            [
              35.23414,
              47.3069
            ],
            [
              35.24914,
              47.3069
            ]
          ]
        ]
      },
      "properties": {
        "frp": 15.55,
        "acq_date": "2026-09-28",
        "acq_time": "1041",
        "satellite": "N21",
        "brightness": null,
        "NAME_1": "Zaporizhia",
        "locality": "Mykhailivs'kyi"
      }
    },
    {
      "type": "Feature",
      "geometry": {
        "type": "Polygon",
        "coordinates": [
          [
            [
              36.9985,
              47.47254
            ],
            [
              36.9985,
              47.48754
            ],
            [
              36.9835,
              47.48754
            ],
            [
              36.9835,
              47.47254
            ],
            [
              36.9985,
              47.47254
            ]
          ]
        ]
      },
      "properties": {
        "frp": 2.96,
        "acq_date": "2026-09-28",
        "acq_time": "1041",
        "satellite": "N21",
        "brightness": null,
        "NAME_1": "Zaporizhia",
        "locality": "Rozivs'kyi"
      }
    },
    {
      "type": "Feature",
      "geometry": {
        "type": "Polygon",
        "coordinates": [
          [
            [
              36.99756,
              47.47622
            ],
            [
              36.99756,
              47.49122
            ],
            [
              36.98256,
              47.49122
            ],
            [
              36.98256,
              47.47622
            ],
            [
              36.99756,
              47.47622
            ]
          ]
        ]
      },
      "properties": {
        "frp": 5.39,
        "acq_date": "2026-09-28",
        "acq_time": "1041",
        "satellite": "N21",
        "brightness": null,
        "NAME_1": "Zaporizhia",
        "locality": "Rozivs'kyi"
      }
    },
    {
      "type": "Feature",
      "geometry": {
        "type": "Polygon",
        "coordinates": [
          [
            [
              36.99725,
              47.478
            ],
            [
              36.99725,
              47.493
            ],
            [
              36.98225,
              47.493
            ],
            [
              36.98225,
              47.478
            ],
            [
              36.99725,
              47.478
            ]
          ]
        ]
      },
      "properties": {
        "frp": 3.79,
        "acq_date": "2026-09-28",
        "acq_time": "1041",
        "satellite": "N21",
        "brightness": null,
        "NAME_1": "Zaporizhia",
        "locality": "Rozivs'kyi"
      }
    },
    {
      "type": "Feature",
      "geometry": {
        "type": "Polygon",
        "coordinates": [
          [
            [
              37.58263,
              47.50322
            ],
            [
              37.58263,
              47.51822
            ],
            [
              37.56763,
              47.51822
            ],
            [
              37.56763,
              47.50322
            ],
            [
              37.58263,
              47.50322
            ]
          ]
        ]
      },
      "properties": {
        "frp": 5.96,
        "acq_date": "2026-09-28",
        "acq_time": "1041",
        "satellite": "N21",
        "brightness": null,
        "NAME_1": "Donets'k",
        "locality": "Volnovas'kyi"
      }
    },
    {
      "type": "Feature",
      "geometry": {
        "type": "Polygon",
        "coordinates": [
          [
            [
              37.5894,
              47.5039
            ],
            [
              37.5894,
              47.5189
            ],
            [
              37.5744,
              47.5189
            ],
            [
              37.5744,
              47.5039
            ],
            [
              37.5894,
              47.5039
            ]
          ]
        ]
      },
      "properties": {
        "frp": 9.04,
        "acq_date": "2026-09-28",
        "acq_time": "1041",
        "satellite": "N21",
        "brightness": null,
        "NAME_1": "Donets'k",
        "locality": "Volnovas'kyi"
      }
    },
    {
      "type": "Feature",
      "geometry": {
        "type": "Polygon",
        "coordinates": [
          [
            [
              37.43156,
              47.98706
            ],
            [
              37.43156,
              48.00206
            ],
            [
              37.41656,
              48.00206
            ],
            [
              37.41656,
              47.98706
            ],
            [
              37.43156,
              47.98706
            ]
          ]
        ]
      },
      "properties": {
        "frp": 7.54,
        "acq_date": "2026-09-28",
        "acq_time": "1041",
        "satellite": "N21",
        "brightness": null,
        "NAME_1": "Donets'k",
        "locality": "Mar\u2039ns'kyi"
      }
    },
    {
      "type": "Feature",
      "geometry": {
        "type": "Polygon",
        "coordinates": [
          [
            [
              36.44542,
              48.00718
            ],
            [
              36.44542,
              48.02218
            ],
            [
              36.43042,
              48.02218
            ],
            [
              36.43042,
              48.00718
            ],
            [
              36.44542,
              48.00718
            ]
          ]
        ]
      },
      "properties": {
        "frp": 3.71,
        "acq_date": "2026-09-28",
        "acq_time": "1041",
        "satellite": "N21",
        "brightness": null,
        "NAME_1": "Dnipropetrovs'k",
        "locality": "Pokrovs'kyi"
      }
    },
    {
      "type": "Feature",
      "geometry": {
        "type": "Polygon",
        "coordinates": [
          [
            [
              37.40085,
              48.03032
            ],
            [
              37.40085,
              48.045320000000004
            ],
            [
              37.38585,
              48.045320000000004
            ],
            [
              37.38585,
              48.03032
            ],
            [
              37.40085,
              48.03032
            ]
          ]
        ]
      },
      "properties": {
        "frp": 6.56,
        "acq_date": "2026-09-28",
        "acq_time": "1041",
        "satellite": "N21",
        "brightness": null,
        "NAME_1": "Donets'k",
        "locality": "Mar\u2039ns'kyi"
      }
    },
    {
      "type": "Feature",
      "geometry": {
        "type": "Polygon",
        "coordinates": [
          [
            [
              40.51828,
              48.06956
            ],
            [
              40.51828,
              48.08456
            ],
            [
              40.50328,
              48.08456
            ],
            [
              40.50328,
              48.06956
            ],
            [
              40.51828,
              48.06956
            ]
          ]
        ]
      },
      "properties": {
        "frp": 34.97,
        "acq_date": "2026-09-28",
        "acq_time": "1041",
        "satellite": "N21",
        "brightness": null,
        "NAME_1": "Rostov",
        "locality": "Krasnosulinskiy rayon"
      }
    },
    {
      "type": "Feature",
      "geometry": {
        "type": "Polygon",
        "coordinates": [
          [
            [
              37.45164,
              48.11217
            ],
            [
              37.45164,
              48.12717
            ],
            [
              37.43664,
              48.12717
            ],
            [
              37.43664,
              48.11217
            ],
            [
              37.45164,
              48.11217
            ]
          ]
        ]
      },
      "properties": {
        "frp": 16.02,
        "acq_date": "2026-09-28",
        "acq_time": "1041",
        "satellite": "N21",
        "brightness": null,
        "NAME_1": "Donets'k",
        "locality": "Mar\u2039ns'kyi"
      }
    },
    {
      "type": "Feature",
      "geometry": {
        "type": "Polygon",
        "coordinates": [
          [
            [
              30.5966,
              48.466
            ],
            [
              30.5966,
              48.481
            ],
            [
              30.581599999999998,
              48.481
            ],
            [
              30.581599999999998,
              48.466
            ],
            [
              30.5966,
              48.466
            ]
          ]
        ]
      },
      "properties": {
        "frp": 3.29,
        "acq_date": "2026-09-28",
        "acq_time": "1041",
        "satellite": "N21",
        "brightness": null,
        "NAME_1": "Kirovohrad",
        "locality": "Holovanivs'kyi"
      }
    },
    {
      "type": "Feature",
      "geometry": {
        "type": "Polygon",
        "coordinates": [
          [
            [
              37.55239,
              48.62816
            ],
            [
              37.55239,
              48.64316
            ],
            [
              37.53739,
              48.64316
            ],
            [
              37.53739,
              48.62816
            ],
            [
              37.55239,
              48.62816
            ]
          ]
        ]
      },
      "properties": {
        "frp": 2.3,
        "acq_date": "2026-09-28",
        "acq_time": "1041",
        "satellite": "N21",
        "brightness": null,
        "NAME_1": "Donets'k",
        "locality": "Kramators'ka"
      }
    },
    {
      "type": "Feature",
      "geometry": {
        "type": "Polygon",
        "coordinates": [
          [
            [
              35.10076,
              49.06231
            ],
            [
              35.10076,
              49.07731
            ],
            [
              35.08576,
              49.07731
            ],
            [
              35.08576,
              49.06231
            ],
            [
              35.10076,
              49.06231
            ]
          ]
        ]
      },
      "properties": {
        "frp": 4.61,
        "acq_date": "2026-09-28",
        "acq_time": "1041",
        "satellite": "N21",
        "brightness": null,
        "NAME_1": "Dnipropetrovs'k",
        "locality": "Mahdalynivs'kyi"
      }
    },
    {
      "type": "Feature",
      "geometry": {
        "type": "Polygon",
        "coordinates": [
          [
            [
              26.80576,
              49.11652
            ],
            [
              26.80576,
              49.13152
            ],
            [
              26.79076,
              49.13152
            ],
            [
              26.79076,
              49.11652
            ],
            [
              26.80576,
              49.11652
            ]
          ]
        ]
      },
      "properties": {
        "frp": 8.15,
        "acq_date": "2026-09-28",
        "acq_time": "1041",
        "satellite": "N21",
        "brightness": null,
        "NAME_1": "Khmel'nyts'kyy",
        "locality": "Iarmolynets'kyi"
      }
    },
    {
      "type": "Feature",
      "geometry": {
        "type": "Polygon",
        "coordinates": [
          [
            [
              25.74359,
              49.66893
            ],
            [
              25.74359,
              49.683930000000004
            ],
            [
              25.72859,
              49.683930000000004
            ],
            [
              25.72859,
              49.66893
            ],
            [
              25.74359,
              49.66893
            ]
          ]
        ]
      },
      "properties": {
        "frp": 6.16,
        "acq_date": "2026-09-28",
        "acq_time": "1041",
        "satellite": "N21",
        "brightness": null,
        "NAME_1": "Ternopil'",
        "locality": "Zbaraz'kyi"
      }
    },
    {
      "type": "Feature",
      "geometry": {
        "type": "Polygon",
        "coordinates": [
          [
            [
              37.57018,
              50.28751
            ],
            [
              37.57018,
              50.30251
            ],
            [
              37.55518,
              50.30251
            ],
            [
              37.55518,
              50.28751
            ],
            [
              37.57018,
              50.28751
            ]
          ]
        ]
      },
      "properties": {
        "frp": 3.69,
        "acq_date": "2026-09-28",
        "acq_time": "1041",
        "satellite": "N21",
        "brightness": null,
        "NAME_1": "Kharkiv",
        "locality": "Velykoburluts'kyi"
      }
    },
    {
      "type": "Feature",
      "geometry": {
        "type": "Polygon",
        "coordinates": [
          [
            [
              30.5186,
              50.43758
            ],
            [
              30.5186,
              50.45258
            ],
            [
              30.5036,
              50.45258
            ],
            [
              30.5036,
              50.43758
            ],
            [
              30.5186,
              50.43758
            ]
          ]
        ]
      },
      "properties": {
        "frp": 6.17,
        "acq_date": "2026-09-28",
        "acq_time": "1041",
        "satellite": "N21",
        "brightness": null,
        "NAME_1": "Kiev City",
        "locality": "Shevchenkivs'kyi"
      }
    },
    {
      "type": "Feature",
      "geometry": {
        "type": "Polygon",
        "coordinates": [
          [
            [
              30.86985,
              50.54568
            ],
            [
              30.86985,
              50.56068
            ],
            [
              30.85485,
              50.56068
            ],
            [
              30.85485,
              50.54568
            ],
            [
              30.86985,
              50.54568
            ]
          ]
        ]
      },
      "properties": {
        "frp": 3.62,
        "acq_date": "2026-09-28",
        "acq_time": "1041",
        "satellite": "N21",
        "brightness": null,
        "NAME_1": "Kiev",
        "locality": "Brovars'kyi"
      }
    },
    {
      "type": "Feature",
      "geometry": {
        "type": "Polygon",
        "coordinates": [
          [
            [
              37.939280000000004,
              51.13265
            ],
            [
              37.939280000000004,
              51.14765
            ],
            [
              37.92428,
              51.14765
            ],
            [
              37.92428,
              51.13265
            ],
            [
              37.939280000000004,
              51.13265
            ]
          ]
        ]
      },
      "properties": {
        "frp": 9.92,
        "acq_date": "2026-09-28",
        "acq_time": "1041",
        "satellite": "N21",
        "brightness": null,
        "NAME_1": "Belgorod",
        "locality": "Starooskol'skiy rayon"
      }
    },
    {
      "type": "Feature",
      "geometry": {
        "type": "Polygon",
        "coordinates": [
          [
            [
              24.88243,
              52.25625
            ],
            [
              24.88243,
              52.27125
            ],
            [
              24.86743,
              52.27125
            ],
            [
              24.86743,
              52.25625
            ],
            [
              24.88243,
              52.25625
            ]
          ]
        ]
      },
      "properties": {
        "frp": 3.13,
        "acq_date": "2026-09-28",
        "acq_time": "1041",
        "satellite": "N21",
        "brightness": null,
        "NAME_1": "Brest",
        "locality": "Drahichyn"
      }
    },
    {
      "type": "Feature",
      "geometry": {
        "type": "Polygon",
        "coordinates": [
          [
            [
              27.26557,
              50.64443
            ],
            [
              27.26557,
              50.65943
            ],
            [
              27.25057,
              50.65943
            ],
            [
              27.25057,
              50.64443
            ],
            [
              27.26557,
              50.64443
            ]
          ]
        ]
      },
      "properties": {
        "frp": 2.0,
        "acq_date": "2026-09-28",
        "acq_time": "1043",
        "satellite": "N21",
        "brightness": null,
        "NAME_1": "Zhytomyr",
        "locality": "Novohrad-Volyns'kyi"
      }
    },
    {
      "type": "Feature",
      "geometry": {
        "type": "Polygon",
        "coordinates": [
          [
            [
              25.33973,
              50.83747
            ],
            [
              25.33973,
              50.852470000000004
            ],
            [
              25.32473,
              50.852470000000004
            ],
            [
              25.32473,
              50.83747
            ],
            [
              25.33973,
              50.83747
            ]
          ]
        ]
      },
      "properties": {
        "frp": 5.02,
        "acq_date": "2026-09-28",
        "acq_time": "1043",
        "satellite": "N21",
        "brightness": null,
        "NAME_1": "Volyn",
        "locality": "Kivertsivs'kyi"
      }
    },
    {
      "type": "Feature",
      "geometry": {
        "type": "Polygon",
        "coordinates": [
          [
            [
              26.855430000000002,
              50.98647
            ],
            [
              26.855430000000002,
              51.00147
            ],
            [
              26.84043,
              51.00147
            ],
            [
              26.84043,
              50.98647
            ],
            [
              26.855430000000002,
              50.98647
            ]
          ]
        ]
      },
      "properties": {
        "frp": 3.74,
        "acq_date": "2026-09-28",
        "acq_time": "1043",
        "satellite": "N21",
        "brightness": null,
        "NAME_1": "Rivne",
        "locality": "Bereznivs'kyi"
      }
    },
    {
      "type": "Feature",
      "geometry": {
        "type": "Polygon",
        "coordinates": [
          [
            [
              28.80409,
              51.04336
            ],
            [
              28.80409,
              51.05836
            ],
            [
              28.789089999999998,
              51.05836
            ],
            [
              28.789089999999998,
              51.04336
            ],
            [
              28.80409,
              51.04336
            ]
          ]
        ]
      },
      "properties": {
        "frp": 3.11,
        "acq_date": "2026-09-28",
        "acq_time": "1043",
        "satellite": "N21",
        "brightness": null,
        "NAME_1": "Zhytomyr",
        "locality": "Korostens'kyi"
      }
    },
    {
      "type": "Feature",
      "geometry": {
        "type": "Polygon",
        "coordinates": [
          [
            [
              38.29803,
              52.33699
            ],
            [
              38.29803,
              52.35199
            ],
            [
              38.28303,
              52.35199
            ],
            [
              38.28303,
              52.33699
            ],
            [
              38.29803,
              52.33699
            ]
          ]
        ]
      },
      "properties": {
        "frp": 4.93,
        "acq_date": "2026-09-28",
        "acq_time": "1043",
        "satellite": "N21",
        "brightness": null,
        "NAME_1": "Lipetsk",
        "locality": "Dolgorukovskiy rayon"
      }
    },
    {
      "type": "Feature",
      "geometry": {
        "type": "Polygon",
        "coordinates": [
          [
            [
              38.30412,
              52.33746
            ],
            [
              38.30412,
              52.35246
            ],
            [
              38.28912,
              52.35246
            ],
            [
              38.28912,
              52.33746
            ],
            [
              38.30412,
              52.33746
            ]
          ]
        ]
      },
      "properties": {
        "frp": 7.12,
        "acq_date": "2026-09-28",
        "acq_time": "1043",
        "satellite": "N21",
        "brightness": null,
        "NAME_1": "Lipetsk",
        "locality": "Dolgorukovskiy rayon"
      }
    },
    {
      "type": "Feature",
      "geometry": {
        "type": "Polygon",
        "coordinates": [
          [
            [
              29.99966,
              52.84102
            ],
            [
              29.99966,
              52.85602
            ],
            [
              29.984659999999998,
              52.85602
            ],
            [
              29.984659999999998,
              52.84102
            ],
            [
              29.99966,
              52.84102
            ]
          ]
        ]
      },
      "properties": {
        "frp": 3.8,
        "acq_date": "2026-09-28",
        "acq_time": "1043",
        "satellite": "N21",
        "brightness": null,
        "NAME_1": "Gomel",
        "locality": "\u017dlobin"
      }
    },
    {
      "type": "Feature",
      "geometry": {
        "type": "Polygon",
        "coordinates": [
          [
            [
              23.0003,
              44.14983
            ],
            [
              23.0003,
              44.16483
            ],
            [
              22.9853,
              44.16483
            ],
            [
              22.9853,
              44.14983
            ],
            [
              23.0003,
              44.14983
            ]
          ]
        ]
      },
      "properties": {
        "frp": 8.87,
        "acq_date": "2026-09-28",
        "acq_time": "1219",
        "satellite": "N21",
        "brightness": null,
        "NAME_1": "",
        "locality": ""
      }
    },
    {
      "type": "Feature",
      "geometry": {
        "type": "Polygon",
        "coordinates": [
          [
            [
              22.64183,
              44.37526
            ],
            [
              22.64183,
              44.39026
            ],
            [
              22.626829999999998,
              44.39026
            ],
            [
              22.626829999999998,
              44.37526
            ],
            [
              22.64183,
              44.37526
            ]
          ]
        ]
      },
      "properties": {
        "frp": 9.25,
        "acq_date": "2026-09-28",
        "acq_time": "1219",
        "satellite": "N21",
        "brightness": null,
        "NAME_1": "",
        "locality": ""
      }
    },
    {
      "type": "Feature",
      "geometry": {
        "type": "Polygon",
        "coordinates": [
          [
            [
              25.3159,
              44.39844
            ],
            [
              25.3159,
              44.41344
            ],
            [
              25.3009,
              44.41344
            ],
            [
              25.3009,
              44.39844
            ],
            [
              25.3159,
              44.39844
            ]
          ]
        ]
      },
      "properties": {
        "frp": 6.03,
        "acq_date": "2026-09-28",
        "acq_time": "1219",
        "satellite": "N21",
        "brightness": null,
        "NAME_1": "",
        "locality": ""
      }
    },
    {
      "type": "Feature",
      "geometry": {
        "type": "Polygon",
        "coordinates": [
          [
            [
              23.11555,
              44.672579999999996
            ],
            [
              23.11555,
              44.68758
            ],
            [
              23.10055,
              44.68758
            ],
            [
              23.10055,
              44.672579999999996
            ],
            [
              23.11555,
              44.672579999999996
            ]
          ]
        ]
      },
      "properties": {
        "frp": 14.6,
        "acq_date": "2026-09-28",
        "acq_time": "1219",
        "satellite": "N21",
        "brightness": null,
        "NAME_1": "",
        "locality": ""
      }
    },
    {
      "type": "Feature",
      "geometry": {
        "type": "Polygon",
        "coordinates": [
          [
            [
              22.43254,
              44.87441
            ],
            [
              22.43254,
              44.88941
            ],
            [
              22.41754,
              44.88941
            ],
            [
              22.41754,
              44.87441
            ],
            [
              22.43254,
              44.87441
            ]
          ]
        ]
      },
      "properties": {
        "frp": 8.21,
        "acq_date": "2026-09-28",
        "acq_time": "1219",
        "satellite": "N21",
        "brightness": null,
        "NAME_1": "",
        "locality": ""
      }
    },
    {
      "type": "Feature",
      "geometry": {
        "type": "Polygon",
        "coordinates": [
          [
            [
              22.43605,
              44.87449
            ],
            [
              22.43605,
              44.88949
            ],
            [
              22.42105,
              44.88949
            ],
            [
              22.42105,
              44.87449
            ],
            [
              22.43605,
              44.87449
            ]
          ]
        ]
      },
      "properties": {
        "frp": 8.21,
        "acq_date": "2026-09-28",
        "acq_time": "1219",
        "satellite": "N21",
        "brightness": null,
        "NAME_1": "",
        "locality": ""
      }
    },
    {
      "type": "Feature",
      "geometry": {
        "type": "Polygon",
        "coordinates": [
          [
            [
              22.4398,
              44.87458
            ],
            [
              22.4398,
              44.88958
            ],
            [
              22.4248,
              44.88958
            ],
            [
              22.4248,
              44.87458
            ],
            [
              22.4398,
              44.87458
            ]
          ]
        ]
      },
      "properties": {
        "frp": 6.76,
        "acq_date": "2026-09-28",
        "acq_time": "1219",
        "satellite": "N21",
        "brightness": null,
        "NAME_1": "",
        "locality": ""
      }
    },
    {
      "type": "Feature",
      "geometry": {
        "type": "Polygon",
        "coordinates": [
          [
            [
              39.143,
              46.64009
            ],
            [
              39.143,
              46.65509
            ],
            [
              39.128,
              46.65509
            ],
            [
              39.128,
              46.64009
            ],
            [
              39.143,
              46.64009
            ]
          ]
        ]
      },
      "properties": {
        "frp": 0.99,
        "acq_date": "2026-09-28",
        "acq_time": "2254",
        "satellite": "N21",
        "brightness": null,
        "NAME_1": "Krasnodar",
        "locality": "Starominskiy rayon"
      }
    },
    {
      "type": "Feature",
      "geometry": {
        "type": "Polygon",
        "coordinates": [
          [
            [
              37.26001,
              47.03663
            ],
            [
              37.26001,
              47.05163
            ],
            [
              37.24501,
              47.05163
            ],
            [
              37.24501,
              47.03663
            ],
            [
              37.26001,
              47.03663
            ]
          ]
        ]
      },
      "properties": {
        "frp": 3.85,
        "acq_date": "2026-09-28",
        "acq_time": "2254",
        "satellite": "N21",
        "brightness": null,
        "NAME_1": "Donets'k",
        "locality": "Pershotravnevyi"
      }
    },
    {
      "type": "Feature",
      "geometry": {
        "type": "Polygon",
        "coordinates": [
          [
            [
              37.25329,
              47.03711
            ],
            [
              37.25329,
              47.05211
            ],
            [
              37.23829,
              47.05211
            ],
            [
              37.23829,
              47.03711
            ],
            [
              37.25329,
              47.03711
            ]
          ]
        ]
      },
      "properties": {
        "frp": 3.62,
        "acq_date": "2026-09-28",
        "acq_time": "2254",
        "satellite": "N21",
        "brightness": null,
        "NAME_1": "Donets'k",
        "locality": "Pershotravnevyi"
      }
    },
    {
      "type": "Feature",
      "geometry": {
        "type": "Polygon",
        "coordinates": [
          [
            [
              37.2607,
              47.04116
            ],
            [
              37.2607,
              47.05616
            ],
            [
              37.2457,
              47.05616
            ],
            [
              37.2457,
              47.04116
            ],
            [
              37.2607,
              47.04116
            ]
          ]
        ]
      },
      "properties": {
        "frp": 4.8,
        "acq_date": "2026-09-28",
        "acq_time": "2254",
        "satellite": "N21",
        "brightness": null,
        "NAME_1": "Donets'k",
        "locality": "Pershotravnevyi"
      }
    },
    {
      "type": "Feature",
      "geometry": {
        "type": "Polygon",
        "coordinates": [
          [
            [
              37.98389,
              47.17401
            ],
            [
              37.98389,
              47.18901
            ],
            [
              37.96889,
              47.18901
            ],
            [
              37.96889,
              47.17401
            ],
            [
              37.98389,
              47.17401
            ]
          ]
        ]
      },
      "properties": {
        "frp": 0.75,
        "acq_date": "2026-09-28",
        "acq_time": "2254",
        "satellite": "N21",
        "brightness": null,
        "NAME_1": "Donets'k",
        "locality": "Novoazovs'kyi"
      }
    },
    {
      "type": "Feature",
      "geometry": {
        "type": "Polygon",
        "coordinates": [
          [
            [
              36.2101,
              47.19281
            ],
            [
              36.2101,
              47.20781
            ],
            [
              36.1951,
              47.20781
            ],
            [
              36.1951,
              47.19281
            ],
            [
              36.2101,
              47.19281
            ]
          ]
        ]
      },
      "properties": {
        "frp": 2.18,
        "acq_date": "2026-09-28",
        "acq_time": "2254",
        "satellite": "N21",
        "brightness": null,
        "NAME_1": "Zaporizhia",
        "locality": "Chernihivs'kyi"
      }
    },
    {
      "type": "Feature",
      "geometry": {
        "type": "Polygon",
        "coordinates": [
          [
            [
              34.6746,
              47.29549
            ],
            [
              34.6746,
              47.31049
            ],
            [
              34.6596,
              47.31049
            ],
            [
              34.6596,
              47.29549
            ],
            [
              34.6746,
              47.29549
            ]
          ]
        ]
      },
      "properties": {
        "frp": 1.2,
        "acq_date": "2026-09-28",
        "acq_time": "2254",
        "satellite": "N21",
        "brightness": null,
        "NAME_1": "Zaporizhia",
        "locality": "Kamians'ko-Dniprovs'kyi"
      }
    },
    {
      "type": "Feature",
      "geometry": {
        "type": "Polygon",
        "coordinates": [
          [
            [
              40.14047,
              47.37879
            ],
            [
              40.14047,
              47.39379
            ],
            [
              40.12547,
              47.39379
            ],
            [
              40.12547,
              47.37879
            ],
            [
              40.14047,
              47.37879
            ]
          ]
        ]
      },
      "properties": {
        "frp": 2.62,
        "acq_date": "2026-09-28",
        "acq_time": "2254",
        "satellite": "N21",
        "brightness": null,
        "NAME_1": "Rostov",
        "locality": "Novocherkassk"
      }
    },
    {
      "type": "Feature",
      "geometry": {
        "type": "Polygon",
        "coordinates": [
          [
            [
              29.024630000000002,
              47.77868
            ],
            [
              29.024630000000002,
              47.79368
            ],
            [
              29.00963,
              47.79368
            ],
            [
              29.00963,
              47.77868
            ],
            [
              29.024630000000002,
              47.77868
            ]
          ]
        ]
      },
      "properties": {
        "frp": 1.44,
        "acq_date": "2026-09-28",
        "acq_time": "2254",
        "satellite": "N21",
        "brightness": null,
        "NAME_1": "",
        "locality": ""
      }
    },
    {
      "type": "Feature",
      "geometry": {
        "type": "Polygon",
        "coordinates": [
          [
            [
              35.16211,
              47.86887
            ],
            [
              35.16211,
              47.88387
            ],
            [
              35.14711,
              47.88387
            ],
            [
              35.14711,
              47.86887
            ],
            [
              35.16211,
              47.86887
            ]
          ]
        ]
      },
      "properties": {
        "frp": 0.45,
        "acq_date": "2026-09-28",
        "acq_time": "2254",
        "satellite": "N21",
        "brightness": null,
        "NAME_1": "Zaporizhia",
        "locality": "Zaporiz'ka"
      }
    },
    {
      "type": "Feature",
      "geometry": {
        "type": "Polygon",
        "coordinates": [
          [
            [
              37.95975,
              48.04983
            ],
            [
              37.95975,
              48.06483
            ],
            [
              37.94475,
              48.06483
            ],
            [
              37.94475,
              48.04983
            ],
            [
              37.95975,
              48.04983
            ]
          ]
        ]
      },
      "properties": {
        "frp": 0.73,
        "acq_date": "2026-09-28",
        "acq_time": "2254",
        "satellite": "N21",
        "brightness": null,
        "NAME_1": "Donets'k",
        "locality": "Maki\u2039vs'ka"
      }
    },
    {
      "type": "Feature",
      "geometry": {
        "type": "Polygon",
        "coordinates": [
          [
            [
              37.37058,
              48.07779
            ],
            [
              37.37058,
              48.09279
            ],
            [
              37.355579999999996,
              48.09279
            ],
            [
              37.355579999999996,
              48.07779
            ],
            [
              37.37058,
              48.07779
            ]
          ]
        ]
      },
      "properties": {
        "frp": 1.98,
        "acq_date": "2026-09-28",
        "acq_time": "2254",
        "satellite": "N21",
        "brightness": null,
        "NAME_1": "Donets'k",
        "locality": "Mar\u2039ns'kyi"
      }
    },
    {
      "type": "Feature",
      "geometry": {
        "type": "Polygon",
        "coordinates": [
          [
            [
              38.842620000000004,
              48.11747
            ],
            [
              38.842620000000004,
              48.13247
            ],
            [
              38.82762,
              48.13247
            ],
            [
              38.82762,
              48.11747
            ],
            [
              38.842620000000004,
              48.11747
            ]
          ]
        ]
      },
      "properties": {
        "frp": 0.8,
        "acq_date": "2026-09-28",
        "acq_time": "2254",
        "satellite": "N21",
        "brightness": null,
        "NAME_1": "Luhans'k",
        "locality": "Briankivs'ka"
      }
    },
    {
      "type": "Feature",
      "geometry": {
        "type": "Polygon",
        "coordinates": [
          [
            [
              38.51771,
              48.14905
            ],
            [
              38.51771,
              48.16405
            ],
            [
              38.50271,
              48.16405
            ],
            [
              38.50271,
              48.14905
            ],
            [
              38.51771,
              48.14905
            ]
          ]
        ]
      },
      "properties": {
        "frp": 0.79,
        "acq_date": "2026-09-28",
        "acq_time": "2254",
        "satellite": "N21",
        "brightness": null,
        "NAME_1": "Donets'k",
        "locality": "Shakhtars'kyi"
      }
    },
    {
      "type": "Feature",
      "geometry": {
        "type": "Polygon",
        "coordinates": [
          [
            [
              38.52062,
              48.15058
            ],
            [
              38.52062,
              48.16558
            ],
            [
              38.50562,
              48.16558
            ],
            [
              38.50562,
              48.15058
            ],
            [
              38.52062,
              48.15058
            ]
          ]
        ]
      },
      "properties": {
        "frp": 0.91,
        "acq_date": "2026-09-28",
        "acq_time": "2254",
        "satellite": "N21",
        "brightness": null,
        "NAME_1": "Donets'k",
        "locality": "Shakhtars'kyi"
      }
    },
    {
      "type": "Feature",
      "geometry": {
        "type": "Polygon",
        "coordinates": [
          [
            [
              38.51443,
              48.15104
            ],
            [
              38.51443,
              48.16604
            ],
            [
              38.49943,
              48.16604
            ],
            [
              38.49943,
              48.15104
            ],
            [
              38.51443,
              48.15104
            ]
          ]
        ]
      },
      "properties": {
        "frp": 2.03,
        "acq_date": "2026-09-28",
        "acq_time": "2254",
        "satellite": "N21",
        "brightness": null,
        "NAME_1": "Donets'k",
        "locality": "Shakhtars'kyi"
      }
    },
    {
      "type": "Feature",
      "geometry": {
        "type": "Polygon",
        "coordinates": [
          [
            [
              40.26083,
              48.31047
            ],
            [
              40.26083,
              48.32547
            ],
            [
              40.24583,
              48.32547
            ],
            [
              40.24583,
              48.31047
            ],
            [
              40.26083,
              48.31047
            ]
          ]
        ]
      },
      "properties": {
        "frp": 0.53,
        "acq_date": "2026-09-28",
        "acq_time": "2254",
        "satellite": "N21",
        "brightness": null,
        "NAME_1": "Rostov",
        "locality": "Kamensk-Shakhtinskiy"
      }
    },
    {
      "type": "Feature",
      "geometry": {
        "type": "Polygon",
        "coordinates": [
          [
            [
              34.63734,
              48.46619
            ],
            [
              34.63734,
              48.48119
            ],
            [
              34.62234,
              48.48119
            ],
            [
              34.62234,
              48.46619
            ],
            [
              34.63734,
              48.46619
            ]
          ]
        ]
      },
      "properties": {
        "frp": 1.17,
        "acq_date": "2026-09-28",
        "acq_time": "2254",
        "satellite": "N21",
        "brightness": null,
        "NAME_1": "Dnipropetrovs'k",
        "locality": "Dniprodzerzhyns'ka"
      }
    },
    {
      "type": "Feature",
      "geometry": {
        "type": "Polygon",
        "coordinates": [
          [
            [
              39.59449,
              48.59555
            ],
            [
              39.59449,
              48.61055
            ],
            [
              39.57949,
              48.61055
            ],
            [
              39.57949,
              48.59555
            ],
            [
              39.59449,
              48.59555
            ]
          ]
        ]
      },
      "properties": {
        "frp": 0.87,
        "acq_date": "2026-09-28",
        "acq_time": "2254",
        "satellite": "N21",
        "brightness": null,
        "NAME_1": "Luhans'k",
        "locality": "Stanychno-Luhans'kyi"
      }
    },
    {
      "type": "Feature",
      "geometry": {
        "type": "Polygon",
        "coordinates": [
          [
            [
              39.5953,
              48.59967
            ],
            [
              39.5953,
              48.614670000000004
            ],
            [
              39.5803,
              48.614670000000004
            ],
            [
              39.5803,
              48.59967
            ],
            [
              39.5953,
              48.59967
            ]
          ]
        ]
      },
      "properties": {
        "frp": 0.87,
        "acq_date": "2026-09-28",
        "acq_time": "2254",
        "satellite": "N21",
        "brightness": null,
        "NAME_1": "Luhans'k",
        "locality": "Stanychno-Luhans'kyi"
      }
    },
    {
      "type": "Feature",
      "geometry": {
        "type": "Polygon",
        "coordinates": [
          [
            [
              37.82028,
              48.98528
            ],
            [
              37.82028,
              49.000280000000004
            ],
            [
              37.805279999999996,
              49.000280000000004
            ],
            [
              37.805279999999996,
              48.98528
            ],
            [
              37.82028,
              48.98528
            ]
          ]
        ]
      },
      "properties": {
        "frp": 0.93,
        "acq_date": "2026-09-28",
        "acq_time": "2254",
        "satellite": "N21",
        "brightness": null,
        "NAME_1": "Donets'k",
        "locality": "Krasnolymans'kyi"
      }
    },
    {
      "type": "Feature",
      "geometry": {
        "type": "Polygon",
        "coordinates": [
          [
            [
              37.82098,
              48.98978
            ],
            [
              37.82098,
              49.004780000000004
            ],
            [
              37.80598,
              49.004780000000004
            ],
            [
              37.80598,
              48.98978
            ],
            [
              37.82098,
              48.98978
            ]
          ]
        ]
      },
      "properties": {
        "frp": 0.93,
        "acq_date": "2026-09-28",
        "acq_time": "2254",
        "satellite": "N21",
        "brightness": null,
        "NAME_1": "Donets'k",
        "locality": "Krasnolymans'kyi"
      }
    },
    {
      "type": "Feature",
      "geometry": {
        "type": "Polygon",
        "coordinates": [
          [
            [
              35.04692,
              49.28002
            ],
            [
              35.04692,
              49.29502
            ],
            [
              35.03192,
              49.29502
            ],
            [
              35.03192,
              49.28002
            ],
            [
              35.04692,
              49.28002
            ]
          ]
        ]
      },
      "properties": {
        "frp": 0.42,
        "acq_date": "2026-09-28",
        "acq_time": "2254",
        "satellite": "N21",
        "brightness": null,
        "NAME_1": "Kharkiv",
        "locality": "Zachepylivs'kyi"
      }
    },
    {
      "type": "Feature",
      "geometry": {
        "type": "Polygon",
        "coordinates": [
          [
            [
              37.72651,
              49.65162
            ],
            [
              37.72651,
              49.66662
            ],
            [
              37.71151,
              49.66662
            ],
            [
              37.71151,
              49.65162
            ],
            [
              37.72651,
              49.65162
            ]
          ]
        ]
      },
      "properties": {
        "frp": 0.52,
        "acq_date": "2026-09-28",
        "acq_time": "2254",
        "satellite": "N21",
        "brightness": null,
        "NAME_1": "Kharkiv",
        "locality": "Kupians'kyi"
      }
    },
    {
      "type": "Feature",
      "geometry": {
        "type": "Polygon",
        "coordinates": [
          [
            [
              37.93776,
              51.13299
            ],
            [
              37.93776,
              51.14799
            ],
            [
              37.92276,
              51.14799
            ],
            [
              37.92276,
              51.13299
            ],
            [
              37.93776,
              51.13299
            ]
          ]
        ]
      },
      "properties": {
        "frp": 2.81,
        "acq_date": "2026-09-28",
        "acq_time": "2254",
        "satellite": "N21",
        "brightness": null,
        "NAME_1": "Belgorod",
        "locality": "Starooskol'skiy rayon"
      }
    },
    {
      "type": "Feature",
      "geometry": {
        "type": "Polygon",
        "coordinates": [
          [
            [
              37.94733,
              51.14625
            ],
            [
              37.94733,
              51.16125
            ],
            [
              37.93233,
              51.16125
            ],
            [
              37.93233,
              51.14625
            ],
            [
              37.94733,
              51.14625
            ]
          ]
        ]
      },
      "properties": {
        "frp": 2.24,
        "acq_date": "2026-09-28",
        "acq_time": "2254",
        "satellite": "N21",
        "brightness": null,
        "NAME_1": "Belgorod",
        "locality": "Starooskol'skiy rayon"
      }
    },
    {
      "type": "Feature",
      "geometry": {
        "type": "Polygon",
        "coordinates": [
          [
            [
              37.77438,
              51.24921
            ],
            [
              37.77438,
              51.26421
            ],
            [
              37.75938,
              51.26421
            ],
            [
              37.75938,
              51.24921
            ],
            [
              37.77438,
              51.24921
            ]
          ]
        ]
      },
      "properties": {
        "frp": 2.38,
        "acq_date": "2026-09-28",
        "acq_time": "2254",
        "satellite": "N21",
        "brightness": null,
        "NAME_1": "Belgorod",
        "locality": "Starooskol'skiy rayon"
      }
    },
    {
      "type": "Feature",
      "geometry": {
        "type": "Polygon",
        "coordinates": [
          [
            [
              37.76681,
              51.24967
            ],
            [
              37.76681,
              51.26467
            ],
            [
              37.75181,
              51.26467
            ],
            [
              37.75181,
              51.24967
            ],
            [
              37.76681,
              51.24967
            ]
          ]
        ]
      },
      "properties": {
        "frp": 2.53,
        "acq_date": "2026-09-28",
        "acq_time": "2254",
        "satellite": "N21",
        "brightness": null,
        "NAME_1": "Belgorod",
        "locality": "Starooskol'skiy rayon"
      }
    },
    {
      "type": "Feature",
      "geometry": {
        "type": "Polygon",
        "coordinates": [
          [
            [
              34.39106,
              51.49594
            ],
            [
              34.39106,
              51.51094
            ],
            [
              34.37606,
              51.51094
            ],
            [
              34.37606,
              51.49594
            ],
            [
              34.39106,
              51.49594
            ]
          ]
        ]
      },
      "properties": {
        "frp": 0.46,
        "acq_date": "2026-09-28",
        "acq_time": "2254",
        "satellite": "N21",
        "brightness": null,
        "NAME_1": "Kursk",
        "locality": "Glushkovskiy rayon"
      }
    },
    {
      "type": "Feature",
      "geometry": {
        "type": "Polygon",
        "coordinates": [
          [
            [
              29.341820000000002,
              51.87848
            ],
            [
              29.341820000000002,
              51.893480000000004
            ],
            [
              29.32682,
              51.893480000000004
            ],
            [
              29.32682,
              51.87848
            ],
            [
              29.341820000000002,
              51.87848
            ]
          ]
        ]
      },
      "properties": {
        "frp": 1.92,
        "acq_date": "2026-09-28",
        "acq_time": "2254",
        "satellite": "N21",
        "brightness": null,
        "NAME_1": "Gomel",
        "locality": "Mazyr"
      }
    },
    {
      "type": "Feature",
      "geometry": {
        "type": "Polygon",
        "coordinates": [
          [
            [
              29.34425,
              51.88089
            ],
            [
              29.34425,
              51.89589
            ],
            [
              29.32925,
              51.89589
            ],
            [
              29.32925,
              51.88089
            ],
            [
              29.34425,
              51.88089
            ]
          ]
        ]
      },
      "properties": {
        "frp": 2.18,
        "acq_date": "2026-09-28",
        "acq_time": "2254",
        "satellite": "N21",
        "brightness": null,
        "NAME_1": "Gomel",
        "locality": "Mazyr"
      }
    },
    {
      "type": "Feature",
      "geometry": {
        "type": "Polygon",
        "coordinates": [
          [
            [
              29.34169,
              51.8851
            ],
            [
              29.34169,
              51.9001
            ],
            [
              29.32669,
              51.9001
            ],
            [
              29.32669,
              51.8851
            ],
            [
              29.34169,
              51.8851
            ]
          ]
        ]
      },
      "properties": {
        "frp": 1.92,
        "acq_date": "2026-09-28",
        "acq_time": "2254",
        "satellite": "N21",
        "brightness": null,
        "NAME_1": "Gomel",
        "locality": "Mazyr"
      }
    },
    {
      "type": "Feature",
      "geometry": {
        "type": "Polygon",
        "coordinates": [
          [
            [
              29.34404,
              51.8875
            ],
            [
              29.34404,
              51.9025
            ],
            [
              29.32904,
              51.9025
            ],
            [
              29.32904,
              51.8875
            ],
            [
              29.34404,
              51.8875
            ]
          ]
        ]
      },
      "properties": {
        "frp": 2.18,
        "acq_date": "2026-09-28",
        "acq_time": "2254",
        "satellite": "N21",
        "brightness": null,
        "NAME_1": "Gomel",
        "locality": "Mazyr"
      }
    },
    {
      "type": "Feature",
      "geometry": {
        "type": "Polygon",
        "coordinates": [
          [
            [
              34.53746,
              52.25792
            ],
            [
              34.53746,
              52.27292
            ],
            [
              34.52246,
              52.27292
            ],
            [
              34.52246,
              52.25792
            ],
            [
              34.53746,
              52.25792
            ]
          ]
        ]
      },
      "properties": {
        "frp": 1.01,
        "acq_date": "2026-09-28",
        "acq_time": "2254",
        "satellite": "N21",
        "brightness": null,
        "NAME_1": "Bryansk",
        "locality": "Sevskiy rayon"
      }
    },
    {
      "type": "Feature",
      "geometry": {
        "type": "Polygon",
        "coordinates": [
          [
            [
              34.54023,
              52.26044
            ],
            [
              34.54023,
              52.27544
            ],
            [
              34.52523,
              52.27544
            ],
            [
              34.52523,
              52.26044
            ],
            [
              34.54023,
              52.26044
            ]
          ]
        ]
      },
      "properties": {
        "frp": 1.47,
        "acq_date": "2026-09-28",
        "acq_time": "2254",
        "satellite": "N21",
        "brightness": null,
        "NAME_1": "Bryansk",
        "locality": "Sevskiy rayon"
      }
    },
    {
      "type": "Feature",
      "geometry": {
        "type": "Polygon",
        "coordinates": [
          [
            [
              39.62135,
              52.54784
            ],
            [
              39.62135,
              52.56284
            ],
            [
              39.60635,
              52.56284
            ],
            [
              39.60635,
              52.54784
            ],
            [
              39.62135,
              52.54784
            ]
          ]
        ]
      },
      "properties": {
        "frp": 2.85,
        "acq_date": "2026-09-28",
        "acq_time": "2254",
        "satellite": "N21",
        "brightness": null,
        "NAME_1": "Lipetsk",
        "locality": "Lipetsk"
      }
    },
    {
      "type": "Feature",
      "geometry": {
        "type": "Polygon",
        "coordinates": [
          [
            [
              29.9971,
              52.83809
            ],
            [
              29.9971,
              52.85309
            ],
            [
              29.9821,
              52.85309
            ],
            [
              29.9821,
              52.83809
            ],
            [
              29.9971,
              52.83809
            ]
          ]
        ]
      },
      "properties": {
        "frp": 1.69,
        "acq_date": "2026-09-28",
        "acq_time": "2254",
        "satellite": "N21",
        "brightness": null,
        "NAME_1": "Gomel",
        "locality": "\u017dlobin"
      }
    },
    {
      "type": "Feature",
      "geometry": {
        "type": "Polygon",
        "coordinates": [
          [
            [
              31.68129,
              45.25074
            ],
            [
              31.68129,
              45.26574
            ],
            [
              31.66629,
              45.26574
            ],
            [
              31.66629,
              45.25074
            ],
            [
              31.68129,
              45.25074
            ]
          ]
        ]
      },
      "properties": {
        "frp": 6.83,
        "acq_date": "2026-09-28",
        "acq_time": "2257",
        "satellite": "N21",
        "brightness": null,
        "NAME_1": "",
        "locality": ""
      }
    },
    {
      "type": "Feature",
      "geometry": {
        "type": "Polygon",
        "coordinates": [
          [
            [
              31.67542,
              45.25089
            ],
            [
              31.67542,
              45.26589
            ],
            [
              31.66042,
              45.26589
            ],
            [
              31.66042,
              45.25089
            ],
            [
              31.67542,
              45.25089
            ]
          ]
        ]
      },
      "properties": {
        "frp": 6.83,
        "acq_date": "2026-09-28",
        "acq_time": "2257",
        "satellite": "N21",
        "brightness": null,
        "NAME_1": "",
        "locality": ""
      }
    },
    {
      "type": "Feature",
      "geometry": {
        "type": "Polygon",
        "coordinates": [
          [
            [
              30.911,
              45.3467
            ],
            [
              30.911,
              45.3617
            ],
            [
              30.896,
              45.3617
            ],
            [
              30.896,
              45.3467
            ],
            [
              30.911,
              45.3467
            ]
          ]
        ]
      },
      "properties": {
        "frp": 2.92,
        "acq_date": "2026-09-28",
        "acq_time": "2257",
        "satellite": "N21",
        "brightness": null,
        "NAME_1": "",
        "locality": ""
      }
    },
    {
      "type": "Feature",
      "geometry": {
        "type": "Polygon",
        "coordinates": [
          [
            [
              30.26843,
              46.14131
            ],
            [
              30.26843,
              46.15631
            ],
            [
              30.253429999999998,
              46.15631
            ],
            [
              30.253429999999998,
              46.14131
            ],
            [
              30.26843,
              46.14131
            ]
          ]
        ]
      },
      "properties": {
        "frp": 3.81,
        "acq_date": "2026-09-28",
        "acq_time": "2257",
        "satellite": "N21",
        "brightness": null,
        "NAME_1": "Odessa",
        "locality": "Bilhorod-Dnistrovs'kyi"
      }
    },
    {
      "type": "Feature",
      "geometry": {
        "type": "Polygon",
        "coordinates": [
          [
            [
              30.55333,
              46.32097
            ],
            [
              30.55333,
              46.33597
            ],
            [
              30.53833,
              46.33597
            ],
            [
              30.53833,
              46.32097
            ],
            [
              30.55333,
              46.32097
            ]
          ]
        ]
      },
      "properties": {
        "frp": 1.23,
        "acq_date": "2026-09-28",
        "acq_time": "2257",
        "satellite": "N21",
        "brightness": null,
        "NAME_1": "Odessa",
        "locality": "Ovidiopol's'kyi"
      }
    },
    {
      "type": "Feature",
      "geometry": {
        "type": "Polygon",
        "coordinates": [
          [
            [
              35.69612,
              47.21297
            ],
            [
              35.69612,
              47.22797
            ],
            [
              35.68112,
              47.22797
            ],
            [
              35.68112,
              47.21297
            ],
            [
              35.69612,
              47.21297
            ]
          ]
        ]
      },
      "properties": {
        "frp": 1.52,
        "acq_date": "2026-09-25",
        "acq_time": "105",
        "satellite": "N20",
        "brightness": null,
        "NAME_1": "Zaporizhia",
        "locality": "Tokmats'ka"
      }
    },
    {
      "type": "Feature",
      "geometry": {
        "type": "Polygon",
        "coordinates": [
          [
            [
              26.81665,
              48.48672
            ],
            [
              26.81665,
              48.50172
            ],
            [
              26.80165,
              48.50172
            ],
            [
              26.80165,
              48.48672
            ],
            [
              26.81665,
              48.48672
            ]
          ]
        ]
      },
      "properties": {
        "frp": 1.11,
        "acq_date": "2026-09-25",
        "acq_time": "105",
        "satellite": "N20",
        "brightness": null,
        "NAME_1": "Chernivtsi",
        "locality": "Kel'menets'kyi"
      }
    },
    {
      "type": "Feature",
      "geometry": {
        "type": "Polygon",
        "coordinates": [
          [
            [
              37.93964,
              51.13124
            ],
            [
              37.93964,
              51.14624
            ],
            [
              37.92464,
              51.14624
            ],
            [
              37.92464,
              51.13124
            ],
            [
              37.93964,
              51.13124
            ]
          ]
        ]
      },
      "properties": {
        "frp": 2.56,
        "acq_date": "2026-09-25",
        "acq_time": "105",
        "satellite": "N20",
        "brightness": null,
        "NAME_1": "Belgorod",
        "locality": "Starooskol'skiy rayon"
      }
    },
    {
      "type": "Feature",
      "geometry": {
        "type": "Polygon",
        "coordinates": [
          [
            [
              37.76923,
              51.24941
            ],
            [
              37.76923,
              51.26441
            ],
            [
              37.75423,
              51.26441
            ],
            [
              37.75423,
              51.24941
            ],
            [
              37.76923,
              51.24941
            ]
          ]
        ]
      },
      "properties": {
        "frp": 2.18,
        "acq_date": "2026-09-25",
        "acq_time": "105",
        "satellite": "N20",
        "brightness": null,
        "NAME_1": "Belgorod",
        "locality": "Starooskol'skiy rayon"
      }
    },
    {
      "type": "Feature",
      "geometry": {
        "type": "Polygon",
        "coordinates": [
          [
            [
              37.77438,
              51.2523
            ],
            [
              37.77438,
              51.2673
            ],
            [
              37.75938,
              51.2673
            ],
            [
              37.75938,
              51.2523
            ],
            [
              37.77438,
              51.2523
            ]
          ]
        ]
      },
      "properties": {
        "frp": 1.56,
        "acq_date": "2026-09-25",
        "acq_time": "105",
        "satellite": "N20",
        "brightness": null,
        "NAME_1": "Belgorod",
        "locality": "Starooskol'skiy rayon"
      }
    },
    {
      "type": "Feature",
      "geometry": {
        "type": "Polygon",
        "coordinates": [
          [
            [
              38.34581,
              51.32577
            ],
            [
              38.34581,
              51.34077
            ],
            [
              38.33081,
              51.34077
            ],
            [
              38.33081,
              51.32577
            ],
            [
              38.34581,
              51.32577
            ]
          ]
        ]
      },
      "properties": {
        "frp": 0.95,
        "acq_date": "2026-09-25",
        "acq_time": "105",
        "satellite": "N20",
        "brightness": null,
        "NAME_1": "Kursk",
        "locality": "Gorshechenskiy rayon"
      }
    },
    {
      "type": "Feature",
      "geometry": {
        "type": "Polygon",
        "coordinates": [
          [
            [
              36.53205,
              52.56749
            ],
            [
              36.53205,
              52.58249
            ],
            [
              36.51705,
              52.58249
            ],
            [
              36.51705,
              52.56749
            ],
            [
              36.53205,
              52.56749
            ]
          ]
        ]
      },
      "properties": {
        "frp": 4.23,
        "acq_date": "2026-09-25",
        "acq_time": "105",
        "satellite": "N20",
        "brightness": null,
        "NAME_1": "Orel",
        "locality": "Sverdlovskiy rayon"
      }
    },
    {
      "type": "Feature",
      "geometry": {
        "type": "Polygon",
        "coordinates": [
          [
            [
              36.52972,
              52.56797
            ],
            [
              36.52972,
              52.58297
            ],
            [
              36.51472,
              52.58297
            ],
            [
              36.51472,
              52.56797
            ],
            [
              36.52972,
              52.56797
            ]
          ]
        ]
      },
      "properties": {
        "frp": 3.73,
        "acq_date": "2026-09-25",
        "acq_time": "105",
        "satellite": "N20",
        "brightness": null,
        "NAME_1": "Orel",
        "locality": "Sverdlovskiy rayon"
      }
    },
    {
      "type": "Feature",
      "geometry": {
        "type": "Polygon",
        "coordinates": [
          [
            [
              27.2063,
              52.71656
            ],
            [
              27.2063,
              52.73156
            ],
            [
              27.1913,
              52.73156
            ],
            [
              27.1913,
              52.71656
            ],
            [
              27.2063,
              52.71656
            ]
          ]
        ]
      },
      "properties": {
        "frp": 0.74,
        "acq_date": "2026-09-25",
        "acq_time": "105",
        "satellite": "N20",
        "brightness": null,
        "NAME_1": "Minsk",
        "locality": "Salihorsk"
      }
    },
    {
      "type": "Feature",
      "geometry": {
        "type": "Polygon",
        "coordinates": [
          [
            [
              29.99843,
              52.83904
            ],
            [
              29.99843,
              52.85404
            ],
            [
              29.98343,
              52.85404
            ],
            [
              29.98343,
              52.83904
            ],
            [
              29.99843,
              52.83904
            ]
          ]
        ]
      },
      "properties": {
        "frp": 1.55,
        "acq_date": "2026-09-25",
        "acq_time": "105",
        "satellite": "N20",
        "brightness": null,
        "NAME_1": "Gomel",
        "locality": "\u017dlobin"
      }
    },
    {
      "type": "Feature",
      "geometry": {
        "type": "Polygon",
        "coordinates": [
          [
            [
              36.93578,
              49.45642
            ],
            [
              36.93578,
              49.47142
            ],
            [
              36.92078,
              49.47142
            ],
            [
              36.92078,
              49.45642
            ],
            [
              36.93578,
              49.45642
            ]
          ]
        ]
      },
      "properties": {
        "frp": 0.93,
        "acq_date": "2026-09-25",
        "acq_time": "107",
        "satellite": "N20",
        "brightness": null,
        "NAME_1": "Kharkiv",
        "locality": "Balakliis'kyi"
      }
    },
    {
      "type": "Feature",
      "geometry": {
        "type": "Polygon",
        "coordinates": [
          [
            [
              36.93604,
              49.45714
            ],
            [
              36.93604,
              49.47214
            ],
            [
              36.92104,
              49.47214
            ],
            [
              36.92104,
              49.45714
            ],
            [
              36.93604,
              49.45714
            ]
          ]
        ]
      },
      "properties": {
        "frp": 0.81,
        "acq_date": "2026-09-25",
        "acq_time": "107",
        "satellite": "N20",
        "brightness": null,
        "NAME_1": "Kharkiv",
        "locality": "Balakliis'kyi"
      }
    },
    {
      "type": "Feature",
      "geometry": {
        "type": "Polygon",
        "coordinates": [
          [
            [
              30.93673,
              50.3633
            ],
            [
              30.93673,
              50.3783
            ],
            [
              30.92173,
              50.3783
            ],
            [
              30.92173,
              50.3633
            ],
            [
              30.93673,
              50.3633
            ]
          ]
        ]
      },
      "properties": {
        "frp": 4.9,
        "acq_date": "2026-09-25",
        "acq_time": "107",
        "satellite": "N20",
        "brightness": null,
        "NAME_1": "Kiev",
        "locality": "Boryspil's'ka"
      }
    },
    {
      "type": "Feature",
      "geometry": {
        "type": "Polygon",
        "coordinates": [
          [
            [
              30.93235,
              50.36459
            ],
            [
              30.93235,
              50.37959
            ],
            [
              30.91735,
              50.37959
            ],
            [
              30.91735,
              50.36459
            ],
            [
              30.93235,
              50.36459
            ]
          ]
        ]
      },
      "properties": {
        "frp": 4.9,
        "acq_date": "2026-09-25",
        "acq_time": "107",
        "satellite": "N20",
        "brightness": null,
        "NAME_1": "Kiev",
        "locality": "Boryspil's'ka"
      }
    },
    {
      "type": "Feature",
      "geometry": {
        "type": "Polygon",
        "coordinates": [
          [
            [
              34.92882,
              47.60311
            ],
            [
              34.92882,
              47.61811
            ],
            [
              34.91382,
              47.61811
            ],
            [
              34.91382,
              47.60311
            ],
            [
              34.92882,
              47.60311
            ]
          ]
        ]
      },
      "properties": {
        "frp": 6.26,
        "acq_date": "2026-09-25",
        "acq_time": "911",
        "satellite": "N20",
        "brightness": null,
        "NAME_1": "Zaporizhia",
        "locality": "Zaporiz'kyi"
      }
    },
    {
      "type": "Feature",
      "geometry": {
        "type": "Polygon",
        "coordinates": [
          [
            [
              38.05133,
              45.54763
            ],
            [
              38.05133,
              45.56263
            ],
            [
              38.03633,
              45.56263
            ],
            [
              38.03633,
              45.54763
            ],
            [
              38.05133,
              45.54763
            ]
          ]
        ]
      },
      "properties": {
        "frp": 2.37,
        "acq_date": "2026-09-25",
        "acq_time": "1051",
        "satellite": "N20",
        "brightness": null,
        "NAME_1": "Krasnodar",
        "locality": "Slavyanskiy rayon"
      }
    },
    {
      "type": "Feature",
      "geometry": {
        "type": "Polygon",
        "coordinates": [
          [
            [
              27.44722,
              45.65057
            ],
            [
              27.44722,
              45.66557
            ],
            [
              27.43222,
              45.66557
            ],
            [
              27.43222,
              45.65057
            ],
            [
              27.44722,
              45.65057
            ]
          ]
        ]
      },
      "properties": {
        "frp": 3.23,
        "acq_date": "2026-09-25",
        "acq_time": "1051",
        "satellite": "N20",
        "brightness": null,
        "NAME_1": "",
        "locality": ""
      }
    },
    {
      "type": "Feature",
      "geometry": {
        "type": "Polygon",
        "coordinates": [
          [
            [
              28.32007,
              46.64066
            ],
            [
              28.32007,
              46.65566
            ],
            [
              28.30507,
              46.65566
            ],
            [
              28.30507,
              46.64066
            ],
            [
              28.32007,
              46.64066
            ]
          ]
        ]
      },
      "properties": {
        "frp": 1.78,
        "acq_date": "2026-09-25",
        "acq_time": "1051",
        "satellite": "N20",
        "brightness": null,
        "NAME_1": "",
        "locality": ""
      }
    },
    {
      "type": "Feature",
      "geometry": {
        "type": "Polygon",
        "coordinates": [
          [
            [
              28.41964,
              46.85734
            ],
            [
              28.41964,
              46.87234
            ],
            [
              28.40464,
              46.87234
            ],
            [
              28.40464,
              46.85734
            ],
            [
              28.41964,
              46.85734
            ]
          ]
        ]
      },
      "properties": {
        "frp": 2.61,
        "acq_date": "2026-09-25",
        "acq_time": "1051",
        "satellite": "N20",
        "brightness": null,
        "NAME_1": "",
        "locality": ""
      }
    },
    {
      "type": "Feature",
      "geometry": {
        "type": "Polygon",
        "coordinates": [
          [
            [
              28.42474,
              46.85821
            ],
            [
              28.42474,
              46.87321
            ],
            [
              28.40974,
              46.87321
            ],
            [
              28.40974,
              46.85821
            ],
            [
              28.42474,
              46.85821
            ]
          ]
        ]
      },
      "properties": {
        "frp": 3.23,
        "acq_date": "2026-09-25",
        "acq_time": "1051",
        "satellite": "N20",
        "brightness": null,
        "NAME_1": "",
        "locality": ""
      }
    },
    {
      "type": "Feature",
      "geometry": {
        "type": "Polygon",
        "coordinates": [
          [
            [
              35.49862,
              47.44718
            ],
            [
              35.49862,
              47.462180000000004
            ],
            [
              35.48362,
              47.462180000000004
            ],
            [
              35.48362,
              47.44718
            ],
            [
              35.49862,
              47.44718
            ]
          ]
        ]
      },
      "properties": {
        "frp": 4.49,
        "acq_date": "2026-09-25",
        "acq_time": "1051",
        "satellite": "N20",
        "brightness": null,
        "NAME_1": "Zaporizhia",
        "locality": "Vasylivs'kyi"
      }
    },
    {
      "type": "Feature",
      "geometry": {
        "type": "Polygon",
        "coordinates": [
          [
            [
              37.71694,
              47.56397
            ],
            [
              37.71694,
              47.57897
            ],
            [
              37.70194,
              47.57897
            ],
            [
              37.70194,
              47.56397
            ],
            [
              37.71694,
              47.56397
            ]
          ]
        ]
      },
      "properties": {
        "frp": 13.52,
        "acq_date": "2026-09-25",
        "acq_time": "1051",
        "satellite": "N20",
        "brightness": null,
        "NAME_1": "Donets'k",
        "locality": "Tel'manivs'kyi"
      }
    },
    {
      "type": "Feature",
      "geometry": {
        "type": "Polygon",
        "coordinates": [
          [
            [
              37.72248,
              47.56443
            ],
            [
              37.72248,
              47.57943
            ],
            [
              37.70748,
              47.57943
            ],
            [
              37.70748,
              47.56443
            ],
            [
              37.72248,
              47.56443
            ]
          ]
        ]
      },
      "properties": {
        "frp": 11.8,
        "acq_date": "2026-09-25",
        "acq_time": "1051",
        "satellite": "N20",
        "brightness": null,
        "NAME_1": "Donets'k",
        "locality": "Tel'manivs'kyi"
      }
    },
    {
      "type": "Feature",
      "geometry": {
        "type": "Polygon",
        "coordinates": [
          [
            [
              37.71376,
              47.56527
            ],
            [
              37.71376,
              47.58027
            ],
            [
              37.69876,
              47.58027
            ],
            [
              37.69876,
              47.56527
            ],
            [
              37.71376,
              47.56527
            ]
          ]
        ]
      },
      "properties": {
        "frp": 2.85,
        "acq_date": "2026-09-25",
        "acq_time": "1051",
        "satellite": "N20",
        "brightness": null,
        "NAME_1": "Donets'k",
        "locality": "Tel'manivs'kyi"
      }
    },
    {
      "type": "Feature",
      "geometry": {
        "type": "Polygon",
        "coordinates": [
          [
            [
              37.71927,
              47.56576
            ],
            [
              37.71927,
              47.58076
            ],
            [
              37.70427,
              47.58076
            ],
            [
              37.70427,
              47.56576
            ],
            [
              37.71927,
              47.56576
            ]
          ]
        ]
      },
      "properties": {
        "frp": 22.12,
        "acq_date": "2026-09-25",
        "acq_time": "1051",
        "satellite": "N20",
        "brightness": null,
        "NAME_1": "Donets'k",
        "locality": "Tel'manivs'kyi"
      }
    },
    {
      "type": "Feature",
      "geometry": {
        "type": "Polygon",
        "coordinates": [
          [
            [
              37.62755,
              47.84484
            ],
            [
              37.62755,
              47.85984
            ],
            [
              37.61255,
              47.85984
            ],
            [
              37.61255,
              47.84484
            ],
            [
              37.62755,
              47.84484
            ]
          ]
        ]
      },
      "properties": {
        "frp": 2.48,
        "acq_date": "2026-09-25",
        "acq_time": "1051",
        "satellite": "N20",
        "brightness": null,
        "NAME_1": "Donets'k",
        "locality": "Mar\u2039ns'kyi"
      }
    },
    {
      "type": "Feature",
      "geometry": {
        "type": "Polygon",
        "coordinates": [
          [
            [
              39.89613,
              47.97811
            ],
            [
              39.89613,
              47.99311
            ],
            [
              39.88113,
              47.99311
            ],
            [
              39.88113,
              47.97811
            ],
            [
              39.89613,
              47.97811
            ]
          ]
        ]
      },
      "properties": {
        "frp": 8.08,
        "acq_date": "2026-09-25",
        "acq_time": "1051",
        "satellite": "N20",
        "brightness": null,
        "NAME_1": "Rostov",
        "locality": "Krasnosulinskiy rayon"
      }
    },
    {
      "type": "Feature",
      "geometry": {
        "type": "Polygon",
        "coordinates": [
          [
            [
              27.7253,
              48.25153
            ],
            [
              27.7253,
              48.26653
            ],
            [
              27.7103,
              48.26653
            ],
            [
              27.7103,
              48.25153
            ],
            [
              27.7253,
              48.25153
            ]
          ]
        ]
      },
      "properties": {
        "frp": 2.19,
        "acq_date": "2026-09-25",
        "acq_time": "1051",
        "satellite": "N20",
        "brightness": null,
        "NAME_1": "",
        "locality": ""
      }
    },
    {
      "type": "Feature",
      "geometry": {
        "type": "Polygon",
        "coordinates": [
          [
            [
              34.6415,
              48.51262
            ],
            [
              34.6415,
              48.52762
            ],
            [
              34.6265,
              48.52762
            ],
            [
              34.6265,
              48.51262
            ],
            [
              34.6415,
              48.51262
            ]
          ]
        ]
      },
      "properties": {
        "frp": 4.89,
        "acq_date": "2026-09-25",
        "acq_time": "1051",
        "satellite": "N20",
        "brightness": null,
        "NAME_1": "Dnipropetrovs'k",
        "locality": "Petrykivs'kyi"
      }
    },
    {
      "type": "Feature",
      "geometry": {
        "type": "Polygon",
        "coordinates": [
          [
            [
              37.7946,
              49.0077
            ],
            [
              37.7946,
              49.0227
            ],
            [
              37.7796,
              49.0227
            ],
            [
              37.7796,
              49.0077
            ],
            [
              37.7946,
              49.0077
            ]
          ]
        ]
      },
      "properties": {
        "frp": 2.68,
        "acq_date": "2026-09-25",
        "acq_time": "1051",
        "satellite": "N20",
        "brightness": null,
        "NAME_1": "Donets'k",
        "locality": "Krasnolymans'kyi"
      }
    },
    {
      "type": "Feature",
      "geometry": {
        "type": "Polygon",
        "coordinates": [
          [
            [
              29.35181,
              51.88454
            ],
            [
              29.35181,
              51.89954
            ],
            [
              29.33681,
              51.89954
            ],
            [
              29.33681,
              51.88454
            ],
            [
              29.35181,
              51.88454
            ]
          ]
        ]
      },
      "properties": {
        "frp": 4.56,
        "acq_date": "2026-09-25",
        "acq_time": "1053",
        "satellite": "N20",
        "brightness": null,
        "NAME_1": "Gomel",
        "locality": "Mazyr"
      }
    },
    {
      "type": "Feature",
      "geometry": {
        "type": "Polygon",
        "coordinates": [
          [
            [
              39.57971,
              52.54267
            ],
            [
              39.57971,
              52.55767
            ],
            [
              39.56471,
              52.55767
            ],
            [
              39.56471,
              52.54267
            ],
            [
              39.57971,
              52.54267
            ]
          ]
        ]
      },
      "properties": {
        "frp": 23.75,
        "acq_date": "2026-09-25",
        "acq_time": "1053",
        "satellite": "N20",
        "brightness": null,
        "NAME_1": "Lipetsk",
        "locality": "Lipetskiy rayon"
      }
    },
    {
      "type": "Feature",
      "geometry": {
        "type": "Polygon",
        "coordinates": [
          [
            [
              34.39737,
              52.61111
            ],
            [
              34.39737,
              52.62611
            ],
            [
              34.38237,
              52.62611
            ],
            [
              34.38237,
              52.61111
            ],
            [
              34.39737,
              52.61111
            ]
          ]
        ]
      },
      "properties": {
        "frp": 4.29,
        "acq_date": "2026-09-25",
        "acq_time": "1053",
        "satellite": "N20",
        "brightness": null,
        "NAME_1": "Bryansk",
        "locality": "Brasovskiy rayon"
      }
    },
    {
      "type": "Feature",
      "geometry": {
        "type": "Polygon",
        "coordinates": [
          [
            [
              38.93746,
              47.23203
            ],
            [
              38.93746,
              47.24703
            ],
            [
              38.92246,
              47.24703
            ],
            [
              38.92246,
              47.23203
            ],
            [
              38.93746,
              47.23203
            ]
          ]
        ]
      },
      "properties": {
        "frp": 1.57,
        "acq_date": "2026-09-25",
        "acq_time": "2305",
        "satellite": "N20",
        "brightness": null,
        "NAME_1": "Rostov",
        "locality": "Neklinovskiy rayon"
      }
    },
    {
      "type": "Feature",
      "geometry": {
        "type": "Polygon",
        "coordinates": [
          [
            [
              37.47087,
              47.6462
            ],
            [
              37.47087,
              47.6612
            ],
            [
              37.45587,
              47.6612
            ],
            [
              37.45587,
              47.6462
            ],
            [
              37.47087,
              47.6462
            ]
          ]
        ]
      },
      "properties": {
        "frp": 0.35,
        "acq_date": "2026-09-25",
        "acq_time": "2305",
        "satellite": "N20",
        "brightness": null,
        "NAME_1": "Donets'k",
        "locality": "Volnovas'kyi"
      }
    },
    {
      "type": "Feature",
      "geometry": {
        "type": "Polygon",
        "coordinates": [
          [
            [
              38.48118,
              47.82685
            ],
            [
              38.48118,
              47.84185
            ],
            [
              38.46618,
              47.84185
            ],
            [
              38.46618,
              47.82685
            ],
            [
              38.48118,
              47.82685
            ]
          ]
        ]
      },
      "properties": {
        "frp": 0.96,
        "acq_date": "2026-09-25",
        "acq_time": "2305",
        "satellite": "N20",
        "brightness": null,
        "NAME_1": "Donets'k",
        "locality": "Amvrosi\u2039vs'kyi"
      }
    },
    {
      "type": "Feature",
      "geometry": {
        "type": "Polygon",
        "coordinates": [
          [
            [
              37.96019,
              48.05343
            ],
            [
              37.96019,
              48.06843
            ],
            [
              37.94519,
              48.06843
            ],
            [
              37.94519,
              48.05343
            ],
            [
              37.96019,
              48.05343
            ]
          ]
        ]
      },
      "properties": {
        "frp": 1.24,
        "acq_date": "2026-09-25",
        "acq_time": "2305",
        "satellite": "N20",
        "brightness": null,
        "NAME_1": "Donets'k",
        "locality": "Maki\u2039vs'ka"
      }
    },
    {
      "type": "Feature",
      "geometry": {
        "type": "Polygon",
        "coordinates": [
          [
            [
              38.7609,
              48.45535
            ],
            [
              38.7609,
              48.47035
            ],
            [
              38.7459,
              48.47035
            ],
            [
              38.7459,
              48.45535
            ],
            [
              38.7609,
              48.45535
            ]
          ]
        ]
      },
      "properties": {
        "frp": 1.11,
        "acq_date": "2026-09-25",
        "acq_time": "2305",
        "satellite": "N20",
        "brightness": null,
        "NAME_1": "Luhans'k",
        "locality": "Alchevs'ka"
      }
    },
    {
      "type": "Feature",
      "geometry": {
        "type": "Polygon",
        "coordinates": [
          [
            [
              36.94215,
              48.4584
            ],
            [
              36.94215,
              48.4734
            ],
            [
              36.92715,
              48.4734
            ],
            [
              36.92715,
              48.4584
            ],
            [
              36.94215,
              48.4584
            ]
          ]
        ]
      },
      "properties": {
        "frp": 0.99,
        "acq_date": "2026-09-25",
        "acq_time": "2305",
        "satellite": "N20",
        "brightness": null,
        "NAME_1": "Donets'k",
        "locality": "Dobropil's'kyi"
      }
    },
    {
      "type": "Feature",
      "geometry": {
        "type": "Polygon",
        "coordinates": [
          [
            [
              38.7669,
              48.45887
            ],
            [
              38.7669,
              48.47387
            ],
            [
              38.7519,
              48.47387
            ],
            [
              38.7519,
              48.45887
            ],
            [
              38.7669,
              48.45887
            ]
          ]
        ]
      },
      "properties": {
        "frp": 1.11,
        "acq_date": "2026-09-25",
        "acq_time": "2305",
        "satellite": "N20",
        "brightness": null,
        "NAME_1": "Luhans'k",
        "locality": "Alchevs'ka"
      }
    },
    {
      "type": "Feature",
      "geometry": {
        "type": "Polygon",
        "coordinates": [
          [
            [
              37.54947,
              48.59539
            ],
            [
              37.54947,
              48.61039
            ],
            [
              37.53447,
              48.61039
            ],
            [
              37.53447,
              48.59539
            ],
            [
              37.54947,
              48.59539
            ]
          ]
        ]
      },
      "properties": {
        "frp": 0.78,
        "acq_date": "2026-09-25",
        "acq_time": "2305",
        "satellite": "N20",
        "brightness": null,
        "NAME_1": "Donets'k",
        "locality": "Kramators'ka"
      }
    },
    {
      "type": "Feature",
      "geometry": {
        "type": "Polygon",
        "coordinates": [
          [
            [
              37.550110000000004,
              48.59964
            ],
            [
              37.550110000000004,
              48.61464
            ],
            [
              37.53511,
              48.61464
            ],
            [
              37.53511,
              48.59964
            ],
            [
              37.550110000000004,
              48.59964
            ]
          ]
        ]
      },
      "properties": {
        "frp": 0.78,
        "acq_date": "2026-09-25",
        "acq_time": "2305",
        "satellite": "N20",
        "brightness": null,
        "NAME_1": "Donets'k",
        "locality": "Kramators'ka"
      }
    },
    {
      "type": "Feature",
      "geometry": {
        "type": "Polygon",
        "coordinates": [
          [
            [
              37.569630000000004,
              48.61429
            ],
            [
              37.569630000000004,
              48.62929
            ],
            [
              37.55463,
              48.62929
            ],
            [
              37.55463,
              48.61429
            ],
            [
              37.569630000000004,
              48.61429
            ]
          ]
        ]
      },
      "properties": {
        "frp": 3.54,
        "acq_date": "2026-09-25",
        "acq_time": "2305",
        "satellite": "N20",
        "brightness": null,
        "NAME_1": "Donets'k",
        "locality": "Kostiantynivs'kyi"
      }
    },
    {
      "type": "Feature",
      "geometry": {
        "type": "Polygon",
        "coordinates": [
          [
            [
              37.57109,
              48.61507
            ],
            [
              37.57109,
              48.63007
            ],
            [
              37.55609,
              48.63007
            ],
            [
              37.55609,
              48.61507
            ],
            [
              37.57109,
              48.61507
            ]
          ]
        ]
      },
      "properties": {
        "frp": 2.16,
        "acq_date": "2026-09-25",
        "acq_time": "2305",
        "satellite": "N20",
        "brightness": null,
        "NAME_1": "Donets'k",
        "locality": "Kostiantynivs'kyi"
      }
    },
    {
      "type": "Feature",
      "geometry": {
        "type": "Polygon",
        "coordinates": [
          [
            [
              37.55852,
              48.61947
            ],
            [
              37.55852,
              48.63447
            ],
            [
              37.54352,
              48.63447
            ],
            [
              37.54352,
              48.61947
            ],
            [
              37.55852,
              48.61947
            ]
          ]
        ]
      },
      "properties": {
        "frp": 0.69,
        "acq_date": "2026-09-25",
        "acq_time": "2305",
        "satellite": "N20",
        "brightness": null,
        "NAME_1": "Donets'k",
        "locality": "Kramators'ka"
      }
    },
    {
      "type": "Feature",
      "geometry": {
        "type": "Polygon",
        "coordinates": [
          [
            [
              37.53099,
              48.63456
            ],
            [
              37.53099,
              48.64956
            ],
            [
              37.51599,
              48.64956
            ],
            [
              37.51599,
              48.63456
            ],
            [
              37.53099,
              48.63456
            ]
          ]
        ]
      },
      "properties": {
        "frp": 0.46,
        "acq_date": "2026-09-25",
        "acq_time": "2305",
        "satellite": "N20",
        "brightness": null,
        "NAME_1": "Donets'k",
        "locality": "Kramators'ka"
      }
    },
    {
      "type": "Feature",
      "geometry": {
        "type": "Polygon",
        "coordinates": [
          [
            [
              37.65146,
              48.753
            ],
            [
              37.65146,
              48.768
            ],
            [
              37.63646,
              48.768
            ],
            [
              37.63646,
              48.753
            ],
            [
              37.65146,
              48.753
            ]
          ]
        ]
      },
      "properties": {
        "frp": 0.46,
        "acq_date": "2026-09-25",
        "acq_time": "2305",
        "satellite": "N20",
        "brightness": null,
        "NAME_1": "Donets'k",
        "locality": "Kramators'ka"
      }
    },
    {
      "type": "Feature",
      "geometry": {
        "type": "Polygon",
        "coordinates": [
          [
            [
              37.39415,
              50.0507
            ],
            [
              37.39415,
              50.0657
            ],
            [
              37.37915,
              50.0657
            ],
            [
              37.37915,
              50.0507
            ],
            [
              37.39415,
              50.0507
            ]
          ]
        ]
      },
      "properties": {
        "frp": 1.91,
        "acq_date": "2026-09-25",
        "acq_time": "2305",
        "satellite": "N20",
        "brightness": null,
        "NAME_1": "Kharkiv",
        "locality": "Velykoburluts'kyi"
      }
    },
    {
      "type": "Feature",
      "geometry": {
        "type": "Polygon",
        "coordinates": [
          [
            [
              37.38755,
              50.05119
            ],
            [
              37.38755,
              50.06619
            ],
            [
              37.37255,
              50.06619
            ],
            [
              37.37255,
              50.05119
            ],
            [
              37.38755,
              50.05119
            ]
          ]
        ]
      },
      "properties": {
        "frp": 1.7,
        "acq_date": "2026-09-25",
        "acq_time": "2305",
        "satellite": "N20",
        "brightness": null,
        "NAME_1": "Kharkiv",
        "locality": "Velykoburluts'kyi"
      }
    },
    {
      "type": "Feature",
      "geometry": {
        "type": "Polygon",
        "coordinates": [
          [
            [
              37.38835,
              50.05553
            ],
            [
              37.38835,
              50.07053
            ],
            [
              37.37335,
              50.07053
            ],
            [
              37.37335,
              50.05553
            ],
            [
              37.38835,
              50.05553
            ]
          ]
        ]
      },
      "properties": {
        "frp": 2.49,
        "acq_date": "2026-09-25",
        "acq_time": "2305",
        "satellite": "N20",
        "brightness": null,
        "NAME_1": "Kharkiv",
        "locality": "Velykoburluts'kyi"
      }
    },
    {
      "type": "Feature",
      "geometry": {
        "type": "Polygon",
        "coordinates": [
          [
            [
              39.69034,
              50.14082
            ],
            [
              39.69034,
              50.15582
            ],
            [
              39.67534,
              50.15582
            ],
            [
              39.67534,
              50.14082
            ],
            [
              39.69034,
              50.14082
            ]
          ]
        ]
      },
      "properties": {
        "frp": 1.77,
        "acq_date": "2026-09-25",
        "acq_time": "2305",
        "satellite": "N20",
        "brightness": null,
        "NAME_1": "Voronezh",
        "locality": "Rossoshanskiy rayon"
      }
    },
    {
      "type": "Feature",
      "geometry": {
        "type": "Polygon",
        "coordinates": [
          [
            [
              39.69191,
              50.14175
            ],
            [
              39.69191,
              50.15675
            ],
            [
              39.67691,
              50.15675
            ],
            [
              39.67691,
              50.14175
            ],
            [
              39.69191,
              50.14175
            ]
          ]
        ]
      },
      "properties": {
        "frp": 1.48,
        "acq_date": "2026-09-25",
        "acq_time": "2305",
        "satellite": "N20",
        "brightness": null,
        "NAME_1": "Voronezh",
        "locality": "Rossoshanskiy rayon"
      }
    },
    {
      "type": "Feature",
      "geometry": {
        "type": "Polygon",
        "coordinates": [
          [
            [
              39.63775,
              50.37195
            ],
            [
              39.63775,
              50.38695
            ],
            [
              39.622749999999996,
              50.38695
            ],
            [
              39.622749999999996,
              50.37195
            ],
            [
              39.63775,
              50.37195
            ]
          ]
        ]
      },
      "properties": {
        "frp": 1.47,
        "acq_date": "2026-09-25",
        "acq_time": "2305",
        "satellite": "N20",
        "brightness": null,
        "NAME_1": "Voronezh",
        "locality": "Podgorenskiy rayon"
      }
    },
    {
      "type": "Feature",
      "geometry": {
        "type": "Polygon",
        "coordinates": [
          [
            [
              37.93763,
              51.13221
            ],
            [
              37.93763,
              51.14721
            ],
            [
              37.92263,
              51.14721
            ],
            [
              37.92263,
              51.13221
            ],
            [
              37.93763,
              51.13221
            ]
          ]
        ]
      },
      "properties": {
        "frp": 10.39,
        "acq_date": "2026-09-25",
        "acq_time": "2305",
        "satellite": "N20",
        "brightness": null,
        "NAME_1": "Belgorod",
        "locality": "Starooskol'skiy rayon"
      }
    },
    {
      "type": "Feature",
      "geometry": {
        "type": "Polygon",
        "coordinates": [
          [
            [
              37.94006,
              51.13438
            ],
            [
              37.94006,
              51.14938
            ],
            [
              37.92506,
              51.14938
            ],
            [
              37.92506,
              51.13438
            ],
            [
              37.94006,
              51.13438
            ]
          ]
        ]
      },
      "properties": {
        "frp": 5.39,
        "acq_date": "2026-09-25",
        "acq_time": "2305",
        "satellite": "N20",
        "brightness": null,
        "NAME_1": "Belgorod",
        "locality": "Starooskol'skiy rayon"
      }
    },
    {
      "type": "Feature",
      "geometry": {
        "type": "Polygon",
        "coordinates": [
          [
            [
              37.93359,
              51.1349
            ],
            [
              37.93359,
              51.1499
            ],
            [
              37.91859,
              51.1499
            ],
            [
              37.91859,
              51.1349
            ],
            [
              37.93359,
              51.1349
            ]
          ]
        ]
      },
      "properties": {
        "frp": 5.49,
        "acq_date": "2026-09-25",
        "acq_time": "2305",
        "satellite": "N20",
        "brightness": null,
        "NAME_1": "Belgorod",
        "locality": "Starooskol'skiy rayon"
      }
    },
    {
      "type": "Feature",
      "geometry": {
        "type": "Polygon",
        "coordinates": [
          [
            [
              37.94747,
              51.14887
            ],
            [
              37.94747,
              51.16387
            ],
            [
              37.93247,
              51.16387
            ],
            [
              37.93247,
              51.14887
            ],
            [
              37.94747,
              51.14887
            ]
          ]
        ]
      },
      "properties": {
        "frp": 1.41,
        "acq_date": "2026-09-25",
        "acq_time": "2305",
        "satellite": "N20",
        "brightness": null,
        "NAME_1": "Belgorod",
        "locality": "Starooskol'skiy rayon"
      }
    },
    {
      "type": "Feature",
      "geometry": {
        "type": "Polygon",
        "coordinates": [
          [
            [
              37.77159,
              51.2507
            ],
            [
              37.77159,
              51.2657
            ],
            [
              37.75659,
              51.2657
            ],
            [
              37.75659,
              51.2507
            ],
            [
              37.77159,
              51.2507
            ]
          ]
        ]
      },
      "properties": {
        "frp": 2.89,
        "acq_date": "2026-09-25",
        "acq_time": "2305",
        "satellite": "N20",
        "brightness": null,
        "NAME_1": "Belgorod",
        "locality": "Starooskol'skiy rayon"
      }
    },
    {
      "type": "Feature",
      "geometry": {
        "type": "Polygon",
        "coordinates": [
          [
            [
              37.77156,
              51.25384
            ],
            [
              37.77156,
              51.26884
            ],
            [
              37.75656,
              51.26884
            ],
            [
              37.75656,
              51.25384
            ],
            [
              37.77156,
              51.25384
            ]
          ]
        ]
      },
      "properties": {
        "frp": 2.06,
        "acq_date": "2026-09-25",
        "acq_time": "2305",
        "satellite": "N20",
        "brightness": null,
        "NAME_1": "Belgorod",
        "locality": "Starooskol'skiy rayon"
      }
    },
    {
      "type": "Feature",
      "geometry": {
        "type": "Polygon",
        "coordinates": [
          [
            [
              39.64273,
              52.52331
            ],
            [
              39.64273,
              52.53831
            ],
            [
              39.62773,
              52.53831
            ],
            [
              39.62773,
              52.52331
            ],
            [
              39.64273,
              52.52331
            ]
          ]
        ]
      },
      "properties": {
        "frp": 1.65,
        "acq_date": "2026-09-25",
        "acq_time": "2305",
        "satellite": "N20",
        "brightness": null,
        "NAME_1": "Lipetsk",
        "locality": "Lipetskiy rayon"
      }
    },
    {
      "type": "Feature",
      "geometry": {
        "type": "Polygon",
        "coordinates": [
          [
            [
              39.63104,
              52.52431
            ],
            [
              39.63104,
              52.53931
            ],
            [
              39.61604,
              52.53931
            ],
            [
              39.61604,
              52.52431
            ],
            [
              39.63104,
              52.52431
            ]
          ]
        ]
      },
      "properties": {
        "frp": 2.79,
        "acq_date": "2026-09-25",
        "acq_time": "2305",
        "satellite": "N20",
        "brightness": null,
        "NAME_1": "Lipetsk",
        "locality": "Lipetskiy rayon"
      }
    },
    {
      "type": "Feature",
      "geometry": {
        "type": "Polygon",
        "coordinates": [
          [
            [
              39.63779,
              52.52786
            ],
            [
              39.63779,
              52.54286
            ],
            [
              39.62279,
              52.54286
            ],
            [
              39.62279,
              52.52786
            ],
            [
              39.63779,
              52.52786
            ]
          ]
        ]
      },
      "properties": {
        "frp": 2.79,
        "acq_date": "2026-09-25",
        "acq_time": "2305",
        "satellite": "N20",
        "brightness": null,
        "NAME_1": "Lipetsk",
        "locality": "Lipetskiy rayon"
      }
    },
    {
      "type": "Feature",
      "geometry": {
        "type": "Polygon",
        "coordinates": [
          [
            [
              39.62703,
              52.53291
            ],
            [
              39.62703,
              52.54791
            ],
            [
              39.61203,
              52.54791
            ],
            [
              39.61203,
              52.53291
            ],
            [
              39.62703,
              52.53291
            ]
          ]
        ]
      },
      "properties": {
        "frp": 1.09,
        "acq_date": "2026-09-25",
        "acq_time": "2305",
        "satellite": "N20",
        "brightness": null,
        "NAME_1": "Lipetsk",
        "locality": "Lipetsk"
      }
    },
    {
      "type": "Feature",
      "geometry": {
        "type": "Polygon",
        "coordinates": [
          [
            [
              39.62115,
              52.533409999999996
            ],
            [
              39.62115,
              52.54841
            ],
            [
              39.60615,
              52.54841
            ],
            [
              39.60615,
              52.533409999999996
            ],
            [
              39.62115,
              52.533409999999996
            ]
          ]
        ]
      },
      "properties": {
        "frp": 1.09,
        "acq_date": "2026-09-25",
        "acq_time": "2305",
        "satellite": "N20",
        "brightness": null,
        "NAME_1": "Lipetsk",
        "locality": "Lipetsk"
      }
    },
    {
      "type": "Feature",
      "geometry": {
        "type": "Polygon",
        "coordinates": [
          [
            [
              39.64554,
              52.53545
            ],
            [
              39.64554,
              52.55045
            ],
            [
              39.630539999999996,
              52.55045
            ],
            [
              39.630539999999996,
              52.53545
            ],
            [
              39.64554,
              52.53545
            ]
          ]
        ]
      },
      "properties": {
        "frp": 0.53,
        "acq_date": "2026-09-25",
        "acq_time": "2305",
        "satellite": "N20",
        "brightness": null,
        "NAME_1": "Lipetsk",
        "locality": "Lipetsk"
      }
    },
    {
      "type": "Feature",
      "geometry": {
        "type": "Polygon",
        "coordinates": [
          [
            [
              39.63386,
              52.53645
            ],
            [
              39.63386,
              52.55145
            ],
            [
              39.61886,
              52.55145
            ],
            [
              39.61886,
              52.53645
            ],
            [
              39.63386,
              52.53645
            ]
          ]
        ]
      },
      "properties": {
        "frp": 1.26,
        "acq_date": "2026-09-25",
        "acq_time": "2305",
        "satellite": "N20",
        "brightness": null,
        "NAME_1": "Lipetsk",
        "locality": "Lipetsk"
      }
    },
    {
      "type": "Feature",
      "geometry": {
        "type": "Polygon",
        "coordinates": [
          [
            [
              39.62799,
              52.53696
            ],
            [
              39.62799,
              52.55196
            ],
            [
              39.612989999999996,
              52.55196
            ],
            [
              39.612989999999996,
              52.53696
            ],
            [
              39.62799,
              52.53696
            ]
          ]
        ]
      },
      "properties": {
        "frp": 1.09,
        "acq_date": "2026-09-25",
        "acq_time": "2305",
        "satellite": "N20",
        "brightness": null,
        "NAME_1": "Lipetsk",
        "locality": "Lipetsk"
      }
    },
    {
      "type": "Feature",
      "geometry": {
        "type": "Polygon",
        "coordinates": [
          [
            [
              39.62211,
              52.53746
            ],
            [
              39.62211,
              52.55246
            ],
            [
              39.60711,
              52.55246
            ],
            [
              39.60711,
              52.53746
            ],
            [
              39.62211,
              52.53746
            ]
          ]
        ]
      },
      "properties": {
        "frp": 1.09,
        "acq_date": "2026-09-25",
        "acq_time": "2305",
        "satellite": "N20",
        "brightness": null,
        "NAME_1": "Lipetsk",
        "locality": "Lipetsk"
      }
    },
    {
      "type": "Feature",
      "geometry": {
        "type": "Polygon",
        "coordinates": [
          [
            [
              39.6465,
              52.5395
            ],
            [
              39.6465,
              52.5545
            ],
            [
              39.6315,
              52.5545
            ],
            [
              39.6315,
              52.5395
            ],
            [
              39.6465,
              52.5395
            ]
          ]
        ]
      },
      "properties": {
        "frp": 3.38,
        "acq_date": "2026-09-25",
        "acq_time": "2305",
        "satellite": "N20",
        "brightness": null,
        "NAME_1": "Lipetsk",
        "locality": "Lipetsk"
      }
    },
    {
      "type": "Feature",
      "geometry": {
        "type": "Polygon",
        "coordinates": [
          [
            [
              39.64067,
              52.54
            ],
            [
              39.64067,
              52.555
            ],
            [
              39.62567,
              52.555
            ],
            [
              39.62567,
              52.54
            ],
            [
              39.64067,
              52.54
            ]
          ]
        ]
      },
      "properties": {
        "frp": 3.43,
        "acq_date": "2026-09-25",
        "acq_time": "2305",
        "satellite": "N20",
        "brightness": null,
        "NAME_1": "Lipetsk",
        "locality": "Lipetsk"
      }
    },
    {
      "type": "Feature",
      "geometry": {
        "type": "Polygon",
        "coordinates": [
          [
            [
              39.57519,
              52.54146
            ],
            [
              39.57519,
              52.55646
            ],
            [
              39.56019,
              52.55646
            ],
            [
              39.56019,
              52.54146
            ],
            [
              39.57519,
              52.54146
            ]
          ]
        ]
      },
      "properties": {
        "frp": 1.13,
        "acq_date": "2026-09-25",
        "acq_time": "2305",
        "satellite": "N20",
        "brightness": null,
        "NAME_1": "Lipetsk",
        "locality": "Lipetskiy rayon"
      }
    },
    {
      "type": "Feature",
      "geometry": {
        "type": "Polygon",
        "coordinates": [
          [
            [
              39.58204,
              52.54501
            ],
            [
              39.58204,
              52.56001
            ],
            [
              39.56704,
              52.56001
            ],
            [
              39.56704,
              52.54501
            ],
            [
              39.58204,
              52.54501
            ]
          ]
        ]
      },
      "properties": {
        "frp": 1.71,
        "acq_date": "2026-09-25",
        "acq_time": "2305",
        "satellite": "N20",
        "brightness": null,
        "NAME_1": "Lipetsk",
        "locality": "Lipetskiy rayon"
      }
    },
    {
      "type": "Feature",
      "geometry": {
        "type": "Polygon",
        "coordinates": [
          [
            [
              39.57609,
              52.545519999999996
            ],
            [
              39.57609,
              52.56052
            ],
            [
              39.56109,
              52.56052
            ],
            [
              39.56109,
              52.545519999999996
            ],
            [
              39.57609,
              52.545519999999996
            ]
          ]
        ]
      },
      "properties": {
        "frp": 1.71,
        "acq_date": "2026-09-25",
        "acq_time": "2305",
        "satellite": "N20",
        "brightness": null,
        "NAME_1": "Lipetsk",
        "locality": "Lipetskiy rayon"
      }
    },
    {
      "type": "Feature",
      "geometry": {
        "type": "Polygon",
        "coordinates": [
          [
            [
              39.58294,
              52.54907
            ],
            [
              39.58294,
              52.56407
            ],
            [
              39.56794,
              52.56407
            ],
            [
              39.56794,
              52.54907
            ],
            [
              39.58294,
              52.54907
            ]
          ]
        ]
      },
      "properties": {
        "frp": 1.71,
        "acq_date": "2026-09-25",
        "acq_time": "2305",
        "satellite": "N20",
        "brightness": null,
        "NAME_1": "Lipetsk",
        "locality": "Lipetsk"
      }
    },
    {
      "type": "Feature",
      "geometry": {
        "type": "Polygon",
        "coordinates": [
          [
            [
              39.57698,
              52.54958
            ],
            [
              39.57698,
              52.56458
            ],
            [
              39.56198,
              52.56458
            ],
            [
              39.56198,
              52.54958
            ],
            [
              39.57698,
              52.54958
            ]
          ]
        ]
      },
      "properties": {
        "frp": 1.71,
        "acq_date": "2026-09-25",
        "acq_time": "2305",
        "satellite": "N20",
        "brightness": null,
        "NAME_1": "Lipetsk",
        "locality": "Lipetskiy rayon"
      }
    },
    {
      "type": "Feature",
      "geometry": {
        "type": "Polygon",
        "coordinates": [
          [
            [
              39.62503,
              52.5496
            ],
            [
              39.62503,
              52.5646
            ],
            [
              39.61003,
              52.5646
            ],
            [
              39.61003,
              52.5496
            ],
            [
              39.62503,
              52.5496
            ]
          ]
        ]
      },
      "properties": {
        "frp": 4.1,
        "acq_date": "2026-09-25",
        "acq_time": "2305",
        "satellite": "N20",
        "brightness": null,
        "NAME_1": "Lipetsk",
        "locality": "Lipetsk"
      }
    },
    {
      "type": "Feature",
      "geometry": {
        "type": "Polygon",
        "coordinates": [
          [
            [
              39.61918,
              52.55011
            ],
            [
              39.61918,
              52.56511
            ],
            [
              39.60418,
              52.56511
            ],
            [
              39.60418,
              52.55011
            ],
            [
              39.61918,
              52.55011
            ]
          ]
        ]
      },
      "properties": {
        "frp": 2.11,
        "acq_date": "2026-09-25",
        "acq_time": "2305",
        "satellite": "N20",
        "brightness": null,
        "NAME_1": "Lipetsk",
        "locality": "Lipetsk"
      }
    },
    {
      "type": "Feature",
      "geometry": {
        "type": "Polygon",
        "coordinates": [
          [
            [
              39.61332,
              52.55061
            ],
            [
              39.61332,
              52.56561
            ],
            [
              39.59832,
              52.56561
            ],
            [
              39.59832,
              52.55061
            ],
            [
              39.61332,
              52.55061
            ]
          ]
        ]
      },
      "properties": {
        "frp": 2.11,
        "acq_date": "2026-09-25",
        "acq_time": "2305",
        "satellite": "N20",
        "brightness": null,
        "NAME_1": "Lipetsk",
        "locality": "Lipetsk"
      }
    },
    {
      "type": "Feature",
      "geometry": {
        "type": "Polygon",
        "coordinates": [
          [
            [
              39.577890000000004,
              52.55364
            ],
            [
              39.577890000000004,
              52.56864
            ],
            [
              39.56289,
              52.56864
            ],
            [
              39.56289,
              52.55364
            ],
            [
              39.577890000000004,
              52.55364
            ]
          ]
        ]
      },
      "properties": {
        "frp": 0.68,
        "acq_date": "2026-09-25",
        "acq_time": "2305",
        "satellite": "N20",
        "brightness": null,
        "NAME_1": "Lipetsk",
        "locality": "Lipetsk"
      }
    },
    {
      "type": "Feature",
      "geometry": {
        "type": "Polygon",
        "coordinates": [
          [
            [
              39.71058,
              52.55869
            ],
            [
              39.71058,
              52.57369
            ],
            [
              39.69558,
              52.57369
            ],
            [
              39.69558,
              52.55869
            ],
            [
              39.71058,
              52.55869
            ]
          ]
        ]
      },
      "properties": {
        "frp": 1.83,
        "acq_date": "2026-09-25",
        "acq_time": "2305",
        "satellite": "N20",
        "brightness": null,
        "NAME_1": "Lipetsk",
        "locality": "Lipetskiy rayon"
      }
    },
    {
      "type": "Feature",
      "geometry": {
        "type": "Polygon",
        "coordinates": [
          [
            [
              39.70474,
              52.55921
            ],
            [
              39.70474,
              52.57421
            ],
            [
              39.68974,
              52.57421
            ],
            [
              39.68974,
              52.55921
            ],
            [
              39.70474,
              52.55921
            ]
          ]
        ]
      },
      "properties": {
        "frp": 1.63,
        "acq_date": "2026-09-25",
        "acq_time": "2305",
        "satellite": "N20",
        "brightness": null,
        "NAME_1": "Lipetsk",
        "locality": "Lipetskiy rayon"
      }
    },
    {
      "type": "Feature",
      "geometry": {
        "type": "Polygon",
        "coordinates": [
          [
            [
              37.81458,
              44.72741
            ],
            [
              37.81458,
              44.74241
            ],
            [
              37.79958,
              44.74241
            ],
            [
              37.79958,
              44.72741
            ],
            [
              37.81458,
              44.72741
            ]
          ]
        ]
      },
      "properties": {
        "frp": 2.12,
        "acq_date": "2026-09-25",
        "acq_time": "2307",
        "satellite": "N20",
        "brightness": null,
        "NAME_1": "Krasnodar",
        "locality": "Gelendzhik gorsovet"
      }
    },
    {
      "type": "Feature",
      "geometry": {
        "type": "Polygon",
        "coordinates": [
          [
            [
              37.68203,
              44.83105
            ],
            [
              37.68203,
              44.84605
            ],
            [
              37.66703,
              44.84605
            ],
            [
              37.66703,
              44.83105
            ],
            [
              37.68203,
              44.83105
            ]
          ]
        ]
      },
      "properties": {
        "frp": 1.21,
        "acq_date": "2026-09-25",
        "acq_time": "2307",
        "satellite": "N20",
        "brightness": null,
        "NAME_1": "Krasnodar",
        "locality": "Novorossiysk gorsovet"
      }
    },
    {
      "type": "Feature",
      "geometry": {
        "type": "Polygon",
        "coordinates": [
          [
            [
              37.67382,
              44.84004
            ],
            [
              37.67382,
              44.85504
            ],
            [
              37.65882,
              44.85504
            ],
            [
              37.65882,
              44.84004
            ],
            [
              37.67382,
              44.84004
            ]
          ]
        ]
      },
      "properties": {
        "frp": 2.01,
        "acq_date": "2026-09-25",
        "acq_time": "2307",
        "satellite": "N20",
        "brightness": null,
        "NAME_1": "Krasnodar",
        "locality": "Novorossiysk gorsovet"
      }
    },
    {
      "type": "Feature",
      "geometry": {
        "type": "Polygon",
        "coordinates": [
          [
            [
              38.6165,
              44.85217
            ],
            [
              38.6165,
              44.86717
            ],
            [
              38.6015,
              44.86717
            ],
            [
              38.6015,
              44.85217
            ],
            [
              38.6165,
              44.85217
            ]
          ]
        ]
      },
      "properties": {
        "frp": 3.72,
        "acq_date": "2026-09-25",
        "acq_time": "2307",
        "satellite": "N20",
        "brightness": null,
        "NAME_1": "Krasnodar",
        "locality": "Severskiy rayon"
      }
    },
    {
      "type": "Feature",
      "geometry": {
        "type": "Polygon",
        "coordinates": [
          [
            [
              38.61728,
              44.85603
            ],
            [
              38.61728,
              44.87103
            ],
            [
              38.60228,
              44.87103
            ],
            [
              38.60228,
              44.85603
            ],
            [
              38.61728,
              44.85603
            ]
          ]
        ]
      },
      "properties": {
        "frp": 1.28,
        "acq_date": "2026-09-25",
        "acq_time": "2307",
        "satellite": "N20",
        "brightness": null,
        "NAME_1": "Krasnodar",
        "locality": "Severskiy rayon"
      }
    },
    {
      "type": "Feature",
      "geometry": {
        "type": "Polygon",
        "coordinates": [
          [
            [
              38.120400000000004,
              44.87907
            ],
            [
              38.120400000000004,
              44.89407
            ],
            [
              38.1054,
              44.89407
            ],
            [
              38.1054,
              44.87907
            ],
            [
              38.120400000000004,
              44.87907
            ]
          ]
        ]
      },
      "properties": {
        "frp": 1.38,
        "acq_date": "2026-09-25",
        "acq_time": "2307",
        "satellite": "N20",
        "brightness": null,
        "NAME_1": "Krasnodar",
        "locality": "Abinskiy rayon"
      }
    },
    {
      "type": "Feature",
      "geometry": {
        "type": "Polygon",
        "coordinates": [
          [
            [
              38.02586,
              44.91669
            ],
            [
              38.02586,
              44.93169
            ],
            [
              38.01086,
              44.93169
            ],
            [
              38.01086,
              44.91669
            ],
            [
              38.02586,
              44.91669
            ]
          ]
        ]
      },
      "properties": {
        "frp": 0.85,
        "acq_date": "2026-09-25",
        "acq_time": "2307",
        "satellite": "N20",
        "brightness": null,
        "NAME_1": "Krasnodar",
        "locality": "Abinskiy rayon"
      }
    },
    {
      "type": "Feature",
      "geometry": {
        "type": "Polygon",
        "coordinates": [
          [
            [
              31.68012,
              45.25396
            ],
            [
              31.68012,
              45.26896
            ],
            [
              31.665119999999998,
              45.26896
            ],
            [
              31.665119999999998,
              45.25396
            ],
            [
              31.68012,
              45.25396
            ]
          ]
        ]
      },
      "properties": {
        "frp": 4.35,
        "acq_date": "2026-09-25",
        "acq_time": "2307",
        "satellite": "N20",
        "brightness": null,
        "NAME_1": "",
        "locality": ""
      }
    },
    {
      "type": "Feature",
      "geometry": {
        "type": "Polygon",
        "coordinates": [
          [
            [
              31.67517,
              45.25418
            ],
            [
              31.67517,
              45.26918
            ],
            [
              31.66017,
              45.26918
            ],
            [
              31.66017,
              45.25418
            ],
            [
              31.67517,
              45.25418
            ]
          ]
        ]
      },
      "properties": {
        "frp": 4.78,
        "acq_date": "2026-09-25",
        "acq_time": "2307",
        "satellite": "N20",
        "brightness": null,
        "NAME_1": "",
        "locality": ""
      }
    },
    {
      "type": "Feature",
      "geometry": {
        "type": "Polygon",
        "coordinates": [
          [
            [
              30.90954,
              45.34949
            ],
            [
              30.90954,
              45.36449
            ],
            [
              30.89454,
              45.36449
            ],
            [
              30.89454,
              45.34949
            ],
            [
              30.90954,
              45.34949
            ]
          ]
        ]
      },
      "properties": {
        "frp": 1.49,
        "acq_date": "2026-09-25",
        "acq_time": "2307",
        "satellite": "N20",
        "brightness": null,
        "NAME_1": "",
        "locality": ""
      }
    },
    {
      "type": "Feature",
      "geometry": {
        "type": "Polygon",
        "coordinates": [
          [
            [
              30.90412,
              45.34967
            ],
            [
              30.90412,
              45.364670000000004
            ],
            [
              30.88912,
              45.364670000000004
            ],
            [
              30.88912,
              45.34967
            ],
            [
              30.90412,
              45.34967
            ]
          ]
        ]
      },
      "properties": {
        "frp": 1.49,
        "acq_date": "2026-09-25",
        "acq_time": "2307",
        "satellite": "N20",
        "brightness": null,
        "NAME_1": "",
        "locality": ""
      }
    },
    {
      "type": "Feature",
      "geometry": {
        "type": "Polygon",
        "coordinates": [
          [
            [
              32.29822,
              46.24978
            ],
            [
              32.29822,
              46.26478
            ],
            [
              32.28322,
              46.26478
            ],
            [
              32.28322,
              46.24978
            ],
            [
              32.29822,
              46.24978
            ]
          ]
        ]
      },
      "properties": {
        "frp": 1.05,
        "acq_date": "2026-09-25",
        "acq_time": "2307",
        "satellite": "N20",
        "brightness": null,
        "NAME_1": "Kherson",
        "locality": "Holoprystans'kyi"
      }
    },
    {
      "type": "Feature",
      "geometry": {
        "type": "Polygon",
        "coordinates": [
          [
            [
              37.01103,
              46.95882
            ],
            [
              37.01103,
              46.97382
            ],
            [
              36.99603,
              46.97382
            ],
            [
              36.99603,
              46.95882
            ],
            [
              37.01103,
              46.95882
            ]
          ]
        ]
      },
      "properties": {
        "frp": 1.04,
        "acq_date": "2026-09-25",
        "acq_time": "2307",
        "satellite": "N20",
        "brightness": null,
        "NAME_1": "Zaporizhia",
        "locality": "Berdians'kyi"
      }
    },
    {
      "type": "Feature",
      "geometry": {
        "type": "Polygon",
        "coordinates": [
          [
            [
              38.76175,
              48.45885
            ],
            [
              38.76175,
              48.47385
            ],
            [
              38.74675,
              48.47385
            ],
            [
              38.74675,
              48.45885
            ],
            [
              38.76175,
              48.45885
            ]
          ]
        ]
      },
      "properties": {
        "frp": 1.16,
        "acq_date": "2026-09-26",
        "acq_time": "45",
        "satellite": "N20",
        "brightness": null,
        "NAME_1": "Luhans'k",
        "locality": "Alchevs'ka"
      }
    },
    {
      "type": "Feature",
      "geometry": {
        "type": "Polygon",
        "coordinates": [
          [
            [
              37.647240000000004,
              48.753569999999996
            ],
            [
              37.647240000000004,
              48.76857
            ],
            [
              37.63224,
              48.76857
            ],
            [
              37.63224,
              48.753569999999996
            ],
            [
              37.647240000000004,
              48.753569999999996
            ]
          ]
        ]
      },
      "properties": {
        "frp": 0.89,
        "acq_date": "2026-09-26",
        "acq_time": "45",
        "satellite": "N20",
        "brightness": null,
        "NAME_1": "Donets'k",
        "locality": "Kramators'ka"
      }
    },
    {
      "type": "Feature",
      "geometry": {
        "type": "Polygon",
        "coordinates": [
          [
            [
              33.88665,
              49.823949999999996
            ],
            [
              33.88665,
              49.83895
            ],
            [
              33.87165,
              49.83895
            ],
            [
              33.87165,
              49.823949999999996
            ],
            [
              33.88665,
              49.823949999999996
            ]
          ]
        ]
      },
      "properties": {
        "frp": 3.97,
        "acq_date": "2026-09-26",
        "acq_time": "45",
        "satellite": "N20",
        "brightness": null,
        "NAME_1": "Poltava",
        "locality": "Velykobahachans'kyi"
      }
    },
    {
      "type": "Feature",
      "geometry": {
        "type": "Polygon",
        "coordinates": [
          [
            [
              39.68744,
              50.14032
            ],
            [
              39.68744,
              50.15532
            ],
            [
              39.67244,
              50.15532
            ],
            [
              39.67244,
              50.14032
            ],
            [
              39.68744,
              50.14032
            ]
          ]
        ]
      },
      "properties": {
        "frp": 1.04,
        "acq_date": "2026-09-26",
        "acq_time": "45",
        "satellite": "N20",
        "brightness": null,
        "NAME_1": "Voronezh",
        "locality": "Rossoshanskiy rayon"
      }
    },
    {
      "type": "Feature",
      "geometry": {
        "type": "Polygon",
        "coordinates": [
          [
            [
              37.93766,
              51.13621
            ],
            [
              37.93766,
              51.15121
            ],
            [
              37.92266,
              51.15121
            ],
            [
              37.92266,
              51.13621
            ],
            [
              37.93766,
              51.13621
            ]
          ]
        ]
      },
      "properties": {
        "frp": 3.74,
        "acq_date": "2026-09-26",
        "acq_time": "45",
        "satellite": "N20",
        "brightness": null,
        "NAME_1": "Belgorod",
        "locality": "Starooskol'skiy rayon"
      }
    },
    {
      "type": "Feature",
      "geometry": {
        "type": "Polygon",
        "coordinates": [
          [
            [
              37.77024,
              51.25034
            ],
            [
              37.77024,
              51.26534
            ],
            [
              37.75524,
              51.26534
            ],
            [
              37.75524,
              51.25034
            ],
            [
              37.77024,
              51.25034
            ]
          ]
        ]
      },
      "properties": {
        "frp": 1.24,
        "acq_date": "2026-09-26",
        "acq_time": "45",
        "satellite": "N20",
        "brightness": null,
        "NAME_1": "Belgorod",
        "locality": "Starooskol'skiy rayon"
      }
    },
    {
      "type": "Feature",
      "geometry": {
        "type": "Polygon",
        "coordinates": [
          [
            [
              39.63597,
              52.52573
            ],
            [
              39.63597,
              52.54073
            ],
            [
              39.62097,
              52.54073
            ],
            [
              39.62097,
              52.52573
            ],
            [
              39.63597,
              52.52573
            ]
          ]
        ]
      },
      "properties": {
        "frp": 8.8,
        "acq_date": "2026-09-26",
        "acq_time": "45",
        "satellite": "N20",
        "brightness": null,
        "NAME_1": "Lipetsk",
        "locality": "Lipetskiy rayon"
      }
    },
    {
      "type": "Feature",
      "geometry": {
        "type": "Polygon",
        "coordinates": [
          [
            [
              39.629690000000004,
              52.53414
            ],
            [
              39.629690000000004,
              52.54914
            ],
            [
              39.61469,
              52.54914
            ],
            [
              39.61469,
              52.53414
            ],
            [
              39.629690000000004,
              52.53414
            ]
          ]
        ]
      },
      "properties": {
        "frp": 5.61,
        "acq_date": "2026-09-26",
        "acq_time": "45",
        "satellite": "N20",
        "brightness": null,
        "NAME_1": "Lipetsk",
        "locality": "Lipetsk"
      }
    },
    {
      "type": "Feature",
      "geometry": {
        "type": "Polygon",
        "coordinates": [
          [
            [
              39.62438,
              52.53587
            ],
            [
              39.62438,
              52.55087
            ],
            [
              39.60938,
              52.55087
            ],
            [
              39.60938,
              52.53587
            ],
            [
              39.62438,
              52.53587
            ]
          ]
        ]
      },
      "properties": {
        "frp": 1.14,
        "acq_date": "2026-09-26",
        "acq_time": "45",
        "satellite": "N20",
        "brightness": null,
        "NAME_1": "Lipetsk",
        "locality": "Lipetsk"
      }
    },
    {
      "type": "Feature",
      "geometry": {
        "type": "Polygon",
        "coordinates": [
          [
            [
              39.64904,
              52.5405
            ],
            [
              39.64904,
              52.5555
            ],
            [
              39.63404,
              52.5555
            ],
            [
              39.63404,
              52.5405
            ],
            [
              39.64904,
              52.5405
            ]
          ]
        ]
      },
      "properties": {
        "frp": 0.97,
        "acq_date": "2026-09-26",
        "acq_time": "45",
        "satellite": "N20",
        "brightness": null,
        "NAME_1": "Lipetsk",
        "locality": "Lipetsk"
      }
    },
    {
      "type": "Feature",
      "geometry": {
        "type": "Polygon",
        "coordinates": [
          [
            [
              39.57746,
              52.54489
            ],
            [
              39.57746,
              52.55989
            ],
            [
              39.56246,
              52.55989
            ],
            [
              39.56246,
              52.54489
            ],
            [
              39.57746,
              52.54489
            ]
          ]
        ]
      },
      "properties": {
        "frp": 1.16,
        "acq_date": "2026-09-26",
        "acq_time": "45",
        "satellite": "N20",
        "brightness": null,
        "NAME_1": "Lipetsk",
        "locality": "Lipetskiy rayon"
      }
    },
    {
      "type": "Feature",
      "geometry": {
        "type": "Polygon",
        "coordinates": [
          [
            [
              39.62229,
              52.54925
            ],
            [
              39.62229,
              52.56425
            ],
            [
              39.60729,
              52.56425
            ],
            [
              39.60729,
              52.54925
            ],
            [
              39.62229,
              52.54925
            ]
          ]
        ]
      },
      "properties": {
        "frp": 2.84,
        "acq_date": "2026-09-26",
        "acq_time": "45",
        "satellite": "N20",
        "brightness": null,
        "NAME_1": "Lipetsk",
        "locality": "Lipetsk"
      }
    },
    {
      "type": "Feature",
      "geometry": {
        "type": "Polygon",
        "coordinates": [
          [
            [
              39.60194,
              52.54956
            ],
            [
              39.60194,
              52.56456
            ],
            [
              39.58694,
              52.56456
            ],
            [
              39.58694,
              52.54956
            ],
            [
              39.60194,
              52.54956
            ]
          ]
        ]
      },
      "properties": {
        "frp": 1.16,
        "acq_date": "2026-09-26",
        "acq_time": "45",
        "satellite": "N20",
        "brightness": null,
        "NAME_1": "Lipetsk",
        "locality": "Lipetsk"
      }
    },
    {
      "type": "Feature",
      "geometry": {
        "type": "Polygon",
        "coordinates": [
          [
            [
              39.606320000000004,
              52.55446
            ],
            [
              39.606320000000004,
              52.56946
            ],
            [
              39.59132,
              52.56946
            ],
            [
              39.59132,
              52.55446
            ],
            [
              39.606320000000004,
              52.55446
            ]
          ]
        ]
      },
      "properties": {
        "frp": 1.16,
        "acq_date": "2026-09-26",
        "acq_time": "45",
        "satellite": "N20",
        "brightness": null,
        "NAME_1": "Lipetsk",
        "locality": "Lipetsk"
      }
    },
    {
      "type": "Feature",
      "geometry": {
        "type": "Polygon",
        "coordinates": [
          [
            [
              39.71264,
              52.55788
            ],
            [
              39.71264,
              52.57288
            ],
            [
              39.69764,
              52.57288
            ],
            [
              39.69764,
              52.55788
            ],
            [
              39.71264,
              52.55788
            ]
          ]
        ]
      },
      "properties": {
        "frp": 0.76,
        "acq_date": "2026-09-26",
        "acq_time": "45",
        "satellite": "N20",
        "brightness": null,
        "NAME_1": "Lipetsk",
        "locality": "Lipetskiy rayon"
      }
    },
    {
      "type": "Feature",
      "geometry": {
        "type": "Polygon",
        "coordinates": [
          [
            [
              39.70731,
              52.55961
            ],
            [
              39.70731,
              52.57461
            ],
            [
              39.69231,
              52.57461
            ],
            [
              39.69231,
              52.55961
            ],
            [
              39.70731,
              52.55961
            ]
          ]
        ]
      },
      "properties": {
        "frp": 0.76,
        "acq_date": "2026-09-26",
        "acq_time": "45",
        "satellite": "N20",
        "brightness": null,
        "NAME_1": "Lipetsk",
        "locality": "Lipetskiy rayon"
      }
    },
    {
      "type": "Feature",
      "geometry": {
        "type": "Polygon",
        "coordinates": [
          [
            [
              33.86596,
              44.76366
            ],
            [
              33.86596,
              44.77866
            ],
            [
              33.85096,
              44.77866
            ],
            [
              33.85096,
              44.76366
            ],
            [
              33.86596,
              44.76366
            ]
          ]
        ]
      },
      "properties": {
        "frp": 0.93,
        "acq_date": "2026-09-26",
        "acq_time": "48",
        "satellite": "N20",
        "brightness": null,
        "NAME_1": "Crimea",
        "locality": "Bakhchysarais'kyi"
      }
    },
    {
      "type": "Feature",
      "geometry": {
        "type": "Polygon",
        "coordinates": [
          [
            [
              33.86487,
              44.76833
            ],
            [
              33.86487,
              44.78333
            ],
            [
              33.84987,
              44.78333
            ],
            [
              33.84987,
              44.76833
            ],
            [
              33.86487,
              44.76833
            ]
          ]
        ]
      },
      "properties": {
        "frp": 0.79,
        "acq_date": "2026-09-26",
        "acq_time": "48",
        "satellite": "N20",
        "brightness": null,
        "NAME_1": "Crimea",
        "locality": "Bakhchysarais'kyi"
      }
    },
    {
      "type": "Feature",
      "geometry": {
        "type": "Polygon",
        "coordinates": [
          [
            [
              37.685340000000004,
              44.83399
            ],
            [
              37.685340000000004,
              44.84899
            ],
            [
              37.67034,
              44.84899
            ],
            [
              37.67034,
              44.83399
            ],
            [
              37.685340000000004,
              44.83399
            ]
          ]
        ]
      },
      "properties": {
        "frp": 1.91,
        "acq_date": "2026-09-26",
        "acq_time": "48",
        "satellite": "N20",
        "brightness": null,
        "NAME_1": "Krasnodar",
        "locality": "Novorossiysk gorsovet"
      }
    },
    {
      "type": "Feature",
      "geometry": {
        "type": "Polygon",
        "coordinates": [
          [
            [
              37.68065,
              44.8348
            ],
            [
              37.68065,
              44.8498
            ],
            [
              37.66565,
              44.8498
            ],
            [
              37.66565,
              44.8348
            ],
            [
              37.68065,
              44.8348
            ]
          ]
        ]
      },
      "properties": {
        "frp": 1.82,
        "acq_date": "2026-09-26",
        "acq_time": "48",
        "satellite": "N20",
        "brightness": null,
        "NAME_1": "Krasnodar",
        "locality": "Novorossiysk gorsovet"
      }
    },
    {
      "type": "Feature",
      "geometry": {
        "type": "Polygon",
        "coordinates": [
          [
            [
              38.12402,
              44.87854
            ],
            [
              38.12402,
              44.89354
            ],
            [
              38.10902,
              44.89354
            ],
            [
              38.10902,
              44.87854
            ],
            [
              38.12402,
              44.87854
            ]
          ]
        ]
      },
      "properties": {
        "frp": 1.79,
        "acq_date": "2026-09-26",
        "acq_time": "48",
        "satellite": "N20",
        "brightness": null,
        "NAME_1": "Krasnodar",
        "locality": "Abinskiy rayon"
      }
    },
    {
      "type": "Feature",
      "geometry": {
        "type": "Polygon",
        "coordinates": [
          [
            [
              38.12692,
              44.88027
            ],
            [
              38.12692,
              44.895270000000004
            ],
            [
              38.11192,
              44.895270000000004
            ],
            [
              38.11192,
              44.88027
            ],
            [
              38.12692,
              44.88027
            ]
          ]
        ]
      },
      "properties": {
        "frp": 1.34,
        "acq_date": "2026-09-26",
        "acq_time": "48",
        "satellite": "N20",
        "brightness": null,
        "NAME_1": "Krasnodar",
        "locality": "Abinskiy rayon"
      }
    },
    {
      "type": "Feature",
      "geometry": {
        "type": "Polygon",
        "coordinates": [
          [
            [
              30.10613,
              46.42463
            ],
            [
              30.10613,
              46.43963
            ],
            [
              30.09113,
              46.43963
            ],
            [
              30.09113,
              46.42463
            ],
            [
              30.10613,
              46.42463
            ]
          ]
        ]
      },
      "properties": {
        "frp": 0.99,
        "acq_date": "2026-09-26",
        "acq_time": "48",
        "satellite": "N20",
        "brightness": null,
        "NAME_1": "",
        "locality": ""
      }
    },
    {
      "type": "Feature",
      "geometry": {
        "type": "Polygon",
        "coordinates": [
          [
            [
              22.33785,
              47.03114
            ],
            [
              22.33785,
              47.04614
            ],
            [
              22.32285,
              47.04614
            ],
            [
              22.32285,
              47.03114
            ],
            [
              22.33785,
              47.03114
            ]
          ]
        ]
      },
      "properties": {
        "frp": 0.38,
        "acq_date": "2026-09-26",
        "acq_time": "48",
        "satellite": "N20",
        "brightness": null,
        "NAME_1": "",
        "locality": ""
      }
    },
    {
      "type": "Feature",
      "geometry": {
        "type": "Polygon",
        "coordinates": [
          [
            [
              29.02387,
              47.7803
            ],
            [
              29.02387,
              47.7953
            ],
            [
              29.008869999999998,
              47.7953
            ],
            [
              29.008869999999998,
              47.7803
            ],
            [
              29.02387,
              47.7803
            ]
          ]
        ]
      },
      "properties": {
        "frp": 0.85,
        "acq_date": "2026-09-26",
        "acq_time": "48",
        "satellite": "N20",
        "brightness": null,
        "NAME_1": "",
        "locality": ""
      }
    },
    {
      "type": "Feature",
      "geometry": {
        "type": "Polygon",
        "coordinates": [
          [
            [
              22.25003,
              48.57579
            ],
            [
              22.25003,
              48.59079
            ],
            [
              22.23503,
              48.59079
            ],
            [
              22.23503,
              48.57579
            ],
            [
              22.25003,
              48.57579
            ]
          ]
        ]
      },
      "properties": {
        "frp": 0.78,
        "acq_date": "2026-09-26",
        "acq_time": "48",
        "satellite": "N20",
        "brightness": null,
        "NAME_1": "Zakarpattia",
        "locality": "Uzhhorods'kyi"
      }
    },
    {
      "type": "Feature",
      "geometry": {
        "type": "Polygon",
        "coordinates": [
          [
            [
              39.57998,
              52.55168
            ],
            [
              39.57998,
              52.56668
            ],
            [
              39.56498,
              52.56668
            ],
            [
              39.56498,
              52.55168
            ],
            [
              39.57998,
              52.55168
            ]
          ]
        ]
      },
      "properties": {
        "frp": 10.07,
        "acq_date": "2026-09-26",
        "acq_time": "854",
        "satellite": "N20",
        "brightness": null,
        "NAME_1": "Lipetsk",
        "locality": "Lipetsk"
      }
    },
    {
      "type": "Feature",
      "geometry": {
        "type": "Polygon",
        "coordinates": [
          [
            [
              39.58588,
              52.55368
            ],
            [
              39.58588,
              52.56868
            ],
            [
              39.57088,
              52.56868
            ],
            [
              39.57088,
              52.55368
            ],
            [
              39.58588,
              52.55368
            ]
          ]
        ]
      },
      "properties": {
        "frp": 8.95,
        "acq_date": "2026-09-26",
        "acq_time": "854",
        "satellite": "N20",
        "brightness": null,
        "NAME_1": "Lipetsk",
        "locality": "Lipetsk"
      }
    },
    {
      "type": "Feature",
      "geometry": {
        "type": "Polygon",
        "coordinates": [
          [
            [
              34.27048,
              52.40193
            ],
            [
              34.27048,
              52.41693
            ],
            [
              34.25548,
              52.41693
            ],
            [
              34.25548,
              52.40193
            ],
            [
              34.27048,
              52.40193
            ]
          ]
        ]
      },
      "properties": {
        "frp": 5.28,
        "acq_date": "2026-09-26",
        "acq_time": "856",
        "satellite": "N20",
        "brightness": null,
        "NAME_1": "Bryansk",
        "locality": "Suzemskiy rayon"
      }
    },
    {
      "type": "Feature",
      "geometry": {
        "type": "Polygon",
        "coordinates": [
          [
            [
              36.41637,
              45.14992
            ],
            [
              36.41637,
              45.16492
            ],
            [
              36.40137,
              45.16492
            ],
            [
              36.40137,
              45.14992
            ],
            [
              36.41637,
              45.14992
            ]
          ]
        ]
      },
      "properties": {
        "frp": 2.67,
        "acq_date": "2026-09-26",
        "acq_time": "1032",
        "satellite": "N20",
        "brightness": null,
        "NAME_1": "Crimea",
        "locality": "Lenins'kyi"
      }
    },
    {
      "type": "Feature",
      "geometry": {
        "type": "Polygon",
        "coordinates": [
          [
            [
              37.94726,
              45.17749
            ],
            [
              37.94726,
              45.19249
            ],
            [
              37.93226,
              45.19249
            ],
            [
              37.93226,
              45.17749
            ],
            [
              37.94726,
              45.17749
            ]
          ]
        ]
      },
      "properties": {
        "frp": 1.8,
        "acq_date": "2026-09-26",
        "acq_time": "1032",
        "satellite": "N20",
        "brightness": null,
        "NAME_1": "Krasnodar",
        "locality": "Krymskiy rayon"
      }
    },
    {
      "type": "Feature",
      "geometry": {
        "type": "Polygon",
        "coordinates": [
          [
            [
              37.95237,
              45.17818
            ],
            [
              37.95237,
              45.19318
            ],
            [
              37.93737,
              45.19318
            ],
            [
              37.93737,
              45.17818
            ],
            [
              37.95237,
              45.17818
            ]
          ]
        ]
      },
      "properties": {
        "frp": 2.45,
        "acq_date": "2026-09-26",
        "acq_time": "1032",
        "satellite": "N20",
        "brightness": null,
        "NAME_1": "Krasnodar",
        "locality": "Krymskiy rayon"
      }
    },
    {
      "type": "Feature",
      "geometry": {
        "type": "Polygon",
        "coordinates": [
          [
            [
              37.95659,
              45.18222
            ],
            [
              37.95659,
              45.19722
            ],
            [
              37.94159,
              45.19722
            ],
            [
              37.94159,
              45.18222
            ],
            [
              37.95659,
              45.18222
            ]
          ]
        ]
      },
      "properties": {
        "frp": 2.45,
        "acq_date": "2026-09-26",
        "acq_time": "1032",
        "satellite": "N20",
        "brightness": null,
        "NAME_1": "Krasnodar",
        "locality": "Krymskiy rayon"
      }
    },
    {
      "type": "Feature",
      "geometry": {
        "type": "Polygon",
        "coordinates": [
          [
            [
              37.85452,
              45.22768
            ],
            [
              37.85452,
              45.24268
            ],
            [
              37.83952,
              45.24268
            ],
            [
              37.83952,
              45.22768
            ],
            [
              37.85452,
              45.22768
            ]
          ]
        ]
      },
      "properties": {
        "frp": 6.82,
        "acq_date": "2026-09-26",
        "acq_time": "1032",
        "satellite": "N20",
        "brightness": null,
        "NAME_1": "Krasnodar",
        "locality": "Slavyanskiy rayon"
      }
    },
    {
      "type": "Feature",
      "geometry": {
        "type": "Polygon",
        "coordinates": [
          [
            [
              37.85362,
              45.23104
            ],
            [
              37.85362,
              45.24604
            ],
            [
              37.83862,
              45.24604
            ],
            [
              37.83862,
              45.23104
            ],
            [
              37.85362,
              45.23104
            ]
          ]
        ]
      },
      "properties": {
        "frp": 6.82,
        "acq_date": "2026-09-26",
        "acq_time": "1032",
        "satellite": "N20",
        "brightness": null,
        "NAME_1": "Krasnodar",
        "locality": "Slavyanskiy rayon"
      }
    },
    {
      "type": "Feature",
      "geometry": {
        "type": "Polygon",
        "coordinates": [
          [
            [
              37.85872,
              45.23173
            ],
            [
              37.85872,
              45.24673
            ],
            [
              37.84372,
              45.24673
            ],
            [
              37.84372,
              45.23173
            ],
            [
              37.85872,
              45.23173
            ]
          ]
        ]
      },
      "properties": {
        "frp": 6.82,
        "acq_date": "2026-09-26",
        "acq_time": "1032",
        "satellite": "N20",
        "brightness": null,
        "NAME_1": "Krasnodar",
        "locality": "Slavyanskiy rayon"
      }
    },
    {
      "type": "Feature",
      "geometry": {
        "type": "Polygon",
        "coordinates": [
          [
            [
              37.81109,
              45.23223
            ],
            [
              37.81109,
              45.24723
            ],
            [
              37.79609,
              45.24723
            ],
            [
              37.79609,
              45.23223
            ],
            [
              37.81109,
              45.23223
            ]
          ]
        ]
      },
      "properties": {
        "frp": 7.37,
        "acq_date": "2026-09-26",
        "acq_time": "1032",
        "satellite": "N20",
        "brightness": null,
        "NAME_1": "Krasnodar",
        "locality": "Slavyanskiy rayon"
      }
    },
    {
      "type": "Feature",
      "geometry": {
        "type": "Polygon",
        "coordinates": [
          [
            [
              37.81378,
              45.23361
            ],
            [
              37.81378,
              45.24861
            ],
            [
              37.79878,
              45.24861
            ],
            [
              37.79878,
              45.23361
            ],
            [
              37.81378,
              45.23361
            ]
          ]
        ]
      },
      "properties": {
        "frp": 7.52,
        "acq_date": "2026-09-26",
        "acq_time": "1032",
        "satellite": "N20",
        "brightness": null,
        "NAME_1": "Krasnodar",
        "locality": "Slavyanskiy rayon"
      }
    },
    {
      "type": "Feature",
      "geometry": {
        "type": "Polygon",
        "coordinates": [
          [
            [
              37.75931,
              45.24021
            ],
            [
              37.75931,
              45.25521
            ],
            [
              37.74431,
              45.25521
            ],
            [
              37.74431,
              45.24021
            ],
            [
              37.75931,
              45.24021
            ]
          ]
        ]
      },
      "properties": {
        "frp": 3.76,
        "acq_date": "2026-09-26",
        "acq_time": "1032",
        "satellite": "N20",
        "brightness": null,
        "NAME_1": "Krasnodar",
        "locality": "Slavyanskiy rayon"
      }
    },
    {
      "type": "Feature",
      "geometry": {
        "type": "Polygon",
        "coordinates": [
          [
            [
              37.7584,
              45.24356
            ],
            [
              37.7584,
              45.25856
            ],
            [
              37.7434,
              45.25856
            ],
            [
              37.7434,
              45.24356
            ],
            [
              37.7584,
              45.24356
            ]
          ]
        ]
      },
      "properties": {
        "frp": 3.76,
        "acq_date": "2026-09-26",
        "acq_time": "1032",
        "satellite": "N20",
        "brightness": null,
        "NAME_1": "Krasnodar",
        "locality": "Slavyanskiy rayon"
      }
    },
    {
      "type": "Feature",
      "geometry": {
        "type": "Polygon",
        "coordinates": [
          [
            [
              37.75242,
              45.24623
            ],
            [
              37.75242,
              45.26123
            ],
            [
              37.73742,
              45.26123
            ],
            [
              37.73742,
              45.24623
            ],
            [
              37.75242,
              45.24623
            ]
          ]
        ]
      },
      "properties": {
        "frp": 4.61,
        "acq_date": "2026-09-26",
        "acq_time": "1032",
        "satellite": "N20",
        "brightness": null,
        "NAME_1": "Krasnodar",
        "locality": "Slavyanskiy rayon"
      }
    },
    {
      "type": "Feature",
      "geometry": {
        "type": "Polygon",
        "coordinates": [
          [
            [
              37.7575,
              45.24691
            ],
            [
              37.7575,
              45.26191
            ],
            [
              37.7425,
              45.26191
            ],
            [
              37.7425,
              45.24691
            ],
            [
              37.7575,
              45.24691
            ]
          ]
        ]
      },
      "properties": {
        "frp": 4.28,
        "acq_date": "2026-09-26",
        "acq_time": "1032",
        "satellite": "N20",
        "brightness": null,
        "NAME_1": "Krasnodar",
        "locality": "Slavyanskiy rayon"
      }
    },
    {
      "type": "Feature",
      "geometry": {
        "type": "Polygon",
        "coordinates": [
          [
            [
              37.86807,
              45.24779
            ],
            [
              37.86807,
              45.26279
            ],
            [
              37.85307,
              45.26279
            ],
            [
              37.85307,
              45.24779
            ],
            [
              37.86807,
              45.24779
            ]
          ]
        ]
      },
      "properties": {
        "frp": 10.09,
        "acq_date": "2026-09-26",
        "acq_time": "1032",
        "satellite": "N20",
        "brightness": null,
        "NAME_1": "Krasnodar",
        "locality": "Slavyanskiy rayon"
      }
    },
    {
      "type": "Feature",
      "geometry": {
        "type": "Polygon",
        "coordinates": [
          [
            [
              37.87318,
              45.24848
            ],
            [
              37.87318,
              45.26348
            ],
            [
              37.85818,
              45.26348
            ],
            [
              37.85818,
              45.24848
            ],
            [
              37.87318,
              45.24848
            ]
          ]
        ]
      },
      "properties": {
        "frp": 9.78,
        "acq_date": "2026-09-26",
        "acq_time": "1032",
        "satellite": "N20",
        "brightness": null,
        "NAME_1": "Krasnodar",
        "locality": "Slavyanskiy rayon"
      }
    },
    {
      "type": "Feature",
      "geometry": {
        "type": "Polygon",
        "coordinates": [
          [
            [
              37.92613,
              45.24854
            ],
            [
              37.92613,
              45.26354
            ],
            [
              37.91113,
              45.26354
            ],
            [
              37.91113,
              45.24854
            ],
            [
              37.92613,
              45.24854
            ]
          ]
        ]
      },
      "properties": {
        "frp": 3.94,
        "acq_date": "2026-09-26",
        "acq_time": "1032",
        "satellite": "N20",
        "brightness": null,
        "NAME_1": "Krasnodar",
        "locality": "Slavyansk-na-Kubani"
      }
    },
    {
      "type": "Feature",
      "geometry": {
        "type": "Polygon",
        "coordinates": [
          [
            [
              37.86717,
              45.25116
            ],
            [
              37.86717,
              45.26616
            ],
            [
              37.85217,
              45.26616
            ],
            [
              37.85217,
              45.25116
            ],
            [
              37.86717,
              45.25116
            ]
          ]
        ]
      },
      "properties": {
        "frp": 10.09,
        "acq_date": "2026-09-26",
        "acq_time": "1032",
        "satellite": "N20",
        "brightness": null,
        "NAME_1": "Krasnodar",
        "locality": "Slavyanskiy rayon"
      }
    },
    {
      "type": "Feature",
      "geometry": {
        "type": "Polygon",
        "coordinates": [
          [
            [
              37.89273,
              45.25455
            ],
            [
              37.89273,
              45.26955
            ],
            [
              37.87773,
              45.26955
            ],
            [
              37.87773,
              45.25455
            ],
            [
              37.89273,
              45.25455
            ]
          ]
        ]
      },
      "properties": {
        "frp": 3.31,
        "acq_date": "2026-09-26",
        "acq_time": "1032",
        "satellite": "N20",
        "brightness": null,
        "NAME_1": "Krasnodar",
        "locality": "Slavyansk-na-Kubani"
      }
    },
    {
      "type": "Feature",
      "geometry": {
        "type": "Polygon",
        "coordinates": [
          [
            [
              38.00645,
              45.26611
            ],
            [
              38.00645,
              45.28111
            ],
            [
              37.99145,
              45.28111
            ],
            [
              37.99145,
              45.26611
            ],
            [
              38.00645,
              45.26611
            ]
          ]
        ]
      },
      "properties": {
        "frp": 3.6,
        "acq_date": "2026-09-26",
        "acq_time": "1032",
        "satellite": "N20",
        "brightness": null,
        "NAME_1": "Krasnodar",
        "locality": "Slavyansk-na-Kubani"
      }
    },
    {
      "type": "Feature",
      "geometry": {
        "type": "Polygon",
        "coordinates": [
          [
            [
              38.306400000000004,
              45.3087
            ],
            [
              38.306400000000004,
              45.3237
            ],
            [
              38.2914,
              45.3237
            ],
            [
              38.2914,
              45.3087
            ],
            [
              38.306400000000004,
              45.3087
            ]
          ]
        ]
      },
      "properties": {
        "frp": 6.76,
        "acq_date": "2026-09-26",
        "acq_time": "1032",
        "satellite": "N20",
        "brightness": null,
        "NAME_1": "Krasnodar",
        "locality": "Krasnoarmeyskiy rayon"
      }
    },
    {
      "type": "Feature",
      "geometry": {
        "type": "Polygon",
        "coordinates": [
          [
            [
              38.30552,
              45.31209
            ],
            [
              38.30552,
              45.32709
            ],
            [
              38.29052,
              45.32709
            ],
            [
              38.29052,
              45.31209
            ],
            [
              38.30552,
              45.31209
            ]
          ]
        ]
      },
      "properties": {
        "frp": 5.88,
        "acq_date": "2026-09-26",
        "acq_time": "1032",
        "satellite": "N20",
        "brightness": null,
        "NAME_1": "Krasnodar",
        "locality": "Krasnoarmeyskiy rayon"
      }
    },
    {
      "type": "Feature",
      "geometry": {
        "type": "Polygon",
        "coordinates": [
          [
            [
              38.3615,
              45.4593
            ],
            [
              38.3615,
              45.4743
            ],
            [
              38.3465,
              45.4743
            ],
            [
              38.3465,
              45.4593
            ],
            [
              38.3615,
              45.4593
            ]
          ]
        ]
      },
      "properties": {
        "frp": 5.18,
        "acq_date": "2026-09-26",
        "acq_time": "1032",
        "satellite": "N20",
        "brightness": null,
        "NAME_1": "Krasnodar",
        "locality": "Krasnoarmeyskiy rayon"
      }
    },
    {
      "type": "Feature",
      "geometry": {
        "type": "Polygon",
        "coordinates": [
          [
            [
              38.36677,
              45.45998
            ],
            [
              38.36677,
              45.47498
            ],
            [
              38.35177,
              45.47498
            ],
            [
              38.35177,
              45.45998
            ],
            [
              38.36677,
              45.45998
            ]
          ]
        ]
      },
      "properties": {
        "frp": 2.54,
        "acq_date": "2026-09-26",
        "acq_time": "1032",
        "satellite": "N20",
        "brightness": null,
        "NAME_1": "Krasnodar",
        "locality": "Krasnoarmeyskiy rayon"
      }
    },
    {
      "type": "Feature",
      "geometry": {
        "type": "Polygon",
        "coordinates": [
          [
            [
              37.87385,
              45.46224
            ],
            [
              37.87385,
              45.47724
            ],
            [
              37.85885,
              45.47724
            ],
            [
              37.85885,
              45.46224
            ],
            [
              37.87385,
              45.46224
            ]
          ]
        ]
      },
      "properties": {
        "frp": 8.66,
        "acq_date": "2026-09-26",
        "acq_time": "1032",
        "satellite": "N20",
        "brightness": null,
        "NAME_1": "Krasnodar",
        "locality": "Slavyanskiy rayon"
      }
    },
    {
      "type": "Feature",
      "geometry": {
        "type": "Polygon",
        "coordinates": [
          [
            [
              37.87294,
              45.46561
            ],
            [
              37.87294,
              45.48061
            ],
            [
              37.85794,
              45.48061
            ],
            [
              37.85794,
              45.46561
            ],
            [
              37.87294,
              45.46561
            ]
          ]
        ]
      },
      "properties": {
        "frp": 2.68,
        "acq_date": "2026-09-26",
        "acq_time": "1032",
        "satellite": "N20",
        "brightness": null,
        "NAME_1": "Krasnodar",
        "locality": "Slavyanskiy rayon"
      }
    },
    {
      "type": "Feature",
      "geometry": {
        "type": "Polygon",
        "coordinates": [
          [
            [
              39.83194,
              46.38644
            ],
            [
              39.83194,
              46.40144
            ],
            [
              39.81694,
              46.40144
            ],
            [
              39.81694,
              46.38644
            ],
            [
              39.83194,
              46.38644
            ]
          ]
        ]
      },
      "properties": {
        "frp": 7.87,
        "acq_date": "2026-09-26",
        "acq_time": "1032",
        "satellite": "N20",
        "brightness": null,
        "NAME_1": "Krasnodar",
        "locality": "Krylovskiy rayon"
      }
    },
    {
      "type": "Feature",
      "geometry": {
        "type": "Polygon",
        "coordinates": [
          [
            [
              39.83018,
              46.39365
            ],
            [
              39.83018,
              46.40865
            ],
            [
              39.81518,
              46.40865
            ],
            [
              39.81518,
              46.39365
            ],
            [
              39.83018,
              46.39365
            ]
          ]
        ]
      },
      "properties": {
        "frp": 7.29,
        "acq_date": "2026-09-26",
        "acq_time": "1032",
        "satellite": "N20",
        "brightness": null,
        "NAME_1": "Krasnodar",
        "locality": "Krylovskiy rayon"
      }
    },
    {
      "type": "Feature",
      "geometry": {
        "type": "Polygon",
        "coordinates": [
          [
            [
              39.83621,
              46.39433
            ],
            [
              39.83621,
              46.40933
            ],
            [
              39.82121,
              46.40933
            ],
            [
              39.82121,
              46.39433
            ],
            [
              39.83621,
              46.39433
            ]
          ]
        ]
      },
      "properties": {
        "frp": 7.29,
        "acq_date": "2026-09-26",
        "acq_time": "1032",
        "satellite": "N20",
        "brightness": null,
        "NAME_1": "Krasnodar",
        "locality": "Krylovskiy rayon"
      }
    },
    {
      "type": "Feature",
      "geometry": {
        "type": "Polygon",
        "coordinates": [
          [
            [
              39.83535,
              46.39794
            ],
            [
              39.83535,
              46.41294
            ],
            [
              39.82035,
              46.41294
            ],
            [
              39.82035,
              46.39794
            ],
            [
              39.83535,
              46.39794
            ]
          ]
        ]
      },
      "properties": {
        "frp": 7.04,
        "acq_date": "2026-09-26",
        "acq_time": "1032",
        "satellite": "N20",
        "brightness": null,
        "NAME_1": "Krasnodar",
        "locality": "Krylovskiy rayon"
      }
    },
    {
      "type": "Feature",
      "geometry": {
        "type": "Polygon",
        "coordinates": [
          [
            [
              31.68061,
              45.24926
            ],
            [
              31.68061,
              45.26426
            ],
            [
              31.66561,
              45.26426
            ],
            [
              31.66561,
              45.24926
            ],
            [
              31.68061,
              45.24926
            ]
          ]
        ]
      },
      "properties": {
        "frp": 8.29,
        "acq_date": "2026-09-26",
        "acq_time": "1034",
        "satellite": "N20",
        "brightness": null,
        "NAME_1": "",
        "locality": ""
      }
    },
    {
      "type": "Feature",
      "geometry": {
        "type": "Polygon",
        "coordinates": [
          [
            [
              22.10155,
              46.67948
            ],
            [
              22.10155,
              46.69448
            ],
            [
              22.08655,
              46.69448
            ],
            [
              22.08655,
              46.67948
            ],
            [
              22.10155,
              46.67948
            ]
          ]
        ]
      },
      "properties": {
        "frp": 3.87,
        "acq_date": "2026-09-26",
        "acq_time": "1034",
        "satellite": "N20",
        "brightness": null,
        "NAME_1": "",
        "locality": ""
      }
    },
    {
      "type": "Feature",
      "geometry": {
        "type": "Polygon",
        "coordinates": [
          [
            [
              32.84326,
              47.30906
            ],
            [
              32.84326,
              47.32406
            ],
            [
              32.82826,
              47.32406
            ],
            [
              32.82826,
              47.30906
            ],
            [
              32.84326,
              47.30906
            ]
          ]
        ]
      },
      "properties": {
        "frp": 1.6,
        "acq_date": "2026-09-26",
        "acq_time": "1034",
        "satellite": "N20",
        "brightness": null,
        "NAME_1": "Mykolayiv",
        "locality": "Bereznehuvats'kyi"
      }
    },
    {
      "type": "Feature",
      "geometry": {
        "type": "Polygon",
        "coordinates": [
          [
            [
              32.8472,
              47.31323
            ],
            [
              32.8472,
              47.32823
            ],
            [
              32.8322,
              47.32823
            ],
            [
              32.8322,
              47.31323
            ],
            [
              32.8472,
              47.31323
            ]
          ]
        ]
      },
      "properties": {
        "frp": 5.28,
        "acq_date": "2026-09-26",
        "acq_time": "1034",
        "satellite": "N20",
        "brightness": null,
        "NAME_1": "Mykolayiv",
        "locality": "Bereznehuvats'kyi"
      }
    },
    {
      "type": "Feature",
      "geometry": {
        "type": "Polygon",
        "coordinates": [
          [
            [
              34.94438,
              47.58068
            ],
            [
              34.94438,
              47.59568
            ],
            [
              34.92938,
              47.59568
            ],
            [
              34.92938,
              47.58068
            ],
            [
              34.94438,
              47.58068
            ]
          ]
        ]
      },
      "properties": {
        "frp": 6.46,
        "acq_date": "2026-09-26",
        "acq_time": "1034",
        "satellite": "N20",
        "brightness": null,
        "NAME_1": "Zaporizhia",
        "locality": "Zaporiz'kyi"
      }
    },
    {
      "type": "Feature",
      "geometry": {
        "type": "Polygon",
        "coordinates": [
          [
            [
              32.46548,
              48.18856
            ],
            [
              32.46548,
              48.20356
            ],
            [
              32.45048,
              48.20356
            ],
            [
              32.45048,
              48.18856
            ],
            [
              32.46548,
              48.18856
            ]
          ]
        ]
      },
      "properties": {
        "frp": 6.65,
        "acq_date": "2026-09-26",
        "acq_time": "1034",
        "satellite": "N20",
        "brightness": null,
        "NAME_1": "Kirovohrad",
        "locality": "Kompani\u2039vs'kyi"
      }
    },
    {
      "type": "Feature",
      "geometry": {
        "type": "Polygon",
        "coordinates": [
          [
            [
              37.47321,
              48.59618
            ],
            [
              37.47321,
              48.61118
            ],
            [
              37.45821,
              48.61118
            ],
            [
              37.45821,
              48.59618
            ],
            [
              37.47321,
              48.59618
            ]
          ]
        ]
      },
      "properties": {
        "frp": 1.32,
        "acq_date": "2026-09-26",
        "acq_time": "1034",
        "satellite": "N20",
        "brightness": null,
        "NAME_1": "Donets'k",
        "locality": "Kostiantynivs'kyi"
      }
    },
    {
      "type": "Feature",
      "geometry": {
        "type": "Polygon",
        "coordinates": [
          [
            [
              26.28856,
              49.50384
            ],
            [
              26.28856,
              49.51884
            ],
            [
              26.27356,
              49.51884
            ],
            [
              26.27356,
              49.50384
            ],
            [
              26.28856,
              49.50384
            ]
          ]
        ]
      },
      "properties": {
        "frp": 2.07,
        "acq_date": "2026-09-26",
        "acq_time": "1034",
        "satellite": "N20",
        "brightness": null,
        "NAME_1": "Khmel'nyts'kyy",
        "locality": "Volochys'kyi"
      }
    },
    {
      "type": "Feature",
      "geometry": {
        "type": "Polygon",
        "coordinates": [
          [
            [
              35.45546,
              50.29877
            ],
            [
              35.45546,
              50.31377
            ],
            [
              35.44046,
              50.31377
            ],
            [
              35.44046,
              50.29877
            ],
            [
              35.45546,
              50.29877
            ]
          ]
        ]
      },
      "properties": {
        "frp": 1.75,
        "acq_date": "2026-09-26",
        "acq_time": "1034",
        "satellite": "N20",
        "brightness": null,
        "NAME_1": "Kharkiv",
        "locality": "Bohodukhivs'kyi"
      }
    },
    {
      "type": "Feature",
      "geometry": {
        "type": "Polygon",
        "coordinates": [
          [
            [
              29.61668,
              50.51808
            ],
            [
              29.61668,
              50.53308
            ],
            [
              29.601679999999998,
              50.53308
            ],
            [
              29.601679999999998,
              50.51808
            ],
            [
              29.61668,
              50.51808
            ]
          ]
        ]
      },
      "properties": {
        "frp": 5.34,
        "acq_date": "2026-09-26",
        "acq_time": "1034",
        "satellite": "N20",
        "brightness": null,
        "NAME_1": "Kiev",
        "locality": "Makarivs'kyi"
      }
    },
    {
      "type": "Feature",
      "geometry": {
        "type": "Polygon",
        "coordinates": [
          [
            [
              29.62252,
              50.51919
            ],
            [
              29.62252,
              50.53419
            ],
            [
              29.60752,
              50.53419
            ],
            [
              29.60752,
              50.51919
            ],
            [
              29.62252,
              50.51919
            ]
          ]
        ]
      },
      "properties": {
        "frp": 5.38,
        "acq_date": "2026-09-26",
        "acq_time": "1034",
        "satellite": "N20",
        "brightness": null,
        "NAME_1": "Kiev",
        "locality": "Makarivs'kyi"
      }
    },
    {
      "type": "Feature",
      "geometry": {
        "type": "Polygon",
        "coordinates": [
          [
            [
              30.89318,
              50.60227
            ],
            [
              30.89318,
              50.61727
            ],
            [
              30.87818,
              50.61727
            ],
            [
              30.87818,
              50.60227
            ],
            [
              30.89318,
              50.60227
            ]
          ]
        ]
      },
      "properties": {
        "frp": 5.45,
        "acq_date": "2026-09-26",
        "acq_time": "1034",
        "satellite": "N20",
        "brightness": null,
        "NAME_1": "Kiev",
        "locality": "Brovars'kyi"
      }
    },
    {
      "type": "Feature",
      "geometry": {
        "type": "Polygon",
        "coordinates": [
          [
            [
              30.89871,
              50.60325
            ],
            [
              30.89871,
              50.61825
            ],
            [
              30.88371,
              50.61825
            ],
            [
              30.88371,
              50.60325
            ],
            [
              30.89871,
              50.60325
            ]
          ]
        ]
      },
      "properties": {
        "frp": 5.45,
        "acq_date": "2026-09-26",
        "acq_time": "1034",
        "satellite": "N20",
        "brightness": null,
        "NAME_1": "Kiev",
        "locality": "Brovars'kyi"
      }
    },
    {
      "type": "Feature",
      "geometry": {
        "type": "Polygon",
        "coordinates": [
          [
            [
              30.89173,
              50.60556
            ],
            [
              30.89173,
              50.62056
            ],
            [
              30.87673,
              50.62056
            ],
            [
              30.87673,
              50.60556
            ],
            [
              30.89173,
              50.60556
            ]
          ]
        ]
      },
      "properties": {
        "frp": 5.45,
        "acq_date": "2026-09-26",
        "acq_time": "1034",
        "satellite": "N20",
        "brightness": null,
        "NAME_1": "Kiev",
        "locality": "Brovars'kyi"
      }
    },
    {
      "type": "Feature",
      "geometry": {
        "type": "Polygon",
        "coordinates": [
          [
            [
              28.769190000000002,
              51.05833
            ],
            [
              28.769190000000002,
              51.07333
            ],
            [
              28.75419,
              51.07333
            ],
            [
              28.75419,
              51.05833
            ],
            [
              28.769190000000002,
              51.05833
            ]
          ]
        ]
      },
      "properties": {
        "frp": 2.43,
        "acq_date": "2026-09-26",
        "acq_time": "1034",
        "satellite": "N20",
        "brightness": null,
        "NAME_1": "Zhytomyr",
        "locality": "Korostens'kyi"
      }
    },
    {
      "type": "Feature",
      "geometry": {
        "type": "Polygon",
        "coordinates": [
          [
            [
              34.14745,
              52.1346
            ],
            [
              34.14745,
              52.1496
            ],
            [
              34.13245,
              52.1496
            ],
            [
              34.13245,
              52.1346
            ],
            [
              34.14745,
              52.1346
            ]
          ]
        ]
      },
      "properties": {
        "frp": 2.59,
        "acq_date": "2026-09-26",
        "acq_time": "1034",
        "satellite": "N20",
        "brightness": null,
        "NAME_1": "Bryansk",
        "locality": "Sevskiy rayon"
      }
    },
    {
      "type": "Feature",
      "geometry": {
        "type": "Polygon",
        "coordinates": [
          [
            [
              32.31225,
              52.18492
            ],
            [
              32.31225,
              52.19992
            ],
            [
              32.29725,
              52.19992
            ],
            [
              32.29725,
              52.18492
            ],
            [
              32.31225,
              52.18492
            ]
          ]
        ]
      },
      "properties": {
        "frp": 2.41,
        "acq_date": "2026-09-26",
        "acq_time": "1034",
        "satellite": "N20",
        "brightness": null,
        "NAME_1": "Bryansk",
        "locality": "Klimovskiy rayon"
      }
    },
    {
      "type": "Feature",
      "geometry": {
        "type": "Polygon",
        "coordinates": [
          [
            [
              33.32773,
              52.33042
            ],
            [
              33.32773,
              52.34542
            ],
            [
              33.31273,
              52.34542
            ],
            [
              33.31273,
              52.33042
            ],
            [
              33.32773,
              52.33042
            ]
          ]
        ]
      },
      "properties": {
        "frp": 2.09,
        "acq_date": "2026-09-26",
        "acq_time": "1034",
        "satellite": "N20",
        "brightness": null,
        "NAME_1": "Chernihiv",
        "locality": "Novhorod-Sivers'kyi"
      }
    },
    {
      "type": "Feature",
      "geometry": {
        "type": "Polygon",
        "coordinates": [
          [
            [
              34.11098,
              52.34842
            ],
            [
              34.11098,
              52.36342
            ],
            [
              34.09598,
              52.36342
            ],
            [
              34.09598,
              52.34842
            ],
            [
              34.11098,
              52.34842
            ]
          ]
        ]
      },
      "properties": {
        "frp": 2.44,
        "acq_date": "2026-09-26",
        "acq_time": "1034",
        "satellite": "N20",
        "brightness": null,
        "NAME_1": "Bryansk",
        "locality": "Suzemskiy rayon"
      }
    },
    {
      "type": "Feature",
      "geometry": {
        "type": "Polygon",
        "coordinates": [
          [
            [
              34.10974,
              52.3517
            ],
            [
              34.10974,
              52.3667
            ],
            [
              34.09474,
              52.3667
            ],
            [
              34.09474,
              52.3517
            ],
            [
              34.10974,
              52.3517
            ]
          ]
        ]
      },
      "properties": {
        "frp": 2.44,
        "acq_date": "2026-09-26",
        "acq_time": "1034",
        "satellite": "N20",
        "brightness": null,
        "NAME_1": "Bryansk",
        "locality": "Suzemskiy rayon"
      }
    },
    {
      "type": "Feature",
      "geometry": {
        "type": "Polygon",
        "coordinates": [
          [
            [
              34.26827,
              52.40054
            ],
            [
              34.26827,
              52.41554
            ],
            [
              34.25327,
              52.41554
            ],
            [
              34.25327,
              52.40054
            ],
            [
              34.26827,
              52.40054
            ]
          ]
        ]
      },
      "properties": {
        "frp": 4.03,
        "acq_date": "2026-09-26",
        "acq_time": "1034",
        "satellite": "N20",
        "brightness": null,
        "NAME_1": "Bryansk",
        "locality": "Suzemskiy rayon"
      }
    },
    {
      "type": "Feature",
      "geometry": {
        "type": "Polygon",
        "coordinates": [
          [
            [
              39.64471,
              52.53664
            ],
            [
              39.64471,
              52.55164
            ],
            [
              39.62971,
              52.55164
            ],
            [
              39.62971,
              52.53664
            ],
            [
              39.64471,
              52.53664
            ]
          ]
        ]
      },
      "properties": {
        "frp": 3.3,
        "acq_date": "2026-09-26",
        "acq_time": "1034",
        "satellite": "N20",
        "brightness": null,
        "NAME_1": "Lipetsk",
        "locality": "Lipetsk"
      }
    },
    {
      "type": "Feature",
      "geometry": {
        "type": "Polygon",
        "coordinates": [
          [
            [
              37.93665,
              51.13208
            ],
            [
              37.93665,
              51.14708
            ],
            [
              37.92165,
              51.14708
            ],
            [
              37.92165,
              51.13208
            ],
            [
              37.93665,
              51.13208
            ]
          ]
        ]
      },
      "properties": {
        "frp": 1.72,
        "acq_date": "2026-09-26",
        "acq_time": "2246",
        "satellite": "N20",
        "brightness": null,
        "NAME_1": "Belgorod",
        "locality": "Starooskol'skiy rayon"
      }
    },
    {
      "type": "Feature",
      "geometry": {
        "type": "Polygon",
        "coordinates": [
          [
            [
              37.77097,
              51.25325
            ],
            [
              37.77097,
              51.26825
            ],
            [
              37.75597,
              51.26825
            ],
            [
              37.75597,
              51.25325
            ],
            [
              37.77097,
              51.25325
            ]
          ]
        ]
      },
      "properties": {
        "frp": 1.41,
        "acq_date": "2026-09-26",
        "acq_time": "2246",
        "satellite": "N20",
        "brightness": null,
        "NAME_1": "Belgorod",
        "locality": "Starooskol'skiy rayon"
      }
    },
    {
      "type": "Feature",
      "geometry": {
        "type": "Polygon",
        "coordinates": [
          [
            [
              37.67347,
              44.83777
            ],
            [
              37.67347,
              44.85277
            ],
            [
              37.65847,
              44.85277
            ],
            [
              37.65847,
              44.83777
            ],
            [
              37.67347,
              44.83777
            ]
          ]
        ]
      },
      "properties": {
        "frp": 0.38,
        "acq_date": "2026-09-26",
        "acq_time": "2248",
        "satellite": "N20",
        "brightness": null,
        "NAME_1": "Krasnodar",
        "locality": "Novorossiysk gorsovet"
      }
    },
    {
      "type": "Feature",
      "geometry": {
        "type": "Polygon",
        "coordinates": [
          [
            [
              32.90929,
              46.15805
            ],
            [
              32.90929,
              46.17305
            ],
            [
              32.89429,
              46.17305
            ],
            [
              32.89429,
              46.15805
            ],
            [
              32.90929,
              46.15805
            ]
          ]
        ]
      },
      "properties": {
        "frp": 0.54,
        "acq_date": "2026-09-26",
        "acq_time": "2248",
        "satellite": "N20",
        "brightness": null,
        "NAME_1": "Kherson",
        "locality": "Skadovs'kyi"
      }
    },
    {
      "type": "Feature",
      "geometry": {
        "type": "Polygon",
        "coordinates": [
          [
            [
              32.9093,
              46.15847
            ],
            [
              32.9093,
              46.17347
            ],
            [
              32.8943,
              46.17347
            ],
            [
              32.8943,
              46.15847
            ],
            [
              32.9093,
              46.15847
            ]
          ]
        ]
      },
      "properties": {
        "frp": 0.54,
        "acq_date": "2026-09-26",
        "acq_time": "2248",
        "satellite": "N20",
        "brightness": null,
        "NAME_1": "Kherson",
        "locality": "Skadovs'kyi"
      }
    },
    {
      "type": "Feature",
      "geometry": {
        "type": "Polygon",
        "coordinates": [
          [
            [
              33.23177,
              46.35586
            ],
            [
              33.23177,
              46.37086
            ],
            [
              33.21677,
              46.37086
            ],
            [
              33.21677,
              46.35586
            ],
            [
              33.23177,
              46.35586
            ]
          ]
        ]
      },
      "properties": {
        "frp": 1.43,
        "acq_date": "2026-09-26",
        "acq_time": "2248",
        "satellite": "N20",
        "brightness": null,
        "NAME_1": "Kherson",
        "locality": "Tsiurupyns'kyi"
      }
    },
    {
      "type": "Feature",
      "geometry": {
        "type": "Polygon",
        "coordinates": [
          [
            [
              35.1555,
              46.68984
            ],
            [
              35.1555,
              46.70484
            ],
            [
              35.1405,
              46.70484
            ],
            [
              35.1405,
              46.68984
            ],
            [
              35.1555,
              46.68984
            ]
          ]
        ]
      },
      "properties": {
        "frp": 2.11,
        "acq_date": "2026-09-26",
        "acq_time": "2248",
        "satellite": "N20",
        "brightness": null,
        "NAME_1": "Zaporizhia",
        "locality": "Melitopol's'kyi"
      }
    },
    {
      "type": "Feature",
      "geometry": {
        "type": "Polygon",
        "coordinates": [
          [
            [
              35.14951,
              46.68998
            ],
            [
              35.14951,
              46.70498
            ],
            [
              35.13451,
              46.70498
            ],
            [
              35.13451,
              46.68998
            ],
            [
              35.14951,
              46.68998
            ]
          ]
        ]
      },
      "properties": {
        "frp": 2.11,
        "acq_date": "2026-09-26",
        "acq_time": "2248",
        "satellite": "N20",
        "brightness": null,
        "NAME_1": "Zaporizhia",
        "locality": "Melitopol's'kyi"
      }
    },
    {
      "type": "Feature",
      "geometry": {
        "type": "Polygon",
        "coordinates": [
          [
            [
              35.15586,
              46.69569
            ],
            [
              35.15586,
              46.71069
            ],
            [
              35.140859999999996,
              46.71069
            ],
            [
              35.140859999999996,
              46.69569
            ],
            [
              35.15586,
              46.69569
            ]
          ]
        ]
      },
      "properties": {
        "frp": 1.79,
        "acq_date": "2026-09-26",
        "acq_time": "2248",
        "satellite": "N20",
        "brightness": null,
        "NAME_1": "Zaporizhia",
        "locality": "Melitopol's'kyi"
      }
    },
    {
      "type": "Feature",
      "geometry": {
        "type": "Polygon",
        "coordinates": [
          [
            [
              35.14988,
              46.69583
            ],
            [
              35.14988,
              46.71083
            ],
            [
              35.13488,
              46.71083
            ],
            [
              35.13488,
              46.69583
            ],
            [
              35.14988,
              46.69583
            ]
          ]
        ]
      },
      "properties": {
        "frp": 1.79,
        "acq_date": "2026-09-26",
        "acq_time": "2248",
        "satellite": "N20",
        "brightness": null,
        "NAME_1": "Zaporizhia",
        "locality": "Melitopol's'kyi"
      }
    },
    {
      "type": "Feature",
      "geometry": {
        "type": "Polygon",
        "coordinates": [
          [
            [
              33.26161,
              46.74487
            ],
            [
              33.26161,
              46.75987
            ],
            [
              33.24661,
              46.75987
            ],
            [
              33.24661,
              46.74487
            ],
            [
              33.26161,
              46.74487
            ]
          ]
        ]
      },
      "properties": {
        "frp": 0.73,
        "acq_date": "2026-09-26",
        "acq_time": "2248",
        "satellite": "N20",
        "brightness": null,
        "NAME_1": "Kherson",
        "locality": "Beryslavs'kyi"
      }
    },
    {
      "type": "Feature",
      "geometry": {
        "type": "Polygon",
        "coordinates": [
          [
            [
              38.66876,
              47.31422
            ],
            [
              38.66876,
              47.32922
            ],
            [
              38.65376,
              47.32922
            ],
            [
              38.65376,
              47.31422
            ],
            [
              38.66876,
              47.31422
            ]
          ]
        ]
      },
      "properties": {
        "frp": 1.21,
        "acq_date": "2026-09-26",
        "acq_time": "2248",
        "satellite": "N20",
        "brightness": null,
        "NAME_1": "Rostov",
        "locality": "Neklinovskiy rayon"
      }
    },
    {
      "type": "Feature",
      "geometry": {
        "type": "Polygon",
        "coordinates": [
          [
            [
              38.66044,
              47.31467
            ],
            [
              38.66044,
              47.32967
            ],
            [
              38.64544,
              47.32967
            ],
            [
              38.64544,
              47.31467
            ],
            [
              38.66044,
              47.31467
            ]
          ]
        ]
      },
      "properties": {
        "frp": 1.21,
        "acq_date": "2026-09-26",
        "acq_time": "2248",
        "satellite": "N20",
        "brightness": null,
        "NAME_1": "Rostov",
        "locality": "Neklinovskiy rayon"
      }
    },
    {
      "type": "Feature",
      "geometry": {
        "type": "Polygon",
        "coordinates": [
          [
            [
              34.63383,
              47.50224
            ],
            [
              34.63383,
              47.51724
            ],
            [
              34.61883,
              47.51724
            ],
            [
              34.61883,
              47.50224
            ],
            [
              34.63383,
              47.50224
            ]
          ]
        ]
      },
      "properties": {
        "frp": 1.77,
        "acq_date": "2026-09-26",
        "acq_time": "2248",
        "satellite": "N20",
        "brightness": null,
        "NAME_1": "Zaporizhia",
        "locality": "Kamians'ko-Dniprovs'kyi"
      }
    },
    {
      "type": "Feature",
      "geometry": {
        "type": "Polygon",
        "coordinates": [
          [
            [
              34.63286,
              47.50384
            ],
            [
              34.63286,
              47.51884
            ],
            [
              34.61786,
              47.51884
            ],
            [
              34.61786,
              47.50384
            ],
            [
              34.63286,
              47.50384
            ]
          ]
        ]
      },
      "properties": {
        "frp": 1.85,
        "acq_date": "2026-09-26",
        "acq_time": "2248",
        "satellite": "N20",
        "brightness": null,
        "NAME_1": "Zaporizhia",
        "locality": "Kamians'ko-Dniprovs'kyi"
      }
    },
    {
      "type": "Feature",
      "geometry": {
        "type": "Polygon",
        "coordinates": [
          [
            [
              32.91325,
              46.16047
            ],
            [
              32.91325,
              46.17547
            ],
            [
              32.89825,
              46.17547
            ],
            [
              32.89825,
              46.16047
            ],
            [
              32.91325,
              46.16047
            ]
          ]
        ]
      },
      "properties": {
        "frp": 0.47,
        "acq_date": "2026-09-27",
        "acq_time": "28",
        "satellite": "N20",
        "brightness": null,
        "NAME_1": "Kherson",
        "locality": "Skadovs'kyi"
      }
    },
    {
      "type": "Feature",
      "geometry": {
        "type": "Polygon",
        "coordinates": [
          [
            [
              32.74658,
              46.58026
            ],
            [
              32.74658,
              46.59526
            ],
            [
              32.73158,
              46.59526
            ],
            [
              32.73158,
              46.58026
            ],
            [
              32.74658,
              46.58026
            ]
          ]
        ]
      },
      "properties": {
        "frp": 0.91,
        "acq_date": "2026-09-27",
        "acq_time": "28",
        "satellite": "N20",
        "brightness": null,
        "NAME_1": "Kherson",
        "locality": "Tsiurupyns'kyi"
      }
    },
    {
      "type": "Feature",
      "geometry": {
        "type": "Polygon",
        "coordinates": [
          [
            [
              26.61023,
              48.74076
            ],
            [
              26.61023,
              48.75576
            ],
            [
              26.59523,
              48.75576
            ],
            [
              26.59523,
              48.74076
            ],
            [
              26.61023,
              48.74076
            ]
          ]
        ]
      },
      "properties": {
        "frp": 0.83,
        "acq_date": "2026-09-27",
        "acq_time": "28",
        "satellite": "N20",
        "brightness": null,
        "NAME_1": "Khmel'nyts'kyy",
        "locality": "Kamianets'-Podil's'kyi"
      }
    },
    {
      "type": "Feature",
      "geometry": {
        "type": "Polygon",
        "coordinates": [
          [
            [
              29.34923,
              51.88515
            ],
            [
              29.34923,
              51.900150000000004
            ],
            [
              29.334229999999998,
              51.900150000000004
            ],
            [
              29.334229999999998,
              51.88515
            ],
            [
              29.34923,
              51.88515
            ]
          ]
        ]
      },
      "properties": {
        "frp": 1.23,
        "acq_date": "2026-09-27",
        "acq_time": "28",
        "satellite": "N20",
        "brightness": null,
        "NAME_1": "Gomel",
        "locality": "Mazyr"
      }
    },
    {
      "type": "Feature",
      "geometry": {
        "type": "Polygon",
        "coordinates": [
          [
            [
              24.088,
              44.11655
            ],
            [
              24.088,
              44.13155
            ],
            [
              24.073,
              44.13155
            ],
            [
              24.073,
              44.11655
            ],
            [
              24.088,
              44.11655
            ]
          ]
        ]
      },
      "properties": {
        "frp": 0.7,
        "acq_date": "2026-09-27",
        "acq_time": "30",
        "satellite": "N20",
        "brightness": null,
        "NAME_1": "",
        "locality": ""
      }
    },
    {
      "type": "Feature",
      "geometry": {
        "type": "Polygon",
        "coordinates": [
          [
            [
              33.8685,
              44.76598
            ],
            [
              33.8685,
              44.78098
            ],
            [
              33.8535,
              44.78098
            ],
            [
              33.8535,
              44.76598
            ],
            [
              33.8685,
              44.76598
            ]
          ]
        ]
      },
      "properties": {
        "frp": 0.87,
        "acq_date": "2026-09-27",
        "acq_time": "30",
        "satellite": "N20",
        "brightness": null,
        "NAME_1": "Crimea",
        "locality": "Bakhchysarais'kyi"
      }
    },
    {
      "type": "Feature",
      "geometry": {
        "type": "Polygon",
        "coordinates": [
          [
            [
              24.89861,
              44.84459
            ],
            [
              24.89861,
              44.85959
            ],
            [
              24.88361,
              44.85959
            ],
            [
              24.88361,
              44.84459
            ],
            [
              24.89861,
              44.84459
            ]
          ]
        ]
      },
      "properties": {
        "frp": 0.8,
        "acq_date": "2026-09-27",
        "acq_time": "30",
        "satellite": "N20",
        "brightness": null,
        "NAME_1": "",
        "locality": ""
      }
    },
    {
      "type": "Feature",
      "geometry": {
        "type": "Polygon",
        "coordinates": [
          [
            [
              22.46698,
              44.9206
            ],
            [
              22.46698,
              44.9356
            ],
            [
              22.45198,
              44.9356
            ],
            [
              22.45198,
              44.9206
            ],
            [
              22.46698,
              44.9206
            ]
          ]
        ]
      },
      "properties": {
        "frp": 0.56,
        "acq_date": "2026-09-27",
        "acq_time": "30",
        "satellite": "N20",
        "brightness": null,
        "NAME_1": "",
        "locality": ""
      }
    },
    {
      "type": "Feature",
      "geometry": {
        "type": "Polygon",
        "coordinates": [
          [
            [
              25.42395,
              45.11724
            ],
            [
              25.42395,
              45.13224
            ],
            [
              25.40895,
              45.13224
            ],
            [
              25.40895,
              45.11724
            ],
            [
              25.42395,
              45.11724
            ]
          ]
        ]
      },
      "properties": {
        "frp": 1.06,
        "acq_date": "2026-09-27",
        "acq_time": "30",
        "satellite": "N20",
        "brightness": null,
        "NAME_1": "",
        "locality": ""
      }
    },
    {
      "type": "Feature",
      "geometry": {
        "type": "Polygon",
        "coordinates": [
          [
            [
              25.28721,
              45.943979999999996
            ],
            [
              25.28721,
              45.95898
            ],
            [
              25.27221,
              45.95898
            ],
            [
              25.27221,
              45.943979999999996
            ],
            [
              25.28721,
              45.943979999999996
            ]
          ]
        ]
      },
      "properties": {
        "frp": 0.89,
        "acq_date": "2026-09-27",
        "acq_time": "30",
        "satellite": "N20",
        "brightness": null,
        "NAME_1": "",
        "locality": ""
      }
    },
    {
      "type": "Feature",
      "geometry": {
        "type": "Polygon",
        "coordinates": [
          [
            [
              22.87632,
              45.9482
            ],
            [
              22.87632,
              45.9632
            ],
            [
              22.86132,
              45.9632
            ],
            [
              22.86132,
              45.9482
            ],
            [
              22.87632,
              45.9482
            ]
          ]
        ]
      },
      "properties": {
        "frp": 1.0,
        "acq_date": "2026-09-27",
        "acq_time": "30",
        "satellite": "N20",
        "brightness": null,
        "NAME_1": "",
        "locality": ""
      }
    },
    {
      "type": "Feature",
      "geometry": {
        "type": "Polygon",
        "coordinates": [
          [
            [
              27.13266,
              46.0418
            ],
            [
              27.13266,
              46.0568
            ],
            [
              27.11766,
              46.0568
            ],
            [
              27.11766,
              46.0418
            ],
            [
              27.13266,
              46.0418
            ]
          ]
        ]
      },
      "properties": {
        "frp": 0.95,
        "acq_date": "2026-09-27",
        "acq_time": "30",
        "satellite": "N20",
        "brightness": null,
        "NAME_1": "",
        "locality": ""
      }
    },
    {
      "type": "Feature",
      "geometry": {
        "type": "Polygon",
        "coordinates": [
          [
            [
              22.33628,
              47.02867
            ],
            [
              22.33628,
              47.04367
            ],
            [
              22.321279999999998,
              47.04367
            ],
            [
              22.321279999999998,
              47.02867
            ],
            [
              22.33628,
              47.02867
            ]
          ]
        ]
      },
      "properties": {
        "frp": 0.58,
        "acq_date": "2026-09-27",
        "acq_time": "30",
        "satellite": "N20",
        "brightness": null,
        "NAME_1": "",
        "locality": ""
      }
    },
    {
      "type": "Feature",
      "geometry": {
        "type": "Polygon",
        "coordinates": [
          [
            [
              23.23275,
              44.0657
            ],
            [
              23.23275,
              44.0807
            ],
            [
              23.21775,
              44.0807
            ],
            [
              23.21775,
              44.0657
            ],
            [
              23.23275,
              44.0657
            ]
          ]
        ]
      },
      "properties": {
        "frp": 3.14,
        "acq_date": "2026-09-27",
        "acq_time": "1013",
        "satellite": "N20",
        "brightness": null,
        "NAME_1": "",
        "locality": ""
      }
    },
    {
      "type": "Feature",
      "geometry": {
        "type": "Polygon",
        "coordinates": [
          [
            [
              22.97211,
              44.1907
            ],
            [
              22.97211,
              44.2057
            ],
            [
              22.95711,
              44.2057
            ],
            [
              22.95711,
              44.1907
            ],
            [
              22.97211,
              44.1907
            ]
          ]
        ]
      },
      "properties": {
        "frp": 15.06,
        "acq_date": "2026-09-27",
        "acq_time": "1013",
        "satellite": "N20",
        "brightness": null,
        "NAME_1": "",
        "locality": ""
      }
    },
    {
      "type": "Feature",
      "geometry": {
        "type": "Polygon",
        "coordinates": [
          [
            [
              22.96836,
              44.19667
            ],
            [
              22.96836,
              44.21167
            ],
            [
              22.95336,
              44.21167
            ],
            [
              22.95336,
              44.19667
            ],
            [
              22.96836,
              44.19667
            ]
          ]
        ]
      },
      "properties": {
        "frp": 15.06,
        "acq_date": "2026-09-27",
        "acq_time": "1013",
        "satellite": "N20",
        "brightness": null,
        "NAME_1": "",
        "locality": ""
      }
    },
    {
      "type": "Feature",
      "geometry": {
        "type": "Polygon",
        "coordinates": [
          [
            [
              28.44117,
              44.19941
            ],
            [
              28.44117,
              44.21441
            ],
            [
              28.42617,
              44.21441
            ],
            [
              28.42617,
              44.19941
            ],
            [
              28.44117,
              44.19941
            ]
          ]
        ]
      },
      "properties": {
        "frp": 4.21,
        "acq_date": "2026-09-27",
        "acq_time": "1013",
        "satellite": "N20",
        "brightness": null,
        "NAME_1": "",
        "locality": ""
      }
    },
    {
      "type": "Feature",
      "geometry": {
        "type": "Polygon",
        "coordinates": [
          [
            [
              28.44516,
              44.2005
            ],
            [
              28.44516,
              44.2155
            ],
            [
              28.43016,
              44.2155
            ],
            [
              28.43016,
              44.2005
            ],
            [
              28.44516,
              44.2005
            ]
          ]
        ]
      },
      "properties": {
        "frp": 2.92,
        "acq_date": "2026-09-27",
        "acq_time": "1013",
        "satellite": "N20",
        "brightness": null,
        "NAME_1": "",
        "locality": ""
      }
    },
    {
      "type": "Feature",
      "geometry": {
        "type": "Polygon",
        "coordinates": [
          [
            [
              31.67971,
              45.24873
            ],
            [
              31.67971,
              45.26373
            ],
            [
              31.66471,
              45.26373
            ],
            [
              31.66471,
              45.24873
            ],
            [
              31.67971,
              45.24873
            ]
          ]
        ]
      },
      "properties": {
        "frp": 8.76,
        "acq_date": "2026-09-27",
        "acq_time": "1013",
        "satellite": "N20",
        "brightness": null,
        "NAME_1": "",
        "locality": ""
      }
    },
    {
      "type": "Feature",
      "geometry": {
        "type": "Polygon",
        "coordinates": [
          [
            [
              29.59451,
              45.45979
            ],
            [
              29.59451,
              45.47479
            ],
            [
              29.57951,
              45.47479
            ],
            [
              29.57951,
              45.45979
            ],
            [
              29.59451,
              45.45979
            ]
          ]
        ]
      },
      "properties": {
        "frp": 78.44,
        "acq_date": "2026-09-27",
        "acq_time": "1013",
        "satellite": "N20",
        "brightness": null,
        "NAME_1": "Odessa",
        "locality": "Kiliis'kyi"
      }
    },
    {
      "type": "Feature",
      "geometry": {
        "type": "Polygon",
        "coordinates": [
          [
            [
              40.84961,
              45.60497
            ],
            [
              40.84961,
              45.61997
            ],
            [
              40.83461,
              45.61997
            ],
            [
              40.83461,
              45.60497
            ],
            [
              40.84961,
              45.60497
            ]
          ]
        ]
      },
      "properties": {
        "frp": 2.87,
        "acq_date": "2026-09-27",
        "acq_time": "1013",
        "satellite": "N20",
        "brightness": null,
        "NAME_1": "Krasnodar",
        "locality": "Kavkazskiy rayon"
      }
    },
    {
      "type": "Feature",
      "geometry": {
        "type": "Polygon",
        "coordinates": [
          [
            [
              40.85448,
              45.6057
            ],
            [
              40.85448,
              45.6207
            ],
            [
              40.83948,
              45.6207
            ],
            [
              40.83948,
              45.6057
            ],
            [
              40.85448,
              45.6057
            ]
          ]
        ]
      },
      "properties": {
        "frp": 1.46,
        "acq_date": "2026-09-27",
        "acq_time": "1013",
        "satellite": "N20",
        "brightness": null,
        "NAME_1": "Krasnodar",
        "locality": "Kavkazskiy rayon"
      }
    },
    {
      "type": "Feature",
      "geometry": {
        "type": "Polygon",
        "coordinates": [
          [
            [
              40.74419,
              45.61658
            ],
            [
              40.74419,
              45.63158
            ],
            [
              40.72919,
              45.63158
            ],
            [
              40.72919,
              45.61658
            ],
            [
              40.74419,
              45.61658
            ]
          ]
        ]
      },
      "properties": {
        "frp": 1.78,
        "acq_date": "2026-09-27",
        "acq_time": "1013",
        "satellite": "N20",
        "brightness": null,
        "NAME_1": "Krasnodar",
        "locality": "Kavkazskiy rayon"
      }
    },
    {
      "type": "Feature",
      "geometry": {
        "type": "Polygon",
        "coordinates": [
          [
            [
              32.42964,
              46.18679
            ],
            [
              32.42964,
              46.20179
            ],
            [
              32.41464,
              46.20179
            ],
            [
              32.41464,
              46.18679
            ],
            [
              32.42964,
              46.18679
            ]
          ]
        ]
      },
      "properties": {
        "frp": 6.91,
        "acq_date": "2026-09-27",
        "acq_time": "1013",
        "satellite": "N20",
        "brightness": null,
        "NAME_1": "Kherson",
        "locality": "Holoprystans'kyi"
      }
    },
    {
      "type": "Feature",
      "geometry": {
        "type": "Polygon",
        "coordinates": [
          [
            [
              32.43042,
              46.19083
            ],
            [
              32.43042,
              46.20583
            ],
            [
              32.41542,
              46.20583
            ],
            [
              32.41542,
              46.19083
            ],
            [
              32.43042,
              46.19083
            ]
          ]
        ]
      },
      "properties": {
        "frp": 5.67,
        "acq_date": "2026-09-27",
        "acq_time": "1013",
        "satellite": "N20",
        "brightness": null,
        "NAME_1": "Kherson",
        "locality": "Holoprystans'kyi"
      }
    },
    {
      "type": "Feature",
      "geometry": {
        "type": "Polygon",
        "coordinates": [
          [
            [
              32.43276,
              46.19182
            ],
            [
              32.43276,
              46.20682
            ],
            [
              32.41776,
              46.20682
            ],
            [
              32.41776,
              46.19182
            ],
            [
              32.43276,
              46.19182
            ]
          ]
        ]
      },
      "properties": {
        "frp": 4.12,
        "acq_date": "2026-09-27",
        "acq_time": "1013",
        "satellite": "N20",
        "brightness": null,
        "NAME_1": "Kherson",
        "locality": "Holoprystans'kyi"
      }
    },
    {
      "type": "Feature",
      "geometry": {
        "type": "Polygon",
        "coordinates": [
          [
            [
              29.82115,
              46.38257
            ],
            [
              29.82115,
              46.39757
            ],
            [
              29.80615,
              46.39757
            ],
            [
              29.80615,
              46.38257
            ],
            [
              29.82115,
              46.38257
            ]
          ]
        ]
      },
      "properties": {
        "frp": 3.67,
        "acq_date": "2026-09-27",
        "acq_time": "1013",
        "satellite": "N20",
        "brightness": null,
        "NAME_1": "Odessa",
        "locality": "Bilhorod-Dnistrovs'kyi"
      }
    },
    {
      "type": "Feature",
      "geometry": {
        "type": "Polygon",
        "coordinates": [
          [
            [
              30.33171,
              46.46782
            ],
            [
              30.33171,
              46.482820000000004
            ],
            [
              30.31671,
              46.482820000000004
            ],
            [
              30.31671,
              46.46782
            ],
            [
              30.33171,
              46.46782
            ]
          ]
        ]
      },
      "properties": {
        "frp": 6.99,
        "acq_date": "2026-09-27",
        "acq_time": "1013",
        "satellite": "N20",
        "brightness": null,
        "NAME_1": "Odessa",
        "locality": "Bilia\u2039vs'kyi"
      }
    },
    {
      "type": "Feature",
      "geometry": {
        "type": "Polygon",
        "coordinates": [
          [
            [
              39.24377,
              46.76043
            ],
            [
              39.24377,
              46.77543
            ],
            [
              39.22877,
              46.77543
            ],
            [
              39.22877,
              46.76043
            ],
            [
              39.24377,
              46.76043
            ]
          ]
        ]
      },
      "properties": {
        "frp": 3.37,
        "acq_date": "2026-09-27",
        "acq_time": "1013",
        "satellite": "N20",
        "brightness": null,
        "NAME_1": "Krasnodar",
        "locality": "Kushchevskiy rayon"
      }
    },
    {
      "type": "Feature",
      "geometry": {
        "type": "Polygon",
        "coordinates": [
          [
            [
              39.23771,
              46.7629
            ],
            [
              39.23771,
              46.7779
            ],
            [
              39.22271,
              46.7779
            ],
            [
              39.22271,
              46.7629
            ],
            [
              39.23771,
              46.7629
            ]
          ]
        ]
      },
      "properties": {
        "frp": 7.87,
        "acq_date": "2026-09-27",
        "acq_time": "1013",
        "satellite": "N20",
        "brightness": null,
        "NAME_1": "Krasnodar",
        "locality": "Kushchevskiy rayon"
      }
    },
    {
      "type": "Feature",
      "geometry": {
        "type": "Polygon",
        "coordinates": [
          [
            [
              39.24268,
              46.76369
            ],
            [
              39.24268,
              46.77869
            ],
            [
              39.22768,
              46.77869
            ],
            [
              39.22768,
              46.76369
            ],
            [
              39.24268,
              46.76369
            ]
          ]
        ]
      },
      "properties": {
        "frp": 7.87,
        "acq_date": "2026-09-27",
        "acq_time": "1013",
        "satellite": "N20",
        "brightness": null,
        "NAME_1": "Krasnodar",
        "locality": "Kushchevskiy rayon"
      }
    },
    {
      "type": "Feature",
      "geometry": {
        "type": "Polygon",
        "coordinates": [
          [
            [
              38.67094,
              47.30656
            ],
            [
              38.67094,
              47.32156
            ],
            [
              38.65594,
              47.32156
            ],
            [
              38.65594,
              47.30656
            ],
            [
              38.67094,
              47.30656
            ]
          ]
        ]
      },
      "properties": {
        "frp": 3.89,
        "acq_date": "2026-09-27",
        "acq_time": "1013",
        "satellite": "N20",
        "brightness": null,
        "NAME_1": "Rostov",
        "locality": "Neklinovskiy rayon"
      }
    },
    {
      "type": "Feature",
      "geometry": {
        "type": "Polygon",
        "coordinates": [
          [
            [
              39.34939,
              47.44219
            ],
            [
              39.34939,
              47.45719
            ],
            [
              39.33439,
              47.45719
            ],
            [
              39.33439,
              47.44219
            ],
            [
              39.34939,
              47.44219
            ]
          ]
        ]
      },
      "properties": {
        "frp": 3.4,
        "acq_date": "2026-09-27",
        "acq_time": "1013",
        "satellite": "N20",
        "brightness": null,
        "NAME_1": "Rostov",
        "locality": "Myasnikovskiy rayon"
      }
    },
    {
      "type": "Feature",
      "geometry": {
        "type": "Polygon",
        "coordinates": [
          [
            [
              38.33991,
              47.50335
            ],
            [
              38.33991,
              47.51835
            ],
            [
              38.32491,
              47.51835
            ],
            [
              38.32491,
              47.50335
            ],
            [
              38.33991,
              47.50335
            ]
          ]
        ]
      },
      "properties": {
        "frp": 1.82,
        "acq_date": "2026-09-27",
        "acq_time": "1013",
        "satellite": "N20",
        "brightness": null,
        "NAME_1": "Rostov",
        "locality": "Matveevo-Kurganskiy rayon"
      }
    },
    {
      "type": "Feature",
      "geometry": {
        "type": "Polygon",
        "coordinates": [
          [
            [
              38.21948,
              47.67245
            ],
            [
              38.21948,
              47.68745
            ],
            [
              38.20448,
              47.68745
            ],
            [
              38.20448,
              47.67245
            ],
            [
              38.21948,
              47.67245
            ]
          ]
        ]
      },
      "properties": {
        "frp": 2.01,
        "acq_date": "2026-09-27",
        "acq_time": "1013",
        "satellite": "N20",
        "brightness": null,
        "NAME_1": "Donets'k",
        "locality": "Starobeshivs'kyi"
      }
    },
    {
      "type": "Feature",
      "geometry": {
        "type": "Polygon",
        "coordinates": [
          [
            [
              23.80356,
              46.09324
            ],
            [
              23.80356,
              46.10824
            ],
            [
              23.78856,
              46.10824
            ],
            [
              23.78856,
              46.09324
            ],
            [
              23.80356,
              46.09324
            ]
          ]
        ]
      },
      "properties": {
        "frp": 2.75,
        "acq_date": "2026-09-27",
        "acq_time": "1015",
        "satellite": "N20",
        "brightness": null,
        "NAME_1": "",
        "locality": ""
      }
    },
    {
      "type": "Feature",
      "geometry": {
        "type": "Polygon",
        "coordinates": [
          [
            [
              29.64729,
              50.4983
            ],
            [
              29.64729,
              50.5133
            ],
            [
              29.63229,
              50.5133
            ],
            [
              29.63229,
              50.4983
            ],
            [
              29.64729,
              50.4983
            ]
          ]
        ]
      },
      "properties": {
        "frp": 5.64,
        "acq_date": "2026-09-27",
        "acq_time": "1015",
        "satellite": "N20",
        "brightness": null,
        "NAME_1": "Kiev",
        "locality": "Makarivs'kyi"
      }
    },
    {
      "type": "Feature",
      "geometry": {
        "type": "Polygon",
        "coordinates": [
          [
            [
              29.65268,
              50.49956
            ],
            [
              29.65268,
              50.51456
            ],
            [
              29.63768,
              50.51456
            ],
            [
              29.63768,
              50.49956
            ],
            [
              29.65268,
              50.49956
            ]
          ]
        ]
      },
      "properties": {
        "frp": 5.64,
        "acq_date": "2026-09-27",
        "acq_time": "1015",
        "satellite": "N20",
        "brightness": null,
        "NAME_1": "Kiev",
        "locality": "Makarivs'kyi"
      }
    },
    {
      "type": "Feature",
      "geometry": {
        "type": "Polygon",
        "coordinates": [
          [
            [
              34.06981,
              51.93854
            ],
            [
              34.06981,
              51.953540000000004
            ],
            [
              34.054809999999996,
              51.953540000000004
            ],
            [
              34.054809999999996,
              51.93854
            ],
            [
              34.06981,
              51.93854
            ]
          ]
        ]
      },
      "properties": {
        "frp": 7.42,
        "acq_date": "2026-09-27",
        "acq_time": "1015",
        "satellite": "N20",
        "brightness": null,
        "NAME_1": "Sumy",
        "locality": "Iampil's'kyi"
      }
    },
    {
      "type": "Feature",
      "geometry": {
        "type": "Polygon",
        "coordinates": [
          [
            [
              35.959740000000004,
              52.19836
            ],
            [
              35.959740000000004,
              52.21336
            ],
            [
              35.94474,
              52.21336
            ],
            [
              35.94474,
              52.19836
            ],
            [
              35.959740000000004,
              52.19836
            ]
          ]
        ]
      },
      "properties": {
        "frp": 3.91,
        "acq_date": "2026-09-27",
        "acq_time": "1015",
        "satellite": "N20",
        "brightness": null,
        "NAME_1": "Kursk",
        "locality": "Fatezhskiy rayon"
      }
    },
    {
      "type": "Feature",
      "geometry": {
        "type": "Polygon",
        "coordinates": [
          [
            [
              35.96531,
              52.1993
            ],
            [
              35.96531,
              52.2143
            ],
            [
              35.95031,
              52.2143
            ],
            [
              35.95031,
              52.1993
            ],
            [
              35.96531,
              52.1993
            ]
          ]
        ]
      },
      "properties": {
        "frp": 3.37,
        "acq_date": "2026-09-27",
        "acq_time": "1015",
        "satellite": "N20",
        "brightness": null,
        "NAME_1": "Kursk",
        "locality": "Fatezhskiy rayon"
      }
    },
    {
      "type": "Feature",
      "geometry": {
        "type": "Polygon",
        "coordinates": [
          [
            [
              32.60278,
              52.34254
            ],
            [
              32.60278,
              52.35754
            ],
            [
              32.58778,
              52.35754
            ],
            [
              32.58778,
              52.34254
            ],
            [
              32.60278,
              52.34254
            ]
          ]
        ]
      },
      "properties": {
        "frp": 1.8,
        "acq_date": "2026-09-27",
        "acq_time": "1015",
        "satellite": "N20",
        "brightness": null,
        "NAME_1": "Bryansk",
        "locality": "Starodubskiy rayon"
      }
    },
    {
      "type": "Feature",
      "geometry": {
        "type": "Polygon",
        "coordinates": [
          [
            [
              34.2857,
              52.39638
            ],
            [
              34.2857,
              52.41138
            ],
            [
              34.2707,
              52.41138
            ],
            [
              34.2707,
              52.39638
            ],
            [
              34.2857,
              52.39638
            ]
          ]
        ]
      },
      "properties": {
        "frp": 4.34,
        "acq_date": "2026-09-27",
        "acq_time": "1015",
        "satellite": "N20",
        "brightness": null,
        "NAME_1": "Bryansk",
        "locality": "Suzemskiy rayon"
      }
    },
    {
      "type": "Feature",
      "geometry": {
        "type": "Polygon",
        "coordinates": [
          [
            [
              34.28835,
              52.39669
            ],
            [
              34.28835,
              52.41169
            ],
            [
              34.27335,
              52.41169
            ],
            [
              34.27335,
              52.39669
            ],
            [
              34.28835,
              52.39669
            ]
          ]
        ]
      },
      "properties": {
        "frp": 4.35,
        "acq_date": "2026-09-27",
        "acq_time": "1015",
        "satellite": "N20",
        "brightness": null,
        "NAME_1": "Bryansk",
        "locality": "Suzemskiy rayon"
      }
    },
    {
      "type": "Feature",
      "geometry": {
        "type": "Polygon",
        "coordinates": [
          [
            [
              36.3931,
              52.62263
            ],
            [
              36.3931,
              52.63763
            ],
            [
              36.378099999999996,
              52.63763
            ],
            [
              36.378099999999996,
              52.62263
            ],
            [
              36.3931,
              52.62263
            ]
          ]
        ]
      },
      "properties": {
        "frp": 6.15,
        "acq_date": "2026-09-27",
        "acq_time": "1015",
        "satellite": "N20",
        "brightness": null,
        "NAME_1": "Orel",
        "locality": "Sverdlovskiy rayon"
      }
    },
    {
      "type": "Feature",
      "geometry": {
        "type": "Polygon",
        "coordinates": [
          [
            [
              27.72335,
              44.04559
            ],
            [
              27.72335,
              44.06059
            ],
            [
              27.70835,
              44.06059
            ],
            [
              27.70835,
              44.04559
            ],
            [
              27.72335,
              44.04559
            ]
          ]
        ]
      },
      "properties": {
        "frp": 5.16,
        "acq_date": "2026-09-27",
        "acq_time": "1153",
        "satellite": "N20",
        "brightness": null,
        "NAME_1": "",
        "locality": ""
      }
    },
    {
      "type": "Feature",
      "geometry": {
        "type": "Polygon",
        "coordinates": [
          [
            [
              22.67196,
              44.26764
            ],
            [
              22.67196,
              44.28264
            ],
            [
              22.656959999999998,
              44.28264
            ],
            [
              22.656959999999998,
              44.26764
            ],
            [
              22.67196,
              44.26764
            ]
          ]
        ]
      },
      "properties": {
        "frp": 4.9,
        "acq_date": "2026-09-27",
        "acq_time": "1153",
        "satellite": "N20",
        "brightness": null,
        "NAME_1": "",
        "locality": ""
      }
    },
    {
      "type": "Feature",
      "geometry": {
        "type": "Polygon",
        "coordinates": [
          [
            [
              22.72389,
              44.3377
            ],
            [
              22.72389,
              44.3527
            ],
            [
              22.70889,
              44.3527
            ],
            [
              22.70889,
              44.3377
            ],
            [
              22.72389,
              44.3377
            ]
          ]
        ]
      },
      "properties": {
        "frp": 2.46,
        "acq_date": "2026-09-27",
        "acq_time": "1153",
        "satellite": "N20",
        "brightness": null,
        "NAME_1": "",
        "locality": ""
      }
    },
    {
      "type": "Feature",
      "geometry": {
        "type": "Polygon",
        "coordinates": [
          [
            [
              22.81648,
              44.85461
            ],
            [
              22.81648,
              44.86961
            ],
            [
              22.801479999999998,
              44.86961
            ],
            [
              22.801479999999998,
              44.85461
            ],
            [
              22.81648,
              44.85461
            ]
          ]
        ]
      },
      "properties": {
        "frp": 1.26,
        "acq_date": "2026-09-27",
        "acq_time": "1155",
        "satellite": "N20",
        "brightness": null,
        "NAME_1": "",
        "locality": ""
      }
    },
    {
      "type": "Feature",
      "geometry": {
        "type": "Polygon",
        "coordinates": [
          [
            [
              29.56654,
              45.44788
            ],
            [
              29.56654,
              45.46288
            ],
            [
              29.55154,
              45.46288
            ],
            [
              29.55154,
              45.44788
            ],
            [
              29.56654,
              45.44788
            ]
          ]
        ]
      },
      "properties": {
        "frp": 9.45,
        "acq_date": "2026-09-27",
        "acq_time": "1155",
        "satellite": "N20",
        "brightness": null,
        "NAME_1": "Odessa",
        "locality": "Kiliis'kyi"
      }
    },
    {
      "type": "Feature",
      "geometry": {
        "type": "Polygon",
        "coordinates": [
          [
            [
              29.57239,
              45.44803
            ],
            [
              29.57239,
              45.46303
            ],
            [
              29.557389999999998,
              45.46303
            ],
            [
              29.557389999999998,
              45.44803
            ],
            [
              29.57239,
              45.44803
            ]
          ]
        ]
      },
      "properties": {
        "frp": 18.72,
        "acq_date": "2026-09-27",
        "acq_time": "1155",
        "satellite": "N20",
        "brightness": null,
        "NAME_1": "Odessa",
        "locality": "Kiliis'kyi"
      }
    },
    {
      "type": "Feature",
      "geometry": {
        "type": "Polygon",
        "coordinates": [
          [
            [
              29.57828,
              45.44818
            ],
            [
              29.57828,
              45.46318
            ],
            [
              29.56328,
              45.46318
            ],
            [
              29.56328,
              45.44818
            ],
            [
              29.57828,
              45.44818
            ]
          ]
        ]
      },
      "properties": {
        "frp": 18.72,
        "acq_date": "2026-09-27",
        "acq_time": "1155",
        "satellite": "N20",
        "brightness": null,
        "NAME_1": "Odessa",
        "locality": "Kiliis'kyi"
      }
    },
    {
      "type": "Feature",
      "geometry": {
        "type": "Polygon",
        "coordinates": [
          [
            [
              29.57215,
              45.45387
            ],
            [
              29.57215,
              45.46887
            ],
            [
              29.55715,
              45.46887
            ],
            [
              29.55715,
              45.45387
            ],
            [
              29.57215,
              45.45387
            ]
          ]
        ]
      },
      "properties": {
        "frp": 18.72,
        "acq_date": "2026-09-27",
        "acq_time": "1155",
        "satellite": "N20",
        "brightness": null,
        "NAME_1": "Odessa",
        "locality": "Kiliis'kyi"
      }
    },
    {
      "type": "Feature",
      "geometry": {
        "type": "Polygon",
        "coordinates": [
          [
            [
              29.57801,
              45.45403
            ],
            [
              29.57801,
              45.469030000000004
            ],
            [
              29.56301,
              45.469030000000004
            ],
            [
              29.56301,
              45.45403
            ],
            [
              29.57801,
              45.45403
            ]
          ]
        ]
      },
      "properties": {
        "frp": 18.72,
        "acq_date": "2026-09-27",
        "acq_time": "1155",
        "satellite": "N20",
        "brightness": null,
        "NAME_1": "Odessa",
        "locality": "Kiliis'kyi"
      }
    },
    {
      "type": "Feature",
      "geometry": {
        "type": "Polygon",
        "coordinates": [
          [
            [
              29.58388,
              45.45418
            ],
            [
              29.58388,
              45.46918
            ],
            [
              29.56888,
              45.46918
            ],
            [
              29.56888,
              45.45418
            ],
            [
              29.58388,
              45.45418
            ]
          ]
        ]
      },
      "properties": {
        "frp": 15.15,
        "acq_date": "2026-09-27",
        "acq_time": "1155",
        "satellite": "N20",
        "brightness": null,
        "NAME_1": "Odessa",
        "locality": "Kiliis'kyi"
      }
    },
    {
      "type": "Feature",
      "geometry": {
        "type": "Polygon",
        "coordinates": [
          [
            [
              29.58975,
              45.45434
            ],
            [
              29.58975,
              45.46934
            ],
            [
              29.574749999999998,
              45.46934
            ],
            [
              29.574749999999998,
              45.45434
            ],
            [
              29.58975,
              45.45434
            ]
          ]
        ]
      },
      "properties": {
        "frp": 15.15,
        "acq_date": "2026-09-27",
        "acq_time": "1155",
        "satellite": "N20",
        "brightness": null,
        "NAME_1": "Odessa",
        "locality": "Kiliis'kyi"
      }
    },
    {
      "type": "Feature",
      "geometry": {
        "type": "Polygon",
        "coordinates": [
          [
            [
              29.58949,
              45.46019
            ],
            [
              29.58949,
              45.47519
            ],
            [
              29.57449,
              45.47519
            ],
            [
              29.57449,
              45.46019
            ],
            [
              29.58949,
              45.46019
            ]
          ]
        ]
      },
      "properties": {
        "frp": 19.97,
        "acq_date": "2026-09-27",
        "acq_time": "1155",
        "satellite": "N20",
        "brightness": null,
        "NAME_1": "Odessa",
        "locality": "Kiliis'kyi"
      }
    },
    {
      "type": "Feature",
      "geometry": {
        "type": "Polygon",
        "coordinates": [
          [
            [
              29.59537,
              45.46034
            ],
            [
              29.59537,
              45.47534
            ],
            [
              29.58037,
              45.47534
            ],
            [
              29.58037,
              45.46034
            ],
            [
              29.59537,
              45.46034
            ]
          ]
        ]
      },
      "properties": {
        "frp": 14.57,
        "acq_date": "2026-09-27",
        "acq_time": "1155",
        "satellite": "N20",
        "brightness": null,
        "NAME_1": "Odessa",
        "locality": "Kiliis'kyi"
      }
    },
    {
      "type": "Feature",
      "geometry": {
        "type": "Polygon",
        "coordinates": [
          [
            [
              29.83956,
              45.99397
            ],
            [
              29.83956,
              46.00897
            ],
            [
              29.824559999999998,
              46.00897
            ],
            [
              29.824559999999998,
              45.99397
            ],
            [
              29.83956,
              45.99397
            ]
          ]
        ]
      },
      "properties": {
        "frp": 5.57,
        "acq_date": "2026-09-27",
        "acq_time": "1155",
        "satellite": "N20",
        "brightness": null,
        "NAME_1": "Odessa",
        "locality": "Sarats'kyi"
      }
    },
    {
      "type": "Feature",
      "geometry": {
        "type": "Polygon",
        "coordinates": [
          [
            [
              29.83931,
              45.99991
            ],
            [
              29.83931,
              46.01491
            ],
            [
              29.82431,
              46.01491
            ],
            [
              29.82431,
              45.99991
            ],
            [
              29.83931,
              45.99991
            ]
          ]
        ]
      },
      "properties": {
        "frp": 8.33,
        "acq_date": "2026-09-27",
        "acq_time": "1155",
        "satellite": "N20",
        "brightness": null,
        "NAME_1": "Odessa",
        "locality": "Sarats'kyi"
      }
    },
    {
      "type": "Feature",
      "geometry": {
        "type": "Polygon",
        "coordinates": [
          [
            [
              32.47488,
              46.2971
            ],
            [
              32.47488,
              46.3121
            ],
            [
              32.45988,
              46.3121
            ],
            [
              32.45988,
              46.2971
            ],
            [
              32.47488,
              46.2971
            ]
          ]
        ]
      },
      "properties": {
        "frp": 4.22,
        "acq_date": "2026-09-27",
        "acq_time": "1155",
        "satellite": "N20",
        "brightness": null,
        "NAME_1": "Kherson",
        "locality": "Holoprystans'kyi"
      }
    },
    {
      "type": "Feature",
      "geometry": {
        "type": "Polygon",
        "coordinates": [
          [
            [
              32.47442,
              46.3002
            ],
            [
              32.47442,
              46.3152
            ],
            [
              32.45942,
              46.3152
            ],
            [
              32.45942,
              46.3002
            ],
            [
              32.47442,
              46.3002
            ]
          ]
        ]
      },
      "properties": {
        "frp": 3.3,
        "acq_date": "2026-09-27",
        "acq_time": "1155",
        "satellite": "N20",
        "brightness": null,
        "NAME_1": "Kherson",
        "locality": "Holoprystans'kyi"
      }
    },
    {
      "type": "Feature",
      "geometry": {
        "type": "Polygon",
        "coordinates": [
          [
            [
              32.09937,
              48.42147
            ],
            [
              32.09937,
              48.43647
            ],
            [
              32.08437,
              48.43647
            ],
            [
              32.08437,
              48.42147
            ],
            [
              32.09937,
              48.42147
            ]
          ]
        ]
      },
      "properties": {
        "frp": 3.7,
        "acq_date": "2026-09-27",
        "acq_time": "1155",
        "satellite": "N20",
        "brightness": null,
        "NAME_1": "Kirovohrad",
        "locality": "Kirovohrads'kyi"
      }
    },
    {
      "type": "Feature",
      "geometry": {
        "type": "Polygon",
        "coordinates": [
          [
            [
              29.353180000000002,
              51.88206
            ],
            [
              29.353180000000002,
              51.89706
            ],
            [
              29.33818,
              51.89706
            ],
            [
              29.33818,
              51.88206
            ],
            [
              29.353180000000002,
              51.88206
            ]
          ]
        ]
      },
      "properties": {
        "frp": 4.23,
        "acq_date": "2026-09-27",
        "acq_time": "1155",
        "satellite": "N20",
        "brightness": null,
        "NAME_1": "Gomel",
        "locality": "Mazyr"
      }
    },
    {
      "type": "Feature",
      "geometry": {
        "type": "Polygon",
        "coordinates": [
          [
            [
              39.80216,
              45.03676
            ],
            [
              39.80216,
              45.05176
            ],
            [
              39.78716,
              45.05176
            ],
            [
              39.78716,
              45.03676
            ],
            [
              39.80216,
              45.03676
            ]
          ]
        ]
      },
      "properties": {
        "frp": 0.51,
        "acq_date": "2026-09-27",
        "acq_time": "2231",
        "satellite": "N20",
        "brightness": null,
        "NAME_1": "Adygey",
        "locality": "Krasnogvardeyskiy rayon"
      }
    },
    {
      "type": "Feature",
      "geometry": {
        "type": "Polygon",
        "coordinates": [
          [
            [
              38.72414,
              45.25934
            ],
            [
              38.72414,
              45.27434
            ],
            [
              38.70914,
              45.27434
            ],
            [
              38.70914,
              45.25934
            ],
            [
              38.72414,
              45.25934
            ]
          ]
        ]
      },
      "properties": {
        "frp": 1.55,
        "acq_date": "2026-09-27",
        "acq_time": "2231",
        "satellite": "N20",
        "brightness": null,
        "NAME_1": "Krasnodar",
        "locality": "Dinskiy rayon"
      }
    },
    {
      "type": "Feature",
      "geometry": {
        "type": "Polygon",
        "coordinates": [
          [
            [
              38.73102,
              45.26535
            ],
            [
              38.73102,
              45.28035
            ],
            [
              38.71602,
              45.28035
            ],
            [
              38.71602,
              45.26535
            ],
            [
              38.73102,
              45.26535
            ]
          ]
        ]
      },
      "properties": {
        "frp": 0.86,
        "acq_date": "2026-09-27",
        "acq_time": "2231",
        "satellite": "N20",
        "brightness": null,
        "NAME_1": "Krasnodar",
        "locality": "Dinskiy rayon"
      }
    },
    {
      "type": "Feature",
      "geometry": {
        "type": "Polygon",
        "coordinates": [
          [
            [
              38.72445,
              45.26547
            ],
            [
              38.72445,
              45.28047
            ],
            [
              38.70945,
              45.28047
            ],
            [
              38.70945,
              45.26547
            ],
            [
              38.72445,
              45.26547
            ]
          ]
        ]
      },
      "properties": {
        "frp": 0.86,
        "acq_date": "2026-09-27",
        "acq_time": "2231",
        "satellite": "N20",
        "brightness": null,
        "NAME_1": "Krasnodar",
        "locality": "Dinskiy rayon"
      }
    },
    {
      "type": "Feature",
      "geometry": {
        "type": "Polygon",
        "coordinates": [
          [
            [
              40.77155,
              45.555749999999996
            ],
            [
              40.77155,
              45.57075
            ],
            [
              40.75655,
              45.57075
            ],
            [
              40.75655,
              45.555749999999996
            ],
            [
              40.77155,
              45.555749999999996
            ]
          ]
        ]
      },
      "properties": {
        "frp": 0.42,
        "acq_date": "2026-09-27",
        "acq_time": "2231",
        "satellite": "N20",
        "brightness": null,
        "NAME_1": "Krasnodar",
        "locality": "Kavkazskiy rayon"
      }
    },
    {
      "type": "Feature",
      "geometry": {
        "type": "Polygon",
        "coordinates": [
          [
            [
              40.7721,
              45.56133
            ],
            [
              40.7721,
              45.57633
            ],
            [
              40.7571,
              45.57633
            ],
            [
              40.7571,
              45.56133
            ],
            [
              40.7721,
              45.56133
            ]
          ]
        ]
      },
      "properties": {
        "frp": 0.42,
        "acq_date": "2026-09-27",
        "acq_time": "2231",
        "satellite": "N20",
        "brightness": null,
        "NAME_1": "Krasnodar",
        "locality": "Kavkazskiy rayon"
      }
    },
    {
      "type": "Feature",
      "geometry": {
        "type": "Polygon",
        "coordinates": [
          [
            [
              39.3477,
              46.09158
            ],
            [
              39.3477,
              46.10658
            ],
            [
              39.3327,
              46.10658
            ],
            [
              39.3327,
              46.09158
            ],
            [
              39.3477,
              46.09158
            ]
          ]
        ]
      },
      "properties": {
        "frp": 0.82,
        "acq_date": "2026-09-27",
        "acq_time": "2231",
        "satellite": "N20",
        "brightness": null,
        "NAME_1": "Krasnodar",
        "locality": "Leningradskiy rayon"
      }
    },
    {
      "type": "Feature",
      "geometry": {
        "type": "Polygon",
        "coordinates": [
          [
            [
              39.29469,
              46.15881
            ],
            [
              39.29469,
              46.17381
            ],
            [
              39.27969,
              46.17381
            ],
            [
              39.27969,
              46.15881
            ],
            [
              39.29469,
              46.15881
            ]
          ]
        ]
      },
      "properties": {
        "frp": 1.6,
        "acq_date": "2026-09-27",
        "acq_time": "2231",
        "satellite": "N20",
        "brightness": null,
        "NAME_1": "Krasnodar",
        "locality": "Leningradskiy rayon"
      }
    },
    {
      "type": "Feature",
      "geometry": {
        "type": "Polygon",
        "coordinates": [
          [
            [
              39.29593,
              46.16094
            ],
            [
              39.29593,
              46.17594
            ],
            [
              39.28093,
              46.17594
            ],
            [
              39.28093,
              46.16094
            ],
            [
              39.29593,
              46.16094
            ]
          ]
        ]
      },
      "properties": {
        "frp": 0.88,
        "acq_date": "2026-09-27",
        "acq_time": "2231",
        "satellite": "N20",
        "brightness": null,
        "NAME_1": "Krasnodar",
        "locality": "Leningradskiy rayon"
      }
    },
    {
      "type": "Feature",
      "geometry": {
        "type": "Polygon",
        "coordinates": [
          [
            [
              39.28962,
              46.16107
            ],
            [
              39.28962,
              46.17607
            ],
            [
              39.27462,
              46.17607
            ],
            [
              39.27462,
              46.16107
            ],
            [
              39.28962,
              46.16107
            ]
          ]
        ]
      },
      "properties": {
        "frp": 0.88,
        "acq_date": "2026-09-27",
        "acq_time": "2231",
        "satellite": "N20",
        "brightness": null,
        "NAME_1": "Krasnodar",
        "locality": "Leningradskiy rayon"
      }
    },
    {
      "type": "Feature",
      "geometry": {
        "type": "Polygon",
        "coordinates": [
          [
            [
              29.34457,
              51.88176
            ],
            [
              29.34457,
              51.89676
            ],
            [
              29.32957,
              51.89676
            ],
            [
              29.32957,
              51.88176
            ],
            [
              29.34457,
              51.88176
            ]
          ]
        ]
      },
      "properties": {
        "frp": 0.79,
        "acq_date": "2026-09-28",
        "acq_time": "7",
        "satellite": "N20",
        "brightness": null,
        "NAME_1": "Gomel",
        "locality": "Mazyr"
      }
    },
    {
      "type": "Feature",
      "geometry": {
        "type": "Polygon",
        "coordinates": [
          [
            [
              29.34577,
              51.8851
            ],
            [
              29.34577,
              51.9001
            ],
            [
              29.33077,
              51.9001
            ],
            [
              29.33077,
              51.8851
            ],
            [
              29.34577,
              51.8851
            ]
          ]
        ]
      },
      "properties": {
        "frp": 2.55,
        "acq_date": "2026-09-28",
        "acq_time": "7",
        "satellite": "N20",
        "brightness": null,
        "NAME_1": "Gomel",
        "locality": "Mazyr"
      }
    },
    {
      "type": "Feature",
      "geometry": {
        "type": "Polygon",
        "coordinates": [
          [
            [
              29.329620000000002,
              51.89082
            ],
            [
              29.329620000000002,
              51.90582
            ],
            [
              29.31462,
              51.90582
            ],
            [
              29.31462,
              51.89082
            ],
            [
              29.329620000000002,
              51.89082
            ]
          ]
        ]
      },
      "properties": {
        "frp": 0.76,
        "acq_date": "2026-09-28",
        "acq_time": "7",
        "satellite": "N20",
        "brightness": null,
        "NAME_1": "Gomel",
        "locality": "Mazyr"
      }
    },
    {
      "type": "Feature",
      "geometry": {
        "type": "Polygon",
        "coordinates": [
          [
            [
              33.34116,
              52.36407
            ],
            [
              33.34116,
              52.37907
            ],
            [
              33.32616,
              52.37907
            ],
            [
              33.32616,
              52.36407
            ],
            [
              33.34116,
              52.36407
            ]
          ]
        ]
      },
      "properties": {
        "frp": 0.86,
        "acq_date": "2026-09-28",
        "acq_time": "7",
        "satellite": "N20",
        "brightness": null,
        "NAME_1": "Bryansk",
        "locality": "Pogarskiy rayon"
      }
    },
    {
      "type": "Feature",
      "geometry": {
        "type": "Polygon",
        "coordinates": [
          [
            [
              39.61851,
              52.54917
            ],
            [
              39.61851,
              52.56417
            ],
            [
              39.60351,
              52.56417
            ],
            [
              39.60351,
              52.54917
            ],
            [
              39.61851,
              52.54917
            ]
          ]
        ]
      },
      "properties": {
        "frp": 0.89,
        "acq_date": "2026-09-28",
        "acq_time": "7",
        "satellite": "N20",
        "brightness": null,
        "NAME_1": "Lipetsk",
        "locality": "Lipetsk"
      }
    },
    {
      "type": "Feature",
      "geometry": {
        "type": "Polygon",
        "coordinates": [
          [
            [
              32.23499,
              52.79874
            ],
            [
              32.23499,
              52.81374
            ],
            [
              32.21999,
              52.81374
            ],
            [
              32.21999,
              52.79874
            ],
            [
              32.23499,
              52.79874
            ]
          ]
        ]
      },
      "properties": {
        "frp": 0.42,
        "acq_date": "2026-09-28",
        "acq_time": "7",
        "satellite": "N20",
        "brightness": null,
        "NAME_1": "Bryansk",
        "locality": "Klintsovskiy rayon"
      }
    },
    {
      "type": "Feature",
      "geometry": {
        "type": "Polygon",
        "coordinates": [
          [
            [
              29.99827,
              52.8388
            ],
            [
              29.99827,
              52.8538
            ],
            [
              29.98327,
              52.8538
            ],
            [
              29.98327,
              52.8388
            ],
            [
              29.99827,
              52.8388
            ]
          ]
        ]
      },
      "properties": {
        "frp": 7.14,
        "acq_date": "2026-09-28",
        "acq_time": "7",
        "satellite": "N20",
        "brightness": null,
        "NAME_1": "Gomel",
        "locality": "\u017dlobin"
      }
    },
    {
      "type": "Feature",
      "geometry": {
        "type": "Polygon",
        "coordinates": [
          [
            [
              27.30745,
              44.21391
            ],
            [
              27.30745,
              44.22891
            ],
            [
              27.29245,
              44.22891
            ],
            [
              27.29245,
              44.21391
            ],
            [
              27.30745,
              44.21391
            ]
          ]
        ]
      },
      "properties": {
        "frp": 0.52,
        "acq_date": "2026-09-28",
        "acq_time": "9",
        "satellite": "N20",
        "brightness": null,
        "NAME_1": "",
        "locality": ""
      }
    },
    {
      "type": "Feature",
      "geometry": {
        "type": "Polygon",
        "coordinates": [
          [
            [
              28.31616,
              44.23178
            ],
            [
              28.31616,
              44.24678
            ],
            [
              28.30116,
              44.24678
            ],
            [
              28.30116,
              44.23178
            ],
            [
              28.31616,
              44.23178
            ]
          ]
        ]
      },
      "properties": {
        "frp": 0.81,
        "acq_date": "2026-09-28",
        "acq_time": "9",
        "satellite": "N20",
        "brightness": null,
        "NAME_1": "",
        "locality": ""
      }
    },
    {
      "type": "Feature",
      "geometry": {
        "type": "Polygon",
        "coordinates": [
          [
            [
              22.45238,
              44.86482
            ],
            [
              22.45238,
              44.87982
            ],
            [
              22.43738,
              44.87982
            ],
            [
              22.43738,
              44.86482
            ],
            [
              22.45238,
              44.86482
            ]
          ]
        ]
      },
      "properties": {
        "frp": 0.6,
        "acq_date": "2026-09-28",
        "acq_time": "9",
        "satellite": "N20",
        "brightness": null,
        "NAME_1": "",
        "locality": ""
      }
    },
    {
      "type": "Feature",
      "geometry": {
        "type": "Polygon",
        "coordinates": [
          [
            [
              22.45335,
              44.86488
            ],
            [
              22.45335,
              44.87988
            ],
            [
              22.43835,
              44.87988
            ],
            [
              22.43835,
              44.86488
            ],
            [
              22.45335,
              44.86488
            ]
          ]
        ]
      },
      "properties": {
        "frp": 0.96,
        "acq_date": "2026-09-28",
        "acq_time": "9",
        "satellite": "N20",
        "brightness": null,
        "NAME_1": "",
        "locality": ""
      }
    },
    {
      "type": "Feature",
      "geometry": {
        "type": "Polygon",
        "coordinates": [
          [
            [
              22.43766,
              44.87422
            ],
            [
              22.43766,
              44.88922
            ],
            [
              22.42266,
              44.88922
            ],
            [
              22.42266,
              44.87422
            ],
            [
              22.43766,
              44.87422
            ]
          ]
        ]
      },
      "properties": {
        "frp": 3.44,
        "acq_date": "2026-09-28",
        "acq_time": "9",
        "satellite": "N20",
        "brightness": null,
        "NAME_1": "",
        "locality": ""
      }
    },
    {
      "type": "Feature",
      "geometry": {
        "type": "Polygon",
        "coordinates": [
          [
            [
              22.43711,
              44.87825
            ],
            [
              22.43711,
              44.89325
            ],
            [
              22.42211,
              44.89325
            ],
            [
              22.42211,
              44.87825
            ],
            [
              22.43711,
              44.87825
            ]
          ]
        ]
      },
      "properties": {
        "frp": 3.44,
        "acq_date": "2026-09-28",
        "acq_time": "9",
        "satellite": "N20",
        "brightness": null,
        "NAME_1": "",
        "locality": ""
      }
    },
    {
      "type": "Feature",
      "geometry": {
        "type": "Polygon",
        "coordinates": [
          [
            [
              29.03192,
              45.19686
            ],
            [
              29.03192,
              45.21186
            ],
            [
              29.01692,
              45.21186
            ],
            [
              29.01692,
              45.19686
            ],
            [
              29.03192,
              45.19686
            ]
          ]
        ]
      },
      "properties": {
        "frp": 3.92,
        "acq_date": "2026-09-28",
        "acq_time": "9",
        "satellite": "N20",
        "brightness": null,
        "NAME_1": "",
        "locality": ""
      }
    },
    {
      "type": "Feature",
      "geometry": {
        "type": "Polygon",
        "coordinates": [
          [
            [
              29.0271,
              45.19762
            ],
            [
              29.0271,
              45.21262
            ],
            [
              29.0121,
              45.21262
            ],
            [
              29.0121,
              45.19762
            ],
            [
              29.0271,
              45.19762
            ]
          ]
        ]
      },
      "properties": {
        "frp": 4.27,
        "acq_date": "2026-09-28",
        "acq_time": "9",
        "satellite": "N20",
        "brightness": null,
        "NAME_1": "",
        "locality": ""
      }
    },
    {
      "type": "Feature",
      "geometry": {
        "type": "Polygon",
        "coordinates": [
          [
            [
              29.03296,
              45.20011
            ],
            [
              29.03296,
              45.21511
            ],
            [
              29.01796,
              45.21511
            ],
            [
              29.01796,
              45.20011
            ],
            [
              29.03296,
              45.20011
            ]
          ]
        ]
      },
      "properties": {
        "frp": 3.92,
        "acq_date": "2026-09-28",
        "acq_time": "9",
        "satellite": "N20",
        "brightness": null,
        "NAME_1": "",
        "locality": ""
      }
    },
    {
      "type": "Feature",
      "geometry": {
        "type": "Polygon",
        "coordinates": [
          [
            [
              29.02814,
              45.20088
            ],
            [
              29.02814,
              45.21588
            ],
            [
              29.01314,
              45.21588
            ],
            [
              29.01314,
              45.20088
            ],
            [
              29.02814,
              45.20088
            ]
          ]
        ]
      },
      "properties": {
        "frp": 4.27,
        "acq_date": "2026-09-28",
        "acq_time": "9",
        "satellite": "N20",
        "brightness": null,
        "NAME_1": "",
        "locality": ""
      }
    },
    {
      "type": "Feature",
      "geometry": {
        "type": "Polygon",
        "coordinates": [
          [
            [
              29.02918,
              45.20414
            ],
            [
              29.02918,
              45.21914
            ],
            [
              29.01418,
              45.21914
            ],
            [
              29.01418,
              45.20414
            ],
            [
              29.02918,
              45.20414
            ]
          ]
        ]
      },
      "properties": {
        "frp": 1.6,
        "acq_date": "2026-09-28",
        "acq_time": "9",
        "satellite": "N20",
        "brightness": null,
        "NAME_1": "",
        "locality": ""
      }
    },
    {
      "type": "Feature",
      "geometry": {
        "type": "Polygon",
        "coordinates": [
          [
            [
              39.01865,
              45.23371
            ],
            [
              39.01865,
              45.24871
            ],
            [
              39.00365,
              45.24871
            ],
            [
              39.00365,
              45.23371
            ],
            [
              39.01865,
              45.23371
            ]
          ]
        ]
      },
      "properties": {
        "frp": 11.13,
        "acq_date": "2026-09-28",
        "acq_time": "9",
        "satellite": "N20",
        "brightness": null,
        "NAME_1": "Krasnodar",
        "locality": "Dinskiy rayon"
      }
    },
    {
      "type": "Feature",
      "geometry": {
        "type": "Polygon",
        "coordinates": [
          [
            [
              39.01237,
              45.23529
            ],
            [
              39.01237,
              45.25029
            ],
            [
              38.99737,
              45.25029
            ],
            [
              38.99737,
              45.23529
            ],
            [
              39.01237,
              45.23529
            ]
          ]
        ]
      },
      "properties": {
        "frp": 11.13,
        "acq_date": "2026-09-28",
        "acq_time": "9",
        "satellite": "N20",
        "brightness": null,
        "NAME_1": "Krasnodar",
        "locality": "Dinskiy rayon"
      }
    },
    {
      "type": "Feature",
      "geometry": {
        "type": "Polygon",
        "coordinates": [
          [
            [
              38.72491,
              45.25907
            ],
            [
              38.72491,
              45.27407
            ],
            [
              38.70991,
              45.27407
            ],
            [
              38.70991,
              45.25907
            ],
            [
              38.72491,
              45.25907
            ]
          ]
        ]
      },
      "properties": {
        "frp": 0.66,
        "acq_date": "2026-09-28",
        "acq_time": "9",
        "satellite": "N20",
        "brightness": null,
        "NAME_1": "Krasnodar",
        "locality": "Dinskiy rayon"
      }
    },
    {
      "type": "Feature",
      "geometry": {
        "type": "Polygon",
        "coordinates": [
          [
            [
              39.13262,
              45.25943
            ],
            [
              39.13262,
              45.27443
            ],
            [
              39.11762,
              45.27443
            ],
            [
              39.11762,
              45.25943
            ],
            [
              39.13262,
              45.25943
            ]
          ]
        ]
      },
      "properties": {
        "frp": 15.55,
        "acq_date": "2026-09-28",
        "acq_time": "9",
        "satellite": "N20",
        "brightness": null,
        "NAME_1": "Krasnodar",
        "locality": "Dinskiy rayon"
      }
    },
    {
      "type": "Feature",
      "geometry": {
        "type": "Polygon",
        "coordinates": [
          [
            [
              39.1263,
              45.26105
            ],
            [
              39.1263,
              45.27605
            ],
            [
              39.1113,
              45.27605
            ],
            [
              39.1113,
              45.26105
            ],
            [
              39.1263,
              45.26105
            ]
          ]
        ]
      },
      "properties": {
        "frp": 10.58,
        "acq_date": "2026-09-28",
        "acq_time": "9",
        "satellite": "N20",
        "brightness": null,
        "NAME_1": "Krasnodar",
        "locality": "Dinskiy rayon"
      }
    },
    {
      "type": "Feature",
      "geometry": {
        "type": "Polygon",
        "coordinates": [
          [
            [
              38.73314,
              45.261829999999996
            ],
            [
              38.73314,
              45.27683
            ],
            [
              38.71814,
              45.27683
            ],
            [
              38.71814,
              45.261829999999996
            ],
            [
              38.73314,
              45.261829999999996
            ]
          ]
        ]
      },
      "properties": {
        "frp": 0.51,
        "acq_date": "2026-09-28",
        "acq_time": "9",
        "satellite": "N20",
        "brightness": null,
        "NAME_1": "Krasnodar",
        "locality": "Dinskiy rayon"
      }
    },
    {
      "type": "Feature",
      "geometry": {
        "type": "Polygon",
        "coordinates": [
          [
            [
              38.7353,
              45.26612
            ],
            [
              38.7353,
              45.28112
            ],
            [
              38.7203,
              45.28112
            ],
            [
              38.7203,
              45.26612
            ],
            [
              38.7353,
              45.26612
            ]
          ]
        ]
      },
      "properties": {
        "frp": 0.51,
        "acq_date": "2026-09-28",
        "acq_time": "9",
        "satellite": "N20",
        "brightness": null,
        "NAME_1": "Krasnodar",
        "locality": "Dinskiy rayon"
      }
    },
    {
      "type": "Feature",
      "geometry": {
        "type": "Polygon",
        "coordinates": [
          [
            [
              25.11881,
              45.28509
            ],
            [
              25.11881,
              45.30009
            ],
            [
              25.10381,
              45.30009
            ],
            [
              25.10381,
              45.28509
            ],
            [
              25.11881,
              45.28509
            ]
          ]
        ]
      },
      "properties": {
        "frp": 0.97,
        "acq_date": "2026-09-28",
        "acq_time": "9",
        "satellite": "N20",
        "brightness": null,
        "NAME_1": "",
        "locality": ""
      }
    },
    {
      "type": "Feature",
      "geometry": {
        "type": "Polygon",
        "coordinates": [
          [
            [
              28.954,
              45.76728
            ],
            [
              28.954,
              45.78228
            ],
            [
              28.939,
              45.78228
            ],
            [
              28.939,
              45.76728
            ],
            [
              28.954,
              45.76728
            ]
          ]
        ]
      },
      "properties": {
        "frp": 0.57,
        "acq_date": "2026-09-28",
        "acq_time": "9",
        "satellite": "N20",
        "brightness": null,
        "NAME_1": "Odessa",
        "locality": "Bolhrads'kyi"
      }
    },
    {
      "type": "Feature",
      "geometry": {
        "type": "Polygon",
        "coordinates": [
          [
            [
              25.29054,
              45.94482
            ],
            [
              25.29054,
              45.95982
            ],
            [
              25.27554,
              45.95982
            ],
            [
              25.27554,
              45.94482
            ],
            [
              25.29054,
              45.94482
            ]
          ]
        ]
      },
      "properties": {
        "frp": 0.77,
        "acq_date": "2026-09-28",
        "acq_time": "9",
        "satellite": "N20",
        "brightness": null,
        "NAME_1": "",
        "locality": ""
      }
    },
    {
      "type": "Feature",
      "geometry": {
        "type": "Polygon",
        "coordinates": [
          [
            [
              22.87211,
              45.946889999999996
            ],
            [
              22.87211,
              45.96189
            ],
            [
              22.85711,
              45.96189
            ],
            [
              22.85711,
              45.946889999999996
            ],
            [
              22.87211,
              45.946889999999996
            ]
          ]
        ]
      },
      "properties": {
        "frp": 0.78,
        "acq_date": "2026-09-28",
        "acq_time": "9",
        "satellite": "N20",
        "brightness": null,
        "NAME_1": "",
        "locality": ""
      }
    },
    {
      "type": "Feature",
      "geometry": {
        "type": "Polygon",
        "coordinates": [
          [
            [
              22.33885,
              47.028999999999996
            ],
            [
              22.33885,
              47.044
            ],
            [
              22.32385,
              47.044
            ],
            [
              22.32385,
              47.028999999999996
            ],
            [
              22.33885,
              47.028999999999996
            ]
          ]
        ]
      },
      "properties": {
        "frp": 0.87,
        "acq_date": "2026-09-28",
        "acq_time": "9",
        "satellite": "N20",
        "brightness": null,
        "NAME_1": "",
        "locality": ""
      }
    },
    {
      "type": "Feature",
      "geometry": {
        "type": "Polygon",
        "coordinates": [
          [
            [
              38.25618,
              47.23777
            ],
            [
              38.25618,
              47.25277
            ],
            [
              38.24118,
              47.25277
            ],
            [
              38.24118,
              47.23777
            ],
            [
              38.25618,
              47.23777
            ]
          ]
        ]
      },
      "properties": {
        "frp": 0.71,
        "acq_date": "2026-09-28",
        "acq_time": "9",
        "satellite": "N20",
        "brightness": null,
        "NAME_1": "Donets'k",
        "locality": "Novoazovs'kyi"
      }
    },
    {
      "type": "Feature",
      "geometry": {
        "type": "Polygon",
        "coordinates": [
          [
            [
              40.13831,
              47.36754
            ],
            [
              40.13831,
              47.38254
            ],
            [
              40.12331,
              47.38254
            ],
            [
              40.12331,
              47.36754
            ],
            [
              40.13831,
              47.36754
            ]
          ]
        ]
      },
      "properties": {
        "frp": 1.58,
        "acq_date": "2026-09-28",
        "acq_time": "9",
        "satellite": "N20",
        "brightness": null,
        "NAME_1": "Rostov",
        "locality": "Novocherkassk"
      }
    },
    {
      "type": "Feature",
      "geometry": {
        "type": "Polygon",
        "coordinates": [
          [
            [
              40.13914,
              47.36882
            ],
            [
              40.13914,
              47.38382
            ],
            [
              40.12414,
              47.38382
            ],
            [
              40.12414,
              47.36882
            ],
            [
              40.13914,
              47.36882
            ]
          ]
        ]
      },
      "properties": {
        "frp": 2.24,
        "acq_date": "2026-09-28",
        "acq_time": "9",
        "satellite": "N20",
        "brightness": null,
        "NAME_1": "Rostov",
        "locality": "Novocherkassk"
      }
    },
    {
      "type": "Feature",
      "geometry": {
        "type": "Polygon",
        "coordinates": [
          [
            [
              40.1407,
              47.37183
            ],
            [
              40.1407,
              47.38683
            ],
            [
              40.1257,
              47.38683
            ],
            [
              40.1257,
              47.37183
            ],
            [
              40.1407,
              47.37183
            ]
          ]
        ]
      },
      "properties": {
        "frp": 1.83,
        "acq_date": "2026-09-28",
        "acq_time": "9",
        "satellite": "N20",
        "brightness": null,
        "NAME_1": "Rostov",
        "locality": "Novocherkassk"
      }
    },
    {
      "type": "Feature",
      "geometry": {
        "type": "Polygon",
        "coordinates": [
          [
            [
              40.14152,
              47.3731
            ],
            [
              40.14152,
              47.3881
            ],
            [
              40.12652,
              47.3881
            ],
            [
              40.12652,
              47.3731
            ],
            [
              40.14152,
              47.3731
            ]
          ]
        ]
      },
      "properties": {
        "frp": 2.24,
        "acq_date": "2026-09-28",
        "acq_time": "9",
        "satellite": "N20",
        "brightness": null,
        "NAME_1": "Rostov",
        "locality": "Novocherkassk"
      }
    },
    {
      "type": "Feature",
      "geometry": {
        "type": "Polygon",
        "coordinates": [
          [
            [
              40.13432,
              47.37344
            ],
            [
              40.13432,
              47.38844
            ],
            [
              40.11932,
              47.38844
            ],
            [
              40.11932,
              47.37344
            ],
            [
              40.13432,
              47.37344
            ]
          ]
        ]
      },
      "properties": {
        "frp": 1.83,
        "acq_date": "2026-09-28",
        "acq_time": "9",
        "satellite": "N20",
        "brightness": null,
        "NAME_1": "Rostov",
        "locality": "Novocherkassk"
      }
    },
    {
      "type": "Feature",
      "geometry": {
        "type": "Polygon",
        "coordinates": [
          [
            [
              40.15665,
              47.37408
            ],
            [
              40.15665,
              47.38908
            ],
            [
              40.14165,
              47.38908
            ],
            [
              40.14165,
              47.37408
            ],
            [
              40.15665,
              47.37408
            ]
          ]
        ]
      },
      "properties": {
        "frp": 3.99,
        "acq_date": "2026-09-28",
        "acq_time": "9",
        "satellite": "N20",
        "brightness": null,
        "NAME_1": "Rostov",
        "locality": "Oktyabr'skiy"
      }
    },
    {
      "type": "Feature",
      "geometry": {
        "type": "Polygon",
        "coordinates": [
          [
            [
              40.14948,
              47.37449
            ],
            [
              40.14948,
              47.38949
            ],
            [
              40.134479999999996,
              47.38949
            ],
            [
              40.134479999999996,
              47.37449
            ],
            [
              40.14948,
              47.37449
            ]
          ]
        ]
      },
      "properties": {
        "frp": 2.43,
        "acq_date": "2026-09-28",
        "acq_time": "9",
        "satellite": "N20",
        "brightness": null,
        "NAME_1": "Rostov",
        "locality": "Oktyabr'skiy"
      }
    },
    {
      "type": "Feature",
      "geometry": {
        "type": "Polygon",
        "coordinates": [
          [
            [
              40.13516,
              47.37474
            ],
            [
              40.13516,
              47.38974
            ],
            [
              40.12016,
              47.38974
            ],
            [
              40.12016,
              47.37474
            ],
            [
              40.13516,
              47.37474
            ]
          ]
        ]
      },
      "properties": {
        "frp": 1.46,
        "acq_date": "2026-09-28",
        "acq_time": "9",
        "satellite": "N20",
        "brightness": null,
        "NAME_1": "Rostov",
        "locality": "Novocherkassk"
      }
    },
    {
      "type": "Feature",
      "geometry": {
        "type": "Polygon",
        "coordinates": [
          [
            [
              40.17181,
              47.37505
            ],
            [
              40.17181,
              47.39005
            ],
            [
              40.15681,
              47.39005
            ],
            [
              40.15681,
              47.37505
            ],
            [
              40.17181,
              47.37505
            ]
          ]
        ]
      },
      "properties": {
        "frp": 0.79,
        "acq_date": "2026-09-28",
        "acq_time": "9",
        "satellite": "N20",
        "brightness": null,
        "NAME_1": "Rostov",
        "locality": "Oktyabr'skiy"
      }
    },
    {
      "type": "Feature",
      "geometry": {
        "type": "Polygon",
        "coordinates": [
          [
            [
              40.15027,
              47.37573
            ],
            [
              40.15027,
              47.39073
            ],
            [
              40.13527,
              47.39073
            ],
            [
              40.13527,
              47.37573
            ],
            [
              40.15027,
              47.37573
            ]
          ]
        ]
      },
      "properties": {
        "frp": 3.38,
        "acq_date": "2026-09-28",
        "acq_time": "9",
        "satellite": "N20",
        "brightness": null,
        "NAME_1": "Rostov",
        "locality": "Oktyabr'skiy"
      }
    },
    {
      "type": "Feature",
      "geometry": {
        "type": "Polygon",
        "coordinates": [
          [
            [
              40.1431,
              47.37611
            ],
            [
              40.1431,
              47.39111
            ],
            [
              40.128099999999996,
              47.39111
            ],
            [
              40.128099999999996,
              47.37611
            ],
            [
              40.1431,
              47.37611
            ]
          ]
        ]
      },
      "properties": {
        "frp": 1.83,
        "acq_date": "2026-09-28",
        "acq_time": "9",
        "satellite": "N20",
        "brightness": null,
        "NAME_1": "Rostov",
        "locality": "Novocherkassk"
      }
    },
    {
      "type": "Feature",
      "geometry": {
        "type": "Polygon",
        "coordinates": [
          [
            [
              40.1439,
              47.37738
            ],
            [
              40.1439,
              47.39238
            ],
            [
              40.1289,
              47.39238
            ],
            [
              40.1289,
              47.37738
            ],
            [
              40.1439,
              47.37738
            ]
          ]
        ]
      },
      "properties": {
        "frp": 3.38,
        "acq_date": "2026-09-28",
        "acq_time": "9",
        "satellite": "N20",
        "brightness": null,
        "NAME_1": "Rostov",
        "locality": "Novocherkassk"
      }
    },
    {
      "type": "Feature",
      "geometry": {
        "type": "Polygon",
        "coordinates": [
          [
            [
              40.13671,
              47.37772
            ],
            [
              40.13671,
              47.39272
            ],
            [
              40.12171,
              47.39272
            ],
            [
              40.12171,
              47.37772
            ],
            [
              40.13671,
              47.37772
            ]
          ]
        ]
      },
      "properties": {
        "frp": 1.83,
        "acq_date": "2026-09-28",
        "acq_time": "9",
        "satellite": "N20",
        "brightness": null,
        "NAME_1": "Rostov",
        "locality": "Novocherkassk"
      }
    },
    {
      "type": "Feature",
      "geometry": {
        "type": "Polygon",
        "coordinates": [
          [
            [
              40.13754,
              47.37903
            ],
            [
              40.13754,
              47.39403
            ],
            [
              40.12254,
              47.39403
            ],
            [
              40.12254,
              47.37903
            ],
            [
              40.13754,
              47.37903
            ]
          ]
        ]
      },
      "properties": {
        "frp": 2.23,
        "acq_date": "2026-09-28",
        "acq_time": "9",
        "satellite": "N20",
        "brightness": null,
        "NAME_1": "Rostov",
        "locality": "Novocherkassk"
      }
    },
    {
      "type": "Feature",
      "geometry": {
        "type": "Polygon",
        "coordinates": [
          [
            [
              38.33849,
              47.5045
            ],
            [
              38.33849,
              47.5195
            ],
            [
              38.32349,
              47.5195
            ],
            [
              38.32349,
              47.5045
            ],
            [
              38.33849,
              47.5045
            ]
          ]
        ]
      },
      "properties": {
        "frp": 1.51,
        "acq_date": "2026-09-28",
        "acq_time": "9",
        "satellite": "N20",
        "brightness": null,
        "NAME_1": "Rostov",
        "locality": "Matveevo-Kurganskiy rayon"
      }
    },
    {
      "type": "Feature",
      "geometry": {
        "type": "Polygon",
        "coordinates": [
          [
            [
              29.02277,
              47.78187
            ],
            [
              29.02277,
              47.79687
            ],
            [
              29.00777,
              47.79687
            ],
            [
              29.00777,
              47.78187
            ],
            [
              29.02277,
              47.78187
            ]
          ]
        ]
      },
      "properties": {
        "frp": 1.31,
        "acq_date": "2026-09-28",
        "acq_time": "9",
        "satellite": "N20",
        "brightness": null,
        "NAME_1": "",
        "locality": ""
      }
    },
    {
      "type": "Feature",
      "geometry": {
        "type": "Polygon",
        "coordinates": [
          [
            [
              37.0952,
              48.46663
            ],
            [
              37.0952,
              48.48163
            ],
            [
              37.0802,
              48.48163
            ],
            [
              37.0802,
              48.46663
            ],
            [
              37.0952,
              48.46663
            ]
          ]
        ]
      },
      "properties": {
        "frp": 0.82,
        "acq_date": "2026-09-28",
        "acq_time": "9",
        "satellite": "N20",
        "brightness": null,
        "NAME_1": "Donets'k",
        "locality": "Dobropil's'ka"
      }
    },
    {
      "type": "Feature",
      "geometry": {
        "type": "Polygon",
        "coordinates": [
          [
            [
              26.6143,
              48.74089
            ],
            [
              26.6143,
              48.75589
            ],
            [
              26.5993,
              48.75589
            ],
            [
              26.5993,
              48.74089
            ],
            [
              26.6143,
              48.74089
            ]
          ]
        ]
      },
      "properties": {
        "frp": 1.2,
        "acq_date": "2026-09-28",
        "acq_time": "9",
        "satellite": "N20",
        "brightness": null,
        "NAME_1": "Khmel'nyts'kyy",
        "locality": "Kamianets'-Podil's'kyi"
      }
    },
    {
      "type": "Feature",
      "geometry": {
        "type": "Polygon",
        "coordinates": [
          [
            [
              24.718,
              48.96712
            ],
            [
              24.718,
              48.98212
            ],
            [
              24.703,
              48.98212
            ],
            [
              24.703,
              48.96712
            ],
            [
              24.718,
              48.96712
            ]
          ]
        ]
      },
      "properties": {
        "frp": 1.13,
        "acq_date": "2026-09-28",
        "acq_time": "9",
        "satellite": "N20",
        "brightness": null,
        "NAME_1": "Ivano-Frankivs'k",
        "locality": "Tysmenyts'kyi"
      }
    },
    {
      "type": "Feature",
      "geometry": {
        "type": "Polygon",
        "coordinates": [
          [
            [
              24.71891,
              48.97084
            ],
            [
              24.71891,
              48.98584
            ],
            [
              24.70391,
              48.98584
            ],
            [
              24.70391,
              48.97084
            ],
            [
              24.71891,
              48.97084
            ]
          ]
        ]
      },
      "properties": {
        "frp": 1.13,
        "acq_date": "2026-09-28",
        "acq_time": "9",
        "satellite": "N20",
        "brightness": null,
        "NAME_1": "Ivano-Frankivs'k",
        "locality": "Tysmenyts'kyi"
      }
    },
    {
      "type": "Feature",
      "geometry": {
        "type": "Polygon",
        "coordinates": [
          [
            [
              26.26839,
              50.53562
            ],
            [
              26.26839,
              50.55062
            ],
            [
              26.25339,
              50.55062
            ],
            [
              26.25339,
              50.53562
            ],
            [
              26.26839,
              50.53562
            ]
          ]
        ]
      },
      "properties": {
        "frp": 2.19,
        "acq_date": "2026-09-28",
        "acq_time": "9",
        "satellite": "N20",
        "brightness": null,
        "NAME_1": "Rivne",
        "locality": "Zdolbunivs'kyi"
      }
    },
    {
      "type": "Feature",
      "geometry": {
        "type": "Polygon",
        "coordinates": [
          [
            [
              22.75927,
              44.30115
            ],
            [
              22.75927,
              44.31615
            ],
            [
              22.74427,
              44.31615
            ],
            [
              22.74427,
              44.30115
            ],
            [
              22.75927,
              44.30115
            ]
          ]
        ]
      },
      "properties": {
        "frp": 0.45,
        "acq_date": "2026-09-28",
        "acq_time": "11",
        "satellite": "N20",
        "brightness": null,
        "NAME_1": "",
        "locality": ""
      }
    },
    {
      "type": "Feature",
      "geometry": {
        "type": "Polygon",
        "coordinates": [
          [
            [
              29.34302,
              51.8831
            ],
            [
              29.34302,
              51.8981
            ],
            [
              29.32802,
              51.8981
            ],
            [
              29.32802,
              51.8831
            ],
            [
              29.34302,
              51.8831
            ]
          ]
        ]
      },
      "properties": {
        "frp": 1.49,
        "acq_date": "2026-09-28",
        "acq_time": "147",
        "satellite": "N20",
        "brightness": null,
        "NAME_1": "Gomel",
        "locality": "Mazyr"
      }
    },
    {
      "type": "Feature",
      "geometry": {
        "type": "Polygon",
        "coordinates": [
          [
            [
              29.34427,
              51.88564
            ],
            [
              29.34427,
              51.90064
            ],
            [
              29.32927,
              51.90064
            ],
            [
              29.32927,
              51.88564
            ],
            [
              29.34427,
              51.88564
            ]
          ]
        ]
      },
      "properties": {
        "frp": 3.0,
        "acq_date": "2026-09-28",
        "acq_time": "147",
        "satellite": "N20",
        "brightness": null,
        "NAME_1": "Gomel",
        "locality": "Mazyr"
      }
    },
    {
      "type": "Feature",
      "geometry": {
        "type": "Polygon",
        "coordinates": [
          [
            [
              29.34896,
              51.88891
            ],
            [
              29.34896,
              51.90391
            ],
            [
              29.33396,
              51.90391
            ],
            [
              29.33396,
              51.88891
            ],
            [
              29.34896,
              51.88891
            ]
          ]
        ]
      },
      "properties": {
        "frp": 1.49,
        "acq_date": "2026-09-28",
        "acq_time": "147",
        "satellite": "N20",
        "brightness": null,
        "NAME_1": "Gomel",
        "locality": "Mazyr"
      }
    },
    {
      "type": "Feature",
      "geometry": {
        "type": "Polygon",
        "coordinates": [
          [
            [
              24.71449,
              48.9693
            ],
            [
              24.71449,
              48.9843
            ],
            [
              24.69949,
              48.9843
            ],
            [
              24.69949,
              48.9693
            ],
            [
              24.71449,
              48.9693
            ]
          ]
        ]
      },
      "properties": {
        "frp": 1.33,
        "acq_date": "2026-09-28",
        "acq_time": "149",
        "satellite": "N20",
        "brightness": null,
        "NAME_1": "Ivano-Frankivs'k",
        "locality": "Tysmenyts'kyi"
      }
    },
    {
      "type": "Feature",
      "geometry": {
        "type": "Polygon",
        "coordinates": [
          [
            [
              24.716260000000002,
              48.97076
            ],
            [
              24.716260000000002,
              48.98576
            ],
            [
              24.70126,
              48.98576
            ],
            [
              24.70126,
              48.97076
            ],
            [
              24.716260000000002,
              48.97076
            ]
          ]
        ]
      },
      "properties": {
        "frp": 1.49,
        "acq_date": "2026-09-28",
        "acq_time": "149",
        "satellite": "N20",
        "brightness": null,
        "NAME_1": "Ivano-Frankivs'k",
        "locality": "Tysmenyts'kyi"
      }
    },
    {
      "type": "Feature",
      "geometry": {
        "type": "Polygon",
        "coordinates": [
          [
            [
              22.43568,
              44.87242
            ],
            [
              22.43568,
              44.88742
            ],
            [
              22.42068,
              44.88742
            ],
            [
              22.42068,
              44.87242
            ],
            [
              22.43568,
              44.87242
            ]
          ]
        ]
      },
      "properties": {
        "frp": 2.03,
        "acq_date": "2026-09-28",
        "acq_time": "152",
        "satellite": "N20",
        "brightness": null,
        "NAME_1": "",
        "locality": ""
      }
    },
    {
      "type": "Feature",
      "geometry": {
        "type": "Polygon",
        "coordinates": [
          [
            [
              22.4386,
              44.87495
            ],
            [
              22.4386,
              44.88995
            ],
            [
              22.4236,
              44.88995
            ],
            [
              22.4236,
              44.87495
            ],
            [
              22.4386,
              44.87495
            ]
          ]
        ]
      },
      "properties": {
        "frp": 6.03,
        "acq_date": "2026-09-28",
        "acq_time": "152",
        "satellite": "N20",
        "brightness": null,
        "NAME_1": "",
        "locality": ""
      }
    },
    {
      "type": "Feature",
      "geometry": {
        "type": "Polygon",
        "coordinates": [
          [
            [
              22.43492,
              44.87624
            ],
            [
              22.43492,
              44.89124
            ],
            [
              22.41992,
              44.89124
            ],
            [
              22.41992,
              44.87624
            ],
            [
              22.43492,
              44.87624
            ]
          ]
        ]
      },
      "properties": {
        "frp": 3.49,
        "acq_date": "2026-09-28",
        "acq_time": "152",
        "satellite": "N20",
        "brightness": null,
        "NAME_1": "",
        "locality": ""
      }
    },
    {
      "type": "Feature",
      "geometry": {
        "type": "Polygon",
        "coordinates": [
          [
            [
              22.44053,
              44.87829
            ],
            [
              22.44053,
              44.89329
            ],
            [
              22.42553,
              44.89329
            ],
            [
              22.42553,
              44.87829
            ],
            [
              22.44053,
              44.87829
            ]
          ]
        ]
      },
      "properties": {
        "frp": 2.03,
        "acq_date": "2026-09-28",
        "acq_time": "152",
        "satellite": "N20",
        "brightness": null,
        "NAME_1": "",
        "locality": ""
      }
    },
    {
      "type": "Feature",
      "geometry": {
        "type": "Polygon",
        "coordinates": [
          [
            [
              22.436790000000002,
              44.87961
            ],
            [
              22.436790000000002,
              44.89461
            ],
            [
              22.42179,
              44.89461
            ],
            [
              22.42179,
              44.87961
            ],
            [
              22.436790000000002,
              44.87961
            ]
          ]
        ]
      },
      "properties": {
        "frp": 2.03,
        "acq_date": "2026-09-28",
        "acq_time": "152",
        "satellite": "N20",
        "brightness": null,
        "NAME_1": "",
        "locality": ""
      }
    },
    {
      "type": "Feature",
      "geometry": {
        "type": "Polygon",
        "coordinates": [
          [
            [
              26.597,
              44.55119
            ],
            [
              26.597,
              44.56619
            ],
            [
              26.582,
              44.56619
            ],
            [
              26.582,
              44.55119
            ],
            [
              26.597,
              44.55119
            ]
          ]
        ]
      },
      "properties": {
        "frp": 8.85,
        "acq_date": "2026-09-28",
        "acq_time": "956",
        "satellite": "N20",
        "brightness": null,
        "NAME_1": "",
        "locality": ""
      }
    },
    {
      "type": "Feature",
      "geometry": {
        "type": "Polygon",
        "coordinates": [
          [
            [
              26.58757,
              44.55215
            ],
            [
              26.58757,
              44.56715
            ],
            [
              26.57257,
              44.56715
            ],
            [
              26.57257,
              44.55215
            ],
            [
              26.58757,
              44.55215
            ]
          ]
        ]
      },
      "properties": {
        "frp": 7.07,
        "acq_date": "2026-09-28",
        "acq_time": "956",
        "satellite": "N20",
        "brightness": null,
        "NAME_1": "",
        "locality": ""
      }
    },
    {
      "type": "Feature",
      "geometry": {
        "type": "Polygon",
        "coordinates": [
          [
            [
              26.59512,
              44.55478
            ],
            [
              26.59512,
              44.56978
            ],
            [
              26.58012,
              44.56978
            ],
            [
              26.58012,
              44.55478
            ],
            [
              26.59512,
              44.55478
            ]
          ]
        ]
      },
      "properties": {
        "frp": 6.45,
        "acq_date": "2026-09-28",
        "acq_time": "956",
        "satellite": "N20",
        "brightness": null,
        "NAME_1": "",
        "locality": ""
      }
    },
    {
      "type": "Feature",
      "geometry": {
        "type": "Polygon",
        "coordinates": [
          [
            [
              37.25728,
              45.10252
            ],
            [
              37.25728,
              45.11752
            ],
            [
              37.24228,
              45.11752
            ],
            [
              37.24228,
              45.10252
            ],
            [
              37.25728,
              45.10252
            ]
          ]
        ]
      },
      "properties": {
        "frp": 18.02,
        "acq_date": "2026-09-28",
        "acq_time": "956",
        "satellite": "N20",
        "brightness": null,
        "NAME_1": "Krasnodar",
        "locality": "Temryukskiy rayon"
      }
    },
    {
      "type": "Feature",
      "geometry": {
        "type": "Polygon",
        "coordinates": [
          [
            [
              37.86531,
              45.61229
            ],
            [
              37.86531,
              45.62729
            ],
            [
              37.85031,
              45.62729
            ],
            [
              37.85031,
              45.61229
            ],
            [
              37.86531,
              45.61229
            ]
          ]
        ]
      },
      "properties": {
        "frp": 7.84,
        "acq_date": "2026-09-28",
        "acq_time": "956",
        "satellite": "N20",
        "brightness": null,
        "NAME_1": "Krasnodar",
        "locality": "Slavyanskiy rayon"
      }
    },
    {
      "type": "Feature",
      "geometry": {
        "type": "Polygon",
        "coordinates": [
          [
            [
              39.78587,
              46.11911
            ],
            [
              39.78587,
              46.13411
            ],
            [
              39.77087,
              46.13411
            ],
            [
              39.77087,
              46.11911
            ],
            [
              39.78587,
              46.11911
            ]
          ]
        ]
      },
      "properties": {
        "frp": 5.3,
        "acq_date": "2026-09-28",
        "acq_time": "956",
        "satellite": "N20",
        "brightness": null,
        "NAME_1": "Krasnodar",
        "locality": "Pavlovskiy rayon"
      }
    },
    {
      "type": "Feature",
      "geometry": {
        "type": "Polygon",
        "coordinates": [
          [
            [
              39.443220000000004,
              46.38031
            ],
            [
              39.443220000000004,
              46.39531
            ],
            [
              39.42822,
              46.39531
            ],
            [
              39.42822,
              46.38031
            ],
            [
              39.443220000000004,
              46.38031
            ]
          ]
        ]
      },
      "properties": {
        "frp": 10.28,
        "acq_date": "2026-09-28",
        "acq_time": "956",
        "satellite": "N20",
        "brightness": null,
        "NAME_1": "Krasnodar",
        "locality": "Leningradskiy rayon"
      }
    },
    {
      "type": "Feature",
      "geometry": {
        "type": "Polygon",
        "coordinates": [
          [
            [
              40.09466,
              46.54898
            ],
            [
              40.09466,
              46.56398
            ],
            [
              40.07966,
              46.56398
            ],
            [
              40.07966,
              46.54898
            ],
            [
              40.09466,
              46.54898
            ]
          ]
        ]
      },
      "properties": {
        "frp": 3.96,
        "acq_date": "2026-09-28",
        "acq_time": "956",
        "satellite": "N20",
        "brightness": null,
        "NAME_1": "Rostov",
        "locality": "Zernogradskiy rayon"
      }
    },
    {
      "type": "Feature",
      "geometry": {
        "type": "Polygon",
        "coordinates": [
          [
            [
              40.09324,
              46.55247
            ],
            [
              40.09324,
              46.56747
            ],
            [
              40.07824,
              46.56747
            ],
            [
              40.07824,
              46.55247
            ],
            [
              40.09324,
              46.55247
            ]
          ]
        ]
      },
      "properties": {
        "frp": 69.54,
        "acq_date": "2026-09-28",
        "acq_time": "956",
        "satellite": "N20",
        "brightness": null,
        "NAME_1": "Rostov",
        "locality": "Zernogradskiy rayon"
      }
    },
    {
      "type": "Feature",
      "geometry": {
        "type": "Polygon",
        "coordinates": [
          [
            [
              40.07208,
              46.58408
            ],
            [
              40.07208,
              46.59908
            ],
            [
              40.05708,
              46.59908
            ],
            [
              40.05708,
              46.58408
            ],
            [
              40.07208,
              46.58408
            ]
          ]
        ]
      },
      "properties": {
        "frp": 7.39,
        "acq_date": "2026-09-28",
        "acq_time": "956",
        "satellite": "N20",
        "brightness": null,
        "NAME_1": "Rostov",
        "locality": "Zernogradskiy rayon"
      }
    },
    {
      "type": "Feature",
      "geometry": {
        "type": "Polygon",
        "coordinates": [
          [
            [
              40.07294,
              46.5862
            ],
            [
              40.07294,
              46.6012
            ],
            [
              40.05794,
              46.6012
            ],
            [
              40.05794,
              46.5862
            ],
            [
              40.07294,
              46.5862
            ]
          ]
        ]
      },
      "properties": {
        "frp": 9.44,
        "acq_date": "2026-09-28",
        "acq_time": "956",
        "satellite": "N20",
        "brightness": null,
        "NAME_1": "Rostov",
        "locality": "Zernogradskiy rayon"
      }
    },
    {
      "type": "Feature",
      "geometry": {
        "type": "Polygon",
        "coordinates": [
          [
            [
              34.62599,
              46.59816
            ],
            [
              34.62599,
              46.61316
            ],
            [
              34.61099,
              46.61316
            ],
            [
              34.61099,
              46.59816
            ],
            [
              34.62599,
              46.59816
            ]
          ]
        ]
      },
      "properties": {
        "frp": 3.24,
        "acq_date": "2026-09-28",
        "acq_time": "956",
        "satellite": "N20",
        "brightness": null,
        "NAME_1": "Kherson",
        "locality": "Ivanivs'kyi"
      }
    },
    {
      "type": "Feature",
      "geometry": {
        "type": "Polygon",
        "coordinates": [
          [
            [
              34.63221,
              46.5997
            ],
            [
              34.63221,
              46.6147
            ],
            [
              34.61721,
              46.6147
            ],
            [
              34.61721,
              46.5997
            ],
            [
              34.63221,
              46.5997
            ]
          ]
        ]
      },
      "properties": {
        "frp": 3.24,
        "acq_date": "2026-09-28",
        "acq_time": "956",
        "satellite": "N20",
        "brightness": null,
        "NAME_1": "Kherson",
        "locality": "Ivanivs'kyi"
      }
    },
    {
      "type": "Feature",
      "geometry": {
        "type": "Polygon",
        "coordinates": [
          [
            [
              34.62911,
              46.60166
            ],
            [
              34.62911,
              46.61666
            ],
            [
              34.61411,
              46.61666
            ],
            [
              34.61411,
              46.60166
            ],
            [
              34.62911,
              46.60166
            ]
          ]
        ]
      },
      "properties": {
        "frp": 3.54,
        "acq_date": "2026-09-28",
        "acq_time": "956",
        "satellite": "N20",
        "brightness": null,
        "NAME_1": "Kherson",
        "locality": "Ivanivs'kyi"
      }
    },
    {
      "type": "Feature",
      "geometry": {
        "type": "Polygon",
        "coordinates": [
          [
            [
              39.12952,
              46.80154
            ],
            [
              39.12952,
              46.81654
            ],
            [
              39.11452,
              46.81654
            ],
            [
              39.11452,
              46.80154
            ],
            [
              39.12952,
              46.80154
            ]
          ]
        ]
      },
      "properties": {
        "frp": 2.47,
        "acq_date": "2026-09-28",
        "acq_time": "956",
        "satellite": "N20",
        "brightness": null,
        "NAME_1": "Rostov",
        "locality": "Azovskiy rayon"
      }
    },
    {
      "type": "Feature",
      "geometry": {
        "type": "Polygon",
        "coordinates": [
          [
            [
              38.66081,
              47.30705
            ],
            [
              38.66081,
              47.32205
            ],
            [
              38.64581,
              47.32205
            ],
            [
              38.64581,
              47.30705
            ],
            [
              38.66081,
              47.30705
            ]
          ]
        ]
      },
      "properties": {
        "frp": 2.55,
        "acq_date": "2026-09-28",
        "acq_time": "956",
        "satellite": "N20",
        "brightness": null,
        "NAME_1": "Rostov",
        "locality": "Neklinovskiy rayon"
      }
    },
    {
      "type": "Feature",
      "geometry": {
        "type": "Polygon",
        "coordinates": [
          [
            [
              38.659530000000004,
              47.30861
            ],
            [
              38.659530000000004,
              47.32361
            ],
            [
              38.64453,
              47.32361
            ],
            [
              38.64453,
              47.30861
            ],
            [
              38.659530000000004,
              47.30861
            ]
          ]
        ]
      },
      "properties": {
        "frp": 3.77,
        "acq_date": "2026-09-28",
        "acq_time": "956",
        "satellite": "N20",
        "brightness": null,
        "NAME_1": "Rostov",
        "locality": "Neklinovskiy rayon"
      }
    },
    {
      "type": "Feature",
      "geometry": {
        "type": "Polygon",
        "coordinates": [
          [
            [
              37.00241,
              47.46049
            ],
            [
              37.00241,
              47.47549
            ],
            [
              36.98741,
              47.47549
            ],
            [
              36.98741,
              47.46049
            ],
            [
              37.00241,
              47.46049
            ]
          ]
        ]
      },
      "properties": {
        "frp": 4.3,
        "acq_date": "2026-09-28",
        "acq_time": "956",
        "satellite": "N20",
        "brightness": null,
        "NAME_1": "Zaporizhia",
        "locality": "Rozivs'kyi"
      }
    },
    {
      "type": "Feature",
      "geometry": {
        "type": "Polygon",
        "coordinates": [
          [
            [
              37.00964,
              47.4621
            ],
            [
              37.00964,
              47.4771
            ],
            [
              36.99464,
              47.4771
            ],
            [
              36.99464,
              47.4621
            ],
            [
              37.00964,
              47.4621
            ]
          ]
        ]
      },
      "properties": {
        "frp": 4.3,
        "acq_date": "2026-09-28",
        "acq_time": "956",
        "satellite": "N20",
        "brightness": null,
        "NAME_1": "Zaporizhia",
        "locality": "Rozivs'kyi"
      }
    },
    {
      "type": "Feature",
      "geometry": {
        "type": "Polygon",
        "coordinates": [
          [
            [
              36.98962,
              47.47029
            ],
            [
              36.98962,
              47.48529
            ],
            [
              36.97462,
              47.48529
            ],
            [
              36.97462,
              47.47029
            ],
            [
              36.98962,
              47.47029
            ]
          ]
        ]
      },
      "properties": {
        "frp": 2.53,
        "acq_date": "2026-09-28",
        "acq_time": "956",
        "satellite": "N20",
        "brightness": null,
        "NAME_1": "Zaporizhia",
        "locality": "Rozivs'kyi"
      }
    },
    {
      "type": "Feature",
      "geometry": {
        "type": "Polygon",
        "coordinates": [
          [
            [
              36.99512,
              47.47573
            ],
            [
              36.99512,
              47.49073
            ],
            [
              36.98012,
              47.49073
            ],
            [
              36.98012,
              47.47573
            ],
            [
              36.99512,
              47.47573
            ]
          ]
        ]
      },
      "properties": {
        "frp": 8.38,
        "acq_date": "2026-09-28",
        "acq_time": "956",
        "satellite": "N20",
        "brightness": null,
        "NAME_1": "Zaporizhia",
        "locality": "Rozivs'kyi"
      }
    },
    {
      "type": "Feature",
      "geometry": {
        "type": "Polygon",
        "coordinates": [
          [
            [
              37.58373,
              47.50034
            ],
            [
              37.58373,
              47.51534
            ],
            [
              37.56873,
              47.51534
            ],
            [
              37.56873,
              47.50034
            ],
            [
              37.58373,
              47.50034
            ]
          ]
        ]
      },
      "properties": {
        "frp": 45.25,
        "acq_date": "2026-09-28",
        "acq_time": "956",
        "satellite": "N20",
        "brightness": null,
        "NAME_1": "Donets'k",
        "locality": "Volnovas'kyi"
      }
    },
    {
      "type": "Feature",
      "geometry": {
        "type": "Polygon",
        "coordinates": [
          [
            [
              37.5907,
              47.50184
            ],
            [
              37.5907,
              47.51684
            ],
            [
              37.5757,
              47.51684
            ],
            [
              37.5757,
              47.50184
            ],
            [
              37.5907,
              47.50184
            ]
          ]
        ]
      },
      "properties": {
        "frp": 45.25,
        "acq_date": "2026-09-28",
        "acq_time": "956",
        "satellite": "N20",
        "brightness": null,
        "NAME_1": "Donets'k",
        "locality": "Volnovas'kyi"
      }
    },
    {
      "type": "Feature",
      "geometry": {
        "type": "Polygon",
        "coordinates": [
          [
            [
              39.29447,
              47.604639999999996
            ],
            [
              39.29447,
              47.61964
            ],
            [
              39.279469999999996,
              47.61964
            ],
            [
              39.279469999999996,
              47.604639999999996
            ],
            [
              39.29447,
              47.604639999999996
            ]
          ]
        ]
      },
      "properties": {
        "frp": 2.23,
        "acq_date": "2026-09-28",
        "acq_time": "956",
        "satellite": "N20",
        "brightness": null,
        "NAME_1": "Rostov",
        "locality": "Rodionovo-Nesvetayskiy rayon"
      }
    },
    {
      "type": "Feature",
      "geometry": {
        "type": "Polygon",
        "coordinates": [
          [
            [
              39.3983,
              47.67629
            ],
            [
              39.3983,
              47.69129
            ],
            [
              39.3833,
              47.69129
            ],
            [
              39.3833,
              47.67629
            ],
            [
              39.3983,
              47.67629
            ]
          ]
        ]
      },
      "properties": {
        "frp": 5.89,
        "acq_date": "2026-09-28",
        "acq_time": "956",
        "satellite": "N20",
        "brightness": null,
        "NAME_1": "Rostov",
        "locality": "Rodionovo-Nesvetayskiy rayon"
      }
    },
    {
      "type": "Feature",
      "geometry": {
        "type": "Polygon",
        "coordinates": [
          [
            [
              39.4042,
              47.67747
            ],
            [
              39.4042,
              47.69247
            ],
            [
              39.3892,
              47.69247
            ],
            [
              39.3892,
              47.67747
            ],
            [
              39.4042,
              47.67747
            ]
          ]
        ]
      },
      "properties": {
        "frp": 5.89,
        "acq_date": "2026-09-28",
        "acq_time": "956",
        "satellite": "N20",
        "brightness": null,
        "NAME_1": "Rostov",
        "locality": "Rodionovo-Nesvetayskiy rayon"
      }
    },
    {
      "type": "Feature",
      "geometry": {
        "type": "Polygon",
        "coordinates": [
          [
            [
              39.39933,
              47.67873
            ],
            [
              39.39933,
              47.69373
            ],
            [
              39.38433,
              47.69373
            ],
            [
              39.38433,
              47.67873
            ],
            [
              39.39933,
              47.67873
            ]
          ]
        ]
      },
      "properties": {
        "frp": 9.09,
        "acq_date": "2026-09-28",
        "acq_time": "956",
        "satellite": "N20",
        "brightness": null,
        "NAME_1": "Rostov",
        "locality": "Rodionovo-Nesvetayskiy rayon"
      }
    },
    {
      "type": "Feature",
      "geometry": {
        "type": "Polygon",
        "coordinates": [
          [
            [
              35.60748,
              47.69191
            ],
            [
              35.60748,
              47.70691
            ],
            [
              35.59248,
              47.70691
            ],
            [
              35.59248,
              47.69191
            ],
            [
              35.60748,
              47.69191
            ]
          ]
        ]
      },
      "properties": {
        "frp": 20.5,
        "acq_date": "2026-09-28",
        "acq_time": "956",
        "satellite": "N20",
        "brightness": null,
        "NAME_1": "Zaporizhia",
        "locality": "Orikhivs'kyi"
      }
    },
    {
      "type": "Feature",
      "geometry": {
        "type": "Polygon",
        "coordinates": [
          [
            [
              38.55972,
              47.72169
            ],
            [
              38.55972,
              47.73669
            ],
            [
              38.54472,
              47.73669
            ],
            [
              38.54472,
              47.72169
            ],
            [
              38.55972,
              47.72169
            ]
          ]
        ]
      },
      "properties": {
        "frp": 3.94,
        "acq_date": "2026-09-28",
        "acq_time": "956",
        "satellite": "N20",
        "brightness": null,
        "NAME_1": "Donets'k",
        "locality": "Amvrosi\u2039vs'kyi"
      }
    },
    {
      "type": "Feature",
      "geometry": {
        "type": "Polygon",
        "coordinates": [
          [
            [
              36.09952,
              47.84169
            ],
            [
              36.09952,
              47.85669
            ],
            [
              36.08452,
              47.85669
            ],
            [
              36.08452,
              47.84169
            ],
            [
              36.09952,
              47.84169
            ]
          ]
        ]
      },
      "properties": {
        "frp": 6.11,
        "acq_date": "2026-09-28",
        "acq_time": "956",
        "satellite": "N20",
        "brightness": null,
        "NAME_1": "Dnipropetrovs'k",
        "locality": "Pokrovs'kyi"
      }
    },
    {
      "type": "Feature",
      "geometry": {
        "type": "Polygon",
        "coordinates": [
          [
            [
              36.45044,
              48.00447
            ],
            [
              36.45044,
              48.01947
            ],
            [
              36.43544,
              48.01947
            ],
            [
              36.43544,
              48.00447
            ],
            [
              36.45044,
              48.00447
            ]
          ]
        ]
      },
      "properties": {
        "frp": 7.44,
        "acq_date": "2026-09-28",
        "acq_time": "956",
        "satellite": "N20",
        "brightness": null,
        "NAME_1": "Dnipropetrovs'k",
        "locality": "Pokrovs'kyi"
      }
    },
    {
      "type": "Feature",
      "geometry": {
        "type": "Polygon",
        "coordinates": [
          [
            [
              40.51312,
              48.06309
            ],
            [
              40.51312,
              48.07809
            ],
            [
              40.49812,
              48.07809
            ],
            [
              40.49812,
              48.06309
            ],
            [
              40.51312,
              48.06309
            ]
          ]
        ]
      },
      "properties": {
        "frp": 5.88,
        "acq_date": "2026-09-28",
        "acq_time": "956",
        "satellite": "N20",
        "brightness": null,
        "NAME_1": "Rostov",
        "locality": "Krasnosulinskiy rayon"
      }
    },
    {
      "type": "Feature",
      "geometry": {
        "type": "Polygon",
        "coordinates": [
          [
            [
              39.05941,
              48.09301
            ],
            [
              39.05941,
              48.10801
            ],
            [
              39.04441,
              48.10801
            ],
            [
              39.04441,
              48.09301
            ],
            [
              39.05941,
              48.09301
            ]
          ]
        ]
      },
      "properties": {
        "frp": 3.29,
        "acq_date": "2026-09-28",
        "acq_time": "956",
        "satellite": "N20",
        "brightness": null,
        "NAME_1": "Luhans'k",
        "locality": "Antratsitivs'ka"
      }
    },
    {
      "type": "Feature",
      "geometry": {
        "type": "Polygon",
        "coordinates": [
          [
            [
              39.05787,
              48.09651
            ],
            [
              39.05787,
              48.11151
            ],
            [
              39.04287,
              48.11151
            ],
            [
              39.04287,
              48.09651
            ],
            [
              39.05787,
              48.09651
            ]
          ]
        ]
      },
      "properties": {
        "frp": 3.29,
        "acq_date": "2026-09-28",
        "acq_time": "956",
        "satellite": "N20",
        "brightness": null,
        "NAME_1": "Luhans'k",
        "locality": "Antratsitivs'ka"
      }
    },
    {
      "type": "Feature",
      "geometry": {
        "type": "Polygon",
        "coordinates": [
          [
            [
              36.421,
              50.16328
            ],
            [
              36.421,
              50.17828
            ],
            [
              36.406,
              50.17828
            ],
            [
              36.406,
              50.16328
            ],
            [
              36.421,
              50.16328
            ]
          ]
        ]
      },
      "properties": {
        "frp": 3.31,
        "acq_date": "2026-09-28",
        "acq_time": "956",
        "satellite": "N20",
        "brightness": null,
        "NAME_1": "Kharkiv",
        "locality": "Kharkivs'kyi"
      }
    },
    {
      "type": "Feature",
      "geometry": {
        "type": "Polygon",
        "coordinates": [
          [
            [
              37.044,
              50.17976
            ],
            [
              37.044,
              50.19476
            ],
            [
              37.028999999999996,
              50.19476
            ],
            [
              37.028999999999996,
              50.17976
            ],
            [
              37.044,
              50.17976
            ]
          ]
        ]
      },
      "properties": {
        "frp": 71.51,
        "acq_date": "2026-09-28",
        "acq_time": "956",
        "satellite": "N20",
        "brightness": null,
        "NAME_1": "Kharkiv",
        "locality": "Vovchans'kyi"
      }
    },
    {
      "type": "Feature",
      "geometry": {
        "type": "Polygon",
        "coordinates": [
          [
            [
              37.0507,
              50.18118
            ],
            [
              37.0507,
              50.19618
            ],
            [
              37.0357,
              50.19618
            ],
            [
              37.0357,
              50.18118
            ],
            [
              37.0507,
              50.18118
            ]
          ]
        ]
      },
      "properties": {
        "frp": 19.08,
        "acq_date": "2026-09-28",
        "acq_time": "956",
        "satellite": "N20",
        "brightness": null,
        "NAME_1": "Kharkiv",
        "locality": "Vovchans'kyi"
      }
    },
    {
      "type": "Feature",
      "geometry": {
        "type": "Polygon",
        "coordinates": [
          [
            [
              37.9371,
              51.12981
            ],
            [
              37.9371,
              51.14481
            ],
            [
              37.9221,
              51.14481
            ],
            [
              37.9221,
              51.12981
            ],
            [
              37.9371,
              51.12981
            ]
          ]
        ]
      },
      "properties": {
        "frp": 3.11,
        "acq_date": "2026-09-28",
        "acq_time": "956",
        "satellite": "N20",
        "brightness": null,
        "NAME_1": "Belgorod",
        "locality": "Starooskol'skiy rayon"
      }
    },
    {
      "type": "Feature",
      "geometry": {
        "type": "Polygon",
        "coordinates": [
          [
            [
              37.93538,
              51.13324
            ],
            [
              37.93538,
              51.14824
            ],
            [
              37.92038,
              51.14824
            ],
            [
              37.92038,
              51.13324
            ],
            [
              37.93538,
              51.13324
            ]
          ]
        ]
      },
      "properties": {
        "frp": 3.11,
        "acq_date": "2026-09-28",
        "acq_time": "956",
        "satellite": "N20",
        "brightness": null,
        "NAME_1": "Belgorod",
        "locality": "Starooskol'skiy rayon"
      }
    },
    {
      "type": "Feature",
      "geometry": {
        "type": "Polygon",
        "coordinates": [
          [
            [
              35.03996,
              51.16637
            ],
            [
              35.03996,
              51.18137
            ],
            [
              35.02496,
              51.18137
            ],
            [
              35.02496,
              51.16637
            ],
            [
              35.03996,
              51.16637
            ]
          ]
        ]
      },
      "properties": {
        "frp": 18.98,
        "acq_date": "2026-09-28",
        "acq_time": "956",
        "satellite": "N20",
        "brightness": null,
        "NAME_1": "Sumy",
        "locality": "Sums'kyi"
      }
    },
    {
      "type": "Feature",
      "geometry": {
        "type": "Polygon",
        "coordinates": [
          [
            [
              34.32346,
              51.1885
            ],
            [
              34.32346,
              51.2035
            ],
            [
              34.30846,
              51.2035
            ],
            [
              34.30846,
              51.1885
            ],
            [
              34.32346,
              51.1885
            ]
          ]
        ]
      },
      "properties": {
        "frp": 3.01,
        "acq_date": "2026-09-28",
        "acq_time": "956",
        "satellite": "N20",
        "brightness": null,
        "NAME_1": "Sumy",
        "locality": "Bilopils'kyi"
      }
    },
    {
      "type": "Feature",
      "geometry": {
        "type": "Polygon",
        "coordinates": [
          [
            [
              34.32125,
              51.19232
            ],
            [
              34.32125,
              51.20732
            ],
            [
              34.30625,
              51.20732
            ],
            [
              34.30625,
              51.19232
            ],
            [
              34.32125,
              51.19232
            ]
          ]
        ]
      },
      "properties": {
        "frp": 4.65,
        "acq_date": "2026-09-28",
        "acq_time": "956",
        "satellite": "N20",
        "brightness": null,
        "NAME_1": "Sumy",
        "locality": "Bilopils'kyi"
      }
    },
    {
      "type": "Feature",
      "geometry": {
        "type": "Polygon",
        "coordinates": [
          [
            [
              34.36767,
              51.21601
            ],
            [
              34.36767,
              51.23101
            ],
            [
              34.352669999999996,
              51.23101
            ],
            [
              34.352669999999996,
              51.21601
            ],
            [
              34.36767,
              51.21601
            ]
          ]
        ]
      },
      "properties": {
        "frp": 5.48,
        "acq_date": "2026-09-28",
        "acq_time": "956",
        "satellite": "N20",
        "brightness": null,
        "NAME_1": "Sumy",
        "locality": "Bilopils'kyi"
      }
    },
    {
      "type": "Feature",
      "geometry": {
        "type": "Polygon",
        "coordinates": [
          [
            [
              34.36503,
              51.21677
            ],
            [
              34.36503,
              51.23177
            ],
            [
              34.35003,
              51.23177
            ],
            [
              34.35003,
              51.21677
            ],
            [
              34.36503,
              51.21677
            ]
          ]
        ]
      },
      "properties": {
        "frp": 4.65,
        "acq_date": "2026-09-28",
        "acq_time": "956",
        "satellite": "N20",
        "brightness": null,
        "NAME_1": "Sumy",
        "locality": "Bilopils'kyi"
      }
    },
    {
      "type": "Feature",
      "geometry": {
        "type": "Polygon",
        "coordinates": [
          [
            [
              37.25867,
              51.41566
            ],
            [
              37.25867,
              51.43066
            ],
            [
              37.24367,
              51.43066
            ],
            [
              37.24367,
              51.41566
            ],
            [
              37.25867,
              51.41566
            ]
          ]
        ]
      },
      "properties": {
        "frp": 2.32,
        "acq_date": "2026-09-28",
        "acq_time": "956",
        "satellite": "N20",
        "brightness": null,
        "NAME_1": "Kursk",
        "locality": "Manturovskiy rayon"
      }
    },
    {
      "type": "Feature",
      "geometry": {
        "type": "Polygon",
        "coordinates": [
          [
            [
              28.85865,
              50.79835
            ],
            [
              28.85865,
              50.81335
            ],
            [
              28.84365,
              50.81335
            ],
            [
              28.84365,
              50.79835
            ],
            [
              28.85865,
              50.79835
            ]
          ]
        ]
      },
      "properties": {
        "frp": 2.25,
        "acq_date": "2026-09-28",
        "acq_time": "958",
        "satellite": "N20",
        "brightness": null,
        "NAME_1": "Zhytomyr",
        "locality": "Korostens'kyi"
      }
    },
    {
      "type": "Feature",
      "geometry": {
        "type": "Polygon",
        "coordinates": [
          [
            [
              27.72645,
              51.28255
            ],
            [
              27.72645,
              51.29755
            ],
            [
              27.71145,
              51.29755
            ],
            [
              27.71145,
              51.28255
            ],
            [
              27.72645,
              51.28255
            ]
          ]
        ]
      },
      "properties": {
        "frp": 3.41,
        "acq_date": "2026-09-28",
        "acq_time": "958",
        "satellite": "N20",
        "brightness": null,
        "NAME_1": "Zhytomyr",
        "locality": "Olevs'kyi"
      }
    },
    {
      "type": "Feature",
      "geometry": {
        "type": "Polygon",
        "coordinates": [
          [
            [
              29.35124,
              51.88518
            ],
            [
              29.35124,
              51.90018
            ],
            [
              29.33624,
              51.90018
            ],
            [
              29.33624,
              51.88518
            ],
            [
              29.35124,
              51.88518
            ]
          ]
        ]
      },
      "properties": {
        "frp": 7.63,
        "acq_date": "2026-09-28",
        "acq_time": "958",
        "satellite": "N20",
        "brightness": null,
        "NAME_1": "Gomel",
        "locality": "Mazyr"
      }
    },
    {
      "type": "Feature",
      "geometry": {
        "type": "Polygon",
        "coordinates": [
          [
            [
              29.35279,
              51.88578
            ],
            [
              29.35279,
              51.90078
            ],
            [
              29.33779,
              51.90078
            ],
            [
              29.33779,
              51.88578
            ],
            [
              29.35279,
              51.88578
            ]
          ]
        ]
      },
      "properties": {
        "frp": 12.31,
        "acq_date": "2026-09-28",
        "acq_time": "958",
        "satellite": "N20",
        "brightness": null,
        "NAME_1": "Gomel",
        "locality": "Mazyr"
      }
    },
    {
      "type": "Feature",
      "geometry": {
        "type": "Polygon",
        "coordinates": [
          [
            [
              34.05379,
              52.18096
            ],
            [
              34.05379,
              52.19596
            ],
            [
              34.03879,
              52.19596
            ],
            [
              34.03879,
              52.18096
            ],
            [
              34.05379,
              52.18096
            ]
          ]
        ]
      },
      "properties": {
        "frp": 2.92,
        "acq_date": "2026-09-28",
        "acq_time": "958",
        "satellite": "N20",
        "brightness": null,
        "NAME_1": "Sumy",
        "locality": "Seredyno-Buds'kyi"
      }
    },
    {
      "type": "Feature",
      "geometry": {
        "type": "Polygon",
        "coordinates": [
          [
            [
              24.88313,
              52.25674
            ],
            [
              24.88313,
              52.27174
            ],
            [
              24.86813,
              52.27174
            ],
            [
              24.86813,
              52.25674
            ],
            [
              24.88313,
              52.25674
            ]
          ]
        ]
      },
      "properties": {
        "frp": 3.19,
        "acq_date": "2026-09-28",
        "acq_time": "958",
        "satellite": "N20",
        "brightness": null,
        "NAME_1": "Brest",
        "locality": "Drahichyn"
      }
    },
    {
      "type": "Feature",
      "geometry": {
        "type": "Polygon",
        "coordinates": [
          [
            [
              25.17524,
              52.97169
            ],
            [
              25.17524,
              52.98669
            ],
            [
              25.160239999999998,
              52.98669
            ],
            [
              25.160239999999998,
              52.97169
            ],
            [
              25.17524,
              52.97169
            ]
          ]
        ]
      },
      "properties": {
        "frp": 1.56,
        "acq_date": "2026-09-28",
        "acq_time": "958",
        "satellite": "N20",
        "brightness": null,
        "NAME_1": "Grodno",
        "locality": "Slonim"
      }
    },
    {
      "type": "Feature",
      "geometry": {
        "type": "Polygon",
        "coordinates": [
          [
            [
              24.2191,
              43.99467
            ],
            [
              24.2191,
              44.00967
            ],
            [
              24.2041,
              44.00967
            ],
            [
              24.2041,
              43.99467
            ],
            [
              24.2191,
              43.99467
            ]
          ]
        ]
      },
      "properties": {
        "frp": 5.88,
        "acq_date": "2026-09-28",
        "acq_time": "1136",
        "satellite": "N20",
        "brightness": null,
        "NAME_1": "",
        "locality": ""
      }
    },
    {
      "type": "Feature",
      "geometry": {
        "type": "Polygon",
        "coordinates": [
          [
            [
              24.53312,
              44.07193
            ],
            [
              24.53312,
              44.08693
            ],
            [
              24.51812,
              44.08693
            ],
            [
              24.51812,
              44.07193
            ],
            [
              24.53312,
              44.07193
            ]
          ]
        ]
      },
      "properties": {
        "frp": 3.58,
        "acq_date": "2026-09-28",
        "acq_time": "1136",
        "satellite": "N20",
        "brightness": null,
        "NAME_1": "",
        "locality": ""
      }
    },
    {
      "type": "Feature",
      "geometry": {
        "type": "Polygon",
        "coordinates": [
          [
            [
              23.27774,
              44.07439
            ],
            [
              23.27774,
              44.08939
            ],
            [
              23.26274,
              44.08939
            ],
            [
              23.26274,
              44.07439
            ],
            [
              23.27774,
              44.07439
            ]
          ]
        ]
      },
      "properties": {
        "frp": 2.2,
        "acq_date": "2026-09-28",
        "acq_time": "1136",
        "satellite": "N20",
        "brightness": null,
        "NAME_1": "",
        "locality": ""
      }
    },
    {
      "type": "Feature",
      "geometry": {
        "type": "Polygon",
        "coordinates": [
          [
            [
              23.25546,
              44.12118
            ],
            [
              23.25546,
              44.13618
            ],
            [
              23.24046,
              44.13618
            ],
            [
              23.24046,
              44.12118
            ],
            [
              23.25546,
              44.12118
            ]
          ]
        ]
      },
      "properties": {
        "frp": 4.23,
        "acq_date": "2026-09-28",
        "acq_time": "1136",
        "satellite": "N20",
        "brightness": null,
        "NAME_1": "",
        "locality": ""
      }
    },
    {
      "type": "Feature",
      "geometry": {
        "type": "Polygon",
        "coordinates": [
          [
            [
              23.25462,
              44.12462
            ],
            [
              23.25462,
              44.13962
            ],
            [
              23.23962,
              44.13962
            ],
            [
              23.23962,
              44.12462
            ],
            [
              23.25462,
              44.12462
            ]
          ]
        ]
      },
      "properties": {
        "frp": 3.29,
        "acq_date": "2026-09-28",
        "acq_time": "1136",
        "satellite": "N20",
        "brightness": null,
        "NAME_1": "",
        "locality": ""
      }
    },
    {
      "type": "Feature",
      "geometry": {
        "type": "Polygon",
        "coordinates": [
          [
            [
              24.04239,
              44.12865
            ],
            [
              24.04239,
              44.14365
            ],
            [
              24.02739,
              44.14365
            ],
            [
              24.02739,
              44.12865
            ],
            [
              24.04239,
              44.12865
            ]
          ]
        ]
      },
      "properties": {
        "frp": 3.51,
        "acq_date": "2026-09-28",
        "acq_time": "1136",
        "satellite": "N20",
        "brightness": null,
        "NAME_1": "",
        "locality": ""
      }
    },
    {
      "type": "Feature",
      "geometry": {
        "type": "Polygon",
        "coordinates": [
          [
            [
              24.04158,
              44.13218
            ],
            [
              24.04158,
              44.14718
            ],
            [
              24.02658,
              44.14718
            ],
            [
              24.02658,
              44.13218
            ],
            [
              24.04158,
              44.13218
            ]
          ]
        ]
      },
      "properties": {
        "frp": 3.51,
        "acq_date": "2026-09-28",
        "acq_time": "1136",
        "satellite": "N20",
        "brightness": null,
        "NAME_1": "",
        "locality": ""
      }
    },
    {
      "type": "Feature",
      "geometry": {
        "type": "Polygon",
        "coordinates": [
          [
            [
              23.00353,
              44.15132
            ],
            [
              23.00353,
              44.16632
            ],
            [
              22.98853,
              44.16632
            ],
            [
              22.98853,
              44.15132
            ],
            [
              23.00353,
              44.15132
            ]
          ]
        ]
      },
      "properties": {
        "frp": 4.22,
        "acq_date": "2026-09-28",
        "acq_time": "1136",
        "satellite": "N20",
        "brightness": null,
        "NAME_1": "",
        "locality": ""
      }
    },
    {
      "type": "Feature",
      "geometry": {
        "type": "Polygon",
        "coordinates": [
          [
            [
              22.63003,
              44.37221
            ],
            [
              22.63003,
              44.38721
            ],
            [
              22.61503,
              44.38721
            ],
            [
              22.61503,
              44.37221
            ],
            [
              22.63003,
              44.37221
            ]
          ]
        ]
      },
      "properties": {
        "frp": 2.34,
        "acq_date": "2026-09-28",
        "acq_time": "1136",
        "satellite": "N20",
        "brightness": null,
        "NAME_1": "",
        "locality": ""
      }
    },
    {
      "type": "Feature",
      "geometry": {
        "type": "Polygon",
        "coordinates": [
          [
            [
              22.63514,
              44.37289
            ],
            [
              22.63514,
              44.38789
            ],
            [
              22.62014,
              44.38789
            ],
            [
              22.62014,
              44.37289
            ],
            [
              22.63514,
              44.37289
            ]
          ]
        ]
      },
      "properties": {
        "frp": 4.39,
        "acq_date": "2026-09-28",
        "acq_time": "1136",
        "satellite": "N20",
        "brightness": null,
        "NAME_1": "",
        "locality": ""
      }
    },
    {
      "type": "Feature",
      "geometry": {
        "type": "Polygon",
        "coordinates": [
          [
            [
              22.62406,
              44.37492
            ],
            [
              22.62406,
              44.389920000000004
            ],
            [
              22.60906,
              44.389920000000004
            ],
            [
              22.60906,
              44.37492
            ],
            [
              22.62406,
              44.37492
            ]
          ]
        ]
      },
      "properties": {
        "frp": 4.89,
        "acq_date": "2026-09-28",
        "acq_time": "1136",
        "satellite": "N20",
        "brightness": null,
        "NAME_1": "",
        "locality": ""
      }
    },
    {
      "type": "Feature",
      "geometry": {
        "type": "Polygon",
        "coordinates": [
          [
            [
              22.629170000000002,
              44.3756
            ],
            [
              22.629170000000002,
              44.3906
            ],
            [
              22.61417,
              44.3906
            ],
            [
              22.61417,
              44.3756
            ],
            [
              22.629170000000002,
              44.3756
            ]
          ]
        ]
      },
      "properties": {
        "frp": 4.89,
        "acq_date": "2026-09-28",
        "acq_time": "1136",
        "satellite": "N20",
        "brightness": null,
        "NAME_1": "",
        "locality": ""
      }
    },
    {
      "type": "Feature",
      "geometry": {
        "type": "Polygon",
        "coordinates": [
          [
            [
              22.63938,
              44.37695
            ],
            [
              22.63938,
              44.39195
            ],
            [
              22.62438,
              44.39195
            ],
            [
              22.62438,
              44.37695
            ],
            [
              22.63938,
              44.37695
            ]
          ]
        ]
      },
      "properties": {
        "frp": 4.7,
        "acq_date": "2026-09-28",
        "acq_time": "1136",
        "satellite": "N20",
        "brightness": null,
        "NAME_1": "",
        "locality": ""
      }
    },
    {
      "type": "Feature",
      "geometry": {
        "type": "Polygon",
        "coordinates": [
          [
            [
              22.6283,
              44.37898
            ],
            [
              22.6283,
              44.39398
            ],
            [
              22.6133,
              44.39398
            ],
            [
              22.6133,
              44.37898
            ],
            [
              22.6283,
              44.37898
            ]
          ]
        ]
      },
      "properties": {
        "frp": 4.89,
        "acq_date": "2026-09-28",
        "acq_time": "1136",
        "satellite": "N20",
        "brightness": null,
        "NAME_1": "",
        "locality": ""
      }
    },
    {
      "type": "Feature",
      "geometry": {
        "type": "Polygon",
        "coordinates": [
          [
            [
              22.741,
              44.39384
            ],
            [
              22.741,
              44.40884
            ],
            [
              22.726,
              44.40884
            ],
            [
              22.726,
              44.39384
            ],
            [
              22.741,
              44.39384
            ]
          ]
        ]
      },
      "properties": {
        "frp": 3.95,
        "acq_date": "2026-09-28",
        "acq_time": "1136",
        "satellite": "N20",
        "brightness": null,
        "NAME_1": "",
        "locality": ""
      }
    },
    {
      "type": "Feature",
      "geometry": {
        "type": "Polygon",
        "coordinates": [
          [
            [
              25.32075,
              44.39568
            ],
            [
              25.32075,
              44.41068
            ],
            [
              25.30575,
              44.41068
            ],
            [
              25.30575,
              44.39568
            ],
            [
              25.32075,
              44.39568
            ]
          ]
        ]
      },
      "properties": {
        "frp": 16.53,
        "acq_date": "2026-09-28",
        "acq_time": "1136",
        "satellite": "N20",
        "brightness": null,
        "NAME_1": "",
        "locality": ""
      }
    },
    {
      "type": "Feature",
      "geometry": {
        "type": "Polygon",
        "coordinates": [
          [
            [
              25.31889,
              44.39647
            ],
            [
              25.31889,
              44.41147
            ],
            [
              25.30389,
              44.41147
            ],
            [
              25.30389,
              44.39647
            ],
            [
              25.31889,
              44.39647
            ]
          ]
        ]
      },
      "properties": {
        "frp": 21.04,
        "acq_date": "2026-09-28",
        "acq_time": "1136",
        "satellite": "N20",
        "brightness": null,
        "NAME_1": "",
        "locality": ""
      }
    },
    {
      "type": "Feature",
      "geometry": {
        "type": "Polygon",
        "coordinates": [
          [
            [
              25.31998,
              44.39939
            ],
            [
              25.31998,
              44.41439
            ],
            [
              25.30498,
              44.41439
            ],
            [
              25.30498,
              44.39939
            ],
            [
              25.31998,
              44.39939
            ]
          ]
        ]
      },
      "properties": {
        "frp": 7.29,
        "acq_date": "2026-09-28",
        "acq_time": "1136",
        "satellite": "N20",
        "brightness": null,
        "NAME_1": "",
        "locality": ""
      }
    },
    {
      "type": "Feature",
      "geometry": {
        "type": "Polygon",
        "coordinates": [
          [
            [
              22.7279,
              44.43404
            ],
            [
              22.7279,
              44.449040000000004
            ],
            [
              22.7129,
              44.449040000000004
            ],
            [
              22.7129,
              44.43404
            ],
            [
              22.7279,
              44.43404
            ]
          ]
        ]
      },
      "properties": {
        "frp": 1.44,
        "acq_date": "2026-09-28",
        "acq_time": "1136",
        "satellite": "N20",
        "brightness": null,
        "NAME_1": "",
        "locality": ""
      }
    },
    {
      "type": "Feature",
      "geometry": {
        "type": "Polygon",
        "coordinates": [
          [
            [
              22.72704,
              44.43743
            ],
            [
              22.72704,
              44.45243
            ],
            [
              22.71204,
              44.45243
            ],
            [
              22.71204,
              44.43743
            ],
            [
              22.72704,
              44.43743
            ]
          ]
        ]
      },
      "properties": {
        "frp": 1.44,
        "acq_date": "2026-09-28",
        "acq_time": "1136",
        "satellite": "N20",
        "brightness": null,
        "NAME_1": "",
        "locality": ""
      }
    },
    {
      "type": "Feature",
      "geometry": {
        "type": "Polygon",
        "coordinates": [
          [
            [
              22.78973,
              44.4631
            ],
            [
              22.78973,
              44.4781
            ],
            [
              22.774729999999998,
              44.4781
            ],
            [
              22.774729999999998,
              44.4631
            ],
            [
              22.78973,
              44.4631
            ]
          ]
        ]
      },
      "properties": {
        "frp": 3.46,
        "acq_date": "2026-09-28",
        "acq_time": "1136",
        "satellite": "N20",
        "brightness": null,
        "NAME_1": "",
        "locality": ""
      }
    },
    {
      "type": "Feature",
      "geometry": {
        "type": "Polygon",
        "coordinates": [
          [
            [
              22.78886,
              44.46651
            ],
            [
              22.78886,
              44.48151
            ],
            [
              22.77386,
              44.48151
            ],
            [
              22.77386,
              44.46651
            ],
            [
              22.78886,
              44.46651
            ]
          ]
        ]
      },
      "properties": {
        "frp": 3.46,
        "acq_date": "2026-09-28",
        "acq_time": "1136",
        "satellite": "N20",
        "brightness": null,
        "NAME_1": "",
        "locality": ""
      }
    },
    {
      "type": "Feature",
      "geometry": {
        "type": "Polygon",
        "coordinates": [
          [
            [
              23.11821,
              44.67366
            ],
            [
              23.11821,
              44.68866
            ],
            [
              23.10321,
              44.68866
            ],
            [
              23.10321,
              44.67366
            ],
            [
              23.11821,
              44.67366
            ]
          ]
        ]
      },
      "properties": {
        "frp": 3.75,
        "acq_date": "2026-09-28",
        "acq_time": "1136",
        "satellite": "N20",
        "brightness": null,
        "NAME_1": "",
        "locality": ""
      }
    },
    {
      "type": "Feature",
      "geometry": {
        "type": "Polygon",
        "coordinates": [
          [
            [
              23.104300000000002,
              44.67741
            ],
            [
              23.104300000000002,
              44.69241
            ],
            [
              23.0893,
              44.69241
            ],
            [
              23.0893,
              44.67741
            ],
            [
              23.104300000000002,
              44.67741
            ]
          ]
        ]
      },
      "properties": {
        "frp": 4.51,
        "acq_date": "2026-09-28",
        "acq_time": "1136",
        "satellite": "N20",
        "brightness": null,
        "NAME_1": "",
        "locality": ""
      }
    },
    {
      "type": "Feature",
      "geometry": {
        "type": "Polygon",
        "coordinates": [
          [
            [
              22.38016,
              44.74532
            ],
            [
              22.38016,
              44.76032
            ],
            [
              22.36516,
              44.76032
            ],
            [
              22.36516,
              44.74532
            ],
            [
              22.38016,
              44.74532
            ]
          ]
        ]
      },
      "properties": {
        "frp": 3.07,
        "acq_date": "2026-09-28",
        "acq_time": "1136",
        "satellite": "N20",
        "brightness": null,
        "NAME_1": "",
        "locality": ""
      }
    },
    {
      "type": "Feature",
      "geometry": {
        "type": "Polygon",
        "coordinates": [
          [
            [
              22.43835,
              44.8756
            ],
            [
              22.43835,
              44.8906
            ],
            [
              22.42335,
              44.8906
            ],
            [
              22.42335,
              44.8756
            ],
            [
              22.43835,
              44.8756
            ]
          ]
        ]
      },
      "properties": {
        "frp": 7.25,
        "acq_date": "2026-09-28",
        "acq_time": "1136",
        "satellite": "N20",
        "brightness": null,
        "NAME_1": "",
        "locality": ""
      }
    },
    {
      "type": "Feature",
      "geometry": {
        "type": "Polygon",
        "coordinates": [
          [
            [
              35.2496,
              47.30252
            ],
            [
              35.2496,
              47.31752
            ],
            [
              35.2346,
              47.31752
            ],
            [
              35.2346,
              47.30252
            ],
            [
              35.2496,
              47.30252
            ]
          ]
        ]
      },
      "properties": {
        "frp": 6.53,
        "acq_date": "2026-09-28",
        "acq_time": "1136",
        "satellite": "N20",
        "brightness": null,
        "NAME_1": "Zaporizhia",
        "locality": "Mykhailivs'kyi"
      }
    },
    {
      "type": "Feature",
      "geometry": {
        "type": "Polygon",
        "coordinates": [
          [
            [
              35.25137,
              47.30336
            ],
            [
              35.25137,
              47.31836
            ],
            [
              35.23637,
              47.31836
            ],
            [
              35.23637,
              47.30336
            ],
            [
              35.25137,
              47.30336
            ]
          ]
        ]
      },
      "properties": {
        "frp": 6.73,
        "acq_date": "2026-09-28",
        "acq_time": "1136",
        "satellite": "N20",
        "brightness": null,
        "NAME_1": "Zaporizhia",
        "locality": "Mykhailivs'kyi"
      }
    },
    {
      "type": "Feature",
      "geometry": {
        "type": "Polygon",
        "coordinates": [
          [
            [
              37.58822,
              47.49986
            ],
            [
              37.58822,
              47.51486
            ],
            [
              37.57322,
              47.51486
            ],
            [
              37.57322,
              47.49986
            ],
            [
              37.58822,
              47.49986
            ]
          ]
        ]
      },
      "properties": {
        "frp": 3.95,
        "acq_date": "2026-09-28",
        "acq_time": "1136",
        "satellite": "N20",
        "brightness": null,
        "NAME_1": "Donets'k",
        "locality": "Volnovas'kyi"
      }
    },
    {
      "type": "Feature",
      "geometry": {
        "type": "Polygon",
        "coordinates": [
          [
            [
              38.08077,
              47.83791
            ],
            [
              38.08077,
              47.85291
            ],
            [
              38.06577,
              47.85291
            ],
            [
              38.06577,
              47.83791
            ],
            [
              38.08077,
              47.83791
            ]
          ]
        ]
      },
      "properties": {
        "frp": 11.51,
        "acq_date": "2026-09-28",
        "acq_time": "1136",
        "satellite": "N20",
        "brightness": null,
        "NAME_1": "Donets'k",
        "locality": "Donets'ka"
      }
    },
    {
      "type": "Feature",
      "geometry": {
        "type": "Polygon",
        "coordinates": [
          [
            [
              38.07147,
              47.83805
            ],
            [
              38.07147,
              47.85305
            ],
            [
              38.05647,
              47.85305
            ],
            [
              38.05647,
              47.83805
            ],
            [
              38.07147,
              47.83805
            ]
          ]
        ]
      },
      "properties": {
        "frp": 16.4,
        "acq_date": "2026-09-28",
        "acq_time": "1136",
        "satellite": "N20",
        "brightness": null,
        "NAME_1": "Donets'k",
        "locality": "Donets'ka"
      }
    },
    {
      "type": "Feature",
      "geometry": {
        "type": "Polygon",
        "coordinates": [
          [
            [
              38.07768,
              47.83893
            ],
            [
              38.07768,
              47.85393
            ],
            [
              38.06268,
              47.85393
            ],
            [
              38.06268,
              47.83893
            ],
            [
              38.07768,
              47.83893
            ]
          ]
        ]
      },
      "properties": {
        "frp": 17.2,
        "acq_date": "2026-09-28",
        "acq_time": "1136",
        "satellite": "N20",
        "brightness": null,
        "NAME_1": "Donets'k",
        "locality": "Donets'ka"
      }
    },
    {
      "type": "Feature",
      "geometry": {
        "type": "Polygon",
        "coordinates": [
          [
            [
              35.27148,
              47.96922
            ],
            [
              35.27148,
              47.98422
            ],
            [
              35.256479999999996,
              47.98422
            ],
            [
              35.256479999999996,
              47.96922
            ],
            [
              35.27148,
              47.96922
            ]
          ]
        ]
      },
      "properties": {
        "frp": 2.71,
        "acq_date": "2026-09-28",
        "acq_time": "1136",
        "satellite": "N20",
        "brightness": null,
        "NAME_1": "Zaporizhia",
        "locality": "Vil'nians'kyi"
      }
    },
    {
      "type": "Feature",
      "geometry": {
        "type": "Polygon",
        "coordinates": [
          [
            [
              22.86457,
              48.15974
            ],
            [
              22.86457,
              48.17474
            ],
            [
              22.84957,
              48.17474
            ],
            [
              22.84957,
              48.15974
            ],
            [
              22.86457,
              48.15974
            ]
          ]
        ]
      },
      "properties": {
        "frp": 2.39,
        "acq_date": "2026-09-28",
        "acq_time": "1138",
        "satellite": "N20",
        "brightness": null,
        "NAME_1": "Zakarpattia",
        "locality": "Vynohradivs'kyi"
      }
    },
    {
      "type": "Feature",
      "geometry": {
        "type": "Polygon",
        "coordinates": [
          [
            [
              26.81159,
              49.11223
            ],
            [
              26.81159,
              49.12723
            ],
            [
              26.79659,
              49.12723
            ],
            [
              26.79659,
              49.11223
            ],
            [
              26.81159,
              49.11223
            ]
          ]
        ]
      },
      "properties": {
        "frp": 4.72,
        "acq_date": "2026-09-28",
        "acq_time": "1138",
        "satellite": "N20",
        "brightness": null,
        "NAME_1": "Khmel'nyts'kyy",
        "locality": "Iarmolynets'kyi"
      }
    },
    {
      "type": "Feature",
      "geometry": {
        "type": "Polygon",
        "coordinates": [
          [
            [
              26.81086,
              49.11645
            ],
            [
              26.81086,
              49.13145
            ],
            [
              26.79586,
              49.13145
            ],
            [
              26.79586,
              49.11645
            ],
            [
              26.81086,
              49.11645
            ]
          ]
        ]
      },
      "properties": {
        "frp": 3.38,
        "acq_date": "2026-09-28",
        "acq_time": "1138",
        "satellite": "N20",
        "brightness": null,
        "NAME_1": "Khmel'nyts'kyy",
        "locality": "Iarmolynets'kyi"
      }
    },
    {
      "type": "Feature",
      "geometry": {
        "type": "Polygon",
        "coordinates": [
          [
            [
              23.70385,
              50.45323
            ],
            [
              23.70385,
              50.46823
            ],
            [
              23.68885,
              50.46823
            ],
            [
              23.68885,
              50.45323
            ],
            [
              23.70385,
              50.45323
            ]
          ]
        ]
      },
      "properties": {
        "frp": 3.52,
        "acq_date": "2026-09-28",
        "acq_time": "1138",
        "satellite": "N20",
        "brightness": null,
        "NAME_1": "",
        "locality": ""
      }
    },
    {
      "type": "Feature",
      "geometry": {
        "type": "Polygon",
        "coordinates": [
          [
            [
              30.86929,
              50.54542
            ],
            [
              30.86929,
              50.56042
            ],
            [
              30.85429,
              50.56042
            ],
            [
              30.85429,
              50.54542
            ],
            [
              30.86929,
              50.54542
            ]
          ]
        ]
      },
      "properties": {
        "frp": 1.59,
        "acq_date": "2026-09-28",
        "acq_time": "1138",
        "satellite": "N20",
        "brightness": null,
        "NAME_1": "Kiev",
        "locality": "Brovars'kyi"
      }
    },
    {
      "type": "Feature",
      "geometry": {
        "type": "Polygon",
        "coordinates": [
          [
            [
              25.33834,
              50.83647
            ],
            [
              25.33834,
              50.85147
            ],
            [
              25.323339999999998,
              50.85147
            ],
            [
              25.323339999999998,
              50.83647
            ],
            [
              25.33834,
              50.83647
            ]
          ]
        ]
      },
      "properties": {
        "frp": 4.6,
        "acq_date": "2026-09-28",
        "acq_time": "1138",
        "satellite": "N20",
        "brightness": null,
        "NAME_1": "Volyn",
        "locality": "Kivertsivs'kyi"
      }
    },
    {
      "type": "Feature",
      "geometry": {
        "type": "Polygon",
        "coordinates": [
          [
            [
              25.34147,
              50.83685
            ],
            [
              25.34147,
              50.85185
            ],
            [
              25.32647,
              50.85185
            ],
            [
              25.32647,
              50.83685
            ],
            [
              25.34147,
              50.83685
            ]
          ]
        ]
      },
      "properties": {
        "frp": 6.57,
        "acq_date": "2026-09-28",
        "acq_time": "1138",
        "satellite": "N20",
        "brightness": null,
        "NAME_1": "Volyn",
        "locality": "Kivertsivs'kyi"
      }
    },
    {
      "type": "Feature",
      "geometry": {
        "type": "Polygon",
        "coordinates": [
          [
            [
              29.3547,
              51.8847
            ],
            [
              29.3547,
              51.8997
            ],
            [
              29.3397,
              51.8997
            ],
            [
              29.3397,
              51.8847
            ],
            [
              29.3547,
              51.8847
            ]
          ]
        ]
      },
      "properties": {
        "frp": 4.11,
        "acq_date": "2026-09-28",
        "acq_time": "1138",
        "satellite": "N20",
        "brightness": null,
        "NAME_1": "Gomel",
        "locality": "Mazyr"
      }
    },
    {
      "type": "Feature",
      "geometry": {
        "type": "Polygon",
        "coordinates": [
          [
            [
              34.05803,
              52.181
            ],
            [
              34.05803,
              52.196
            ],
            [
              34.04303,
              52.196
            ],
            [
              34.04303,
              52.181
            ],
            [
              34.05803,
              52.181
            ]
          ]
        ]
      },
      "properties": {
        "frp": 3.52,
        "acq_date": "2026-09-28",
        "acq_time": "1138",
        "satellite": "N20",
        "brightness": null,
        "NAME_1": "Sumy",
        "locality": "Seredyno-Buds'kyi"
      }
    },
    {
      "type": "Feature",
      "geometry": {
        "type": "Polygon",
        "coordinates": [
          [
            [
              24.2952,
              52.28398
            ],
            [
              24.2952,
              52.29898
            ],
            [
              24.2802,
              52.29898
            ],
            [
              24.2802,
              52.28398
            ],
            [
              24.2952,
              52.28398
            ]
          ]
        ]
      },
      "properties": {
        "frp": 3.59,
        "acq_date": "2026-09-28",
        "acq_time": "1138",
        "satellite": "N20",
        "brightness": null,
        "NAME_1": "Brest",
        "locality": "Kobryn"
      }
    },
    {
      "type": "Feature",
      "geometry": {
        "type": "Polygon",
        "coordinates": [
          [
            [
              37.81649,
              44.72562
            ],
            [
              37.81649,
              44.74062
            ],
            [
              37.80149,
              44.74062
            ],
            [
              37.80149,
              44.72562
            ],
            [
              37.81649,
              44.72562
            ]
          ]
        ]
      },
      "properties": {
        "frp": 1.88,
        "acq_date": "2026-09-25",
        "acq_time": "45",
        "satellite": "N",
        "brightness": null,
        "NAME_1": "Krasnodar",
        "locality": "Gelendzhik gorsovet"
      }
    },
    {
      "type": "Feature",
      "geometry": {
        "type": "Polygon",
        "coordinates": [
          [
            [
              37.68502,
              44.82972
            ],
            [
              37.68502,
              44.84472
            ],
            [
              37.67002,
              44.84472
            ],
            [
              37.67002,
              44.82972
            ],
            [
              37.68502,
              44.82972
            ]
          ]
        ]
      },
      "properties": {
        "frp": 1.55,
        "acq_date": "2026-09-25",
        "acq_time": "45",
        "satellite": "N",
        "brightness": null,
        "NAME_1": "Krasnodar",
        "locality": "Novorossiysk gorsovet"
      }
    },
    {
      "type": "Feature",
      "geometry": {
        "type": "Polygon",
        "coordinates": [
          [
            [
              35.69872,
              47.20981
            ],
            [
              35.69872,
              47.22481
            ],
            [
              35.68372,
              47.22481
            ],
            [
              35.68372,
              47.20981
            ],
            [
              35.69872,
              47.20981
            ]
          ]
        ]
      },
      "properties": {
        "frp": 1.06,
        "acq_date": "2026-09-25",
        "acq_time": "45",
        "satellite": "N",
        "brightness": null,
        "NAME_1": "Zaporizhia",
        "locality": "Tokmats'ka"
      }
    },
    {
      "type": "Feature",
      "geometry": {
        "type": "Polygon",
        "coordinates": [
          [
            [
              35.69757,
              47.21019
            ],
            [
              35.69757,
              47.22519
            ],
            [
              35.68257,
              47.22519
            ],
            [
              35.68257,
              47.21019
            ],
            [
              35.69757,
              47.21019
            ]
          ]
        ]
      },
      "properties": {
        "frp": 1.17,
        "acq_date": "2026-09-25",
        "acq_time": "45",
        "satellite": "N",
        "brightness": null,
        "NAME_1": "Zaporizhia",
        "locality": "Tokmats'ka"
      }
    },
    {
      "type": "Feature",
      "geometry": {
        "type": "Polygon",
        "coordinates": [
          [
            [
              37.96352,
              48.05082
            ],
            [
              37.96352,
              48.06582
            ],
            [
              37.94852,
              48.06582
            ],
            [
              37.94852,
              48.05082
            ],
            [
              37.96352,
              48.05082
            ]
          ]
        ]
      },
      "properties": {
        "frp": 0.68,
        "acq_date": "2026-09-25",
        "acq_time": "45",
        "satellite": "N",
        "brightness": null,
        "NAME_1": "Donets'k",
        "locality": "Maki\u2039vs'ka"
      }
    },
    {
      "type": "Feature",
      "geometry": {
        "type": "Polygon",
        "coordinates": [
          [
            [
              38.03751,
              48.33669
            ],
            [
              38.03751,
              48.35169
            ],
            [
              38.02251,
              48.35169
            ],
            [
              38.02251,
              48.33669
            ],
            [
              38.03751,
              48.33669
            ]
          ]
        ]
      },
      "properties": {
        "frp": 1.46,
        "acq_date": "2026-09-25",
        "acq_time": "45",
        "satellite": "N",
        "brightness": null,
        "NAME_1": "Donets'k",
        "locality": "Horlivs'ka"
      }
    },
    {
      "type": "Feature",
      "geometry": {
        "type": "Polygon",
        "coordinates": [
          [
            [
              38.0378,
              48.341409999999996
            ],
            [
              38.0378,
              48.35641
            ],
            [
              38.0228,
              48.35641
            ],
            [
              38.0228,
              48.341409999999996
            ],
            [
              38.0378,
              48.341409999999996
            ]
          ]
        ]
      },
      "properties": {
        "frp": 1.42,
        "acq_date": "2026-09-25",
        "acq_time": "45",
        "satellite": "N",
        "brightness": null,
        "NAME_1": "Donets'k",
        "locality": "Horlivs'ka"
      }
    },
    {
      "type": "Feature",
      "geometry": {
        "type": "Polygon",
        "coordinates": [
          [
            [
              37.26468,
              48.34789
            ],
            [
              37.26468,
              48.36289
            ],
            [
              37.24968,
              48.36289
            ],
            [
              37.24968,
              48.34789
            ],
            [
              37.26468,
              48.34789
            ]
          ]
        ]
      },
      "properties": {
        "frp": 0.81,
        "acq_date": "2026-09-25",
        "acq_time": "45",
        "satellite": "N",
        "brightness": null,
        "NAME_1": "Donets'k",
        "locality": "Krasnoarmiis'kyi"
      }
    },
    {
      "type": "Feature",
      "geometry": {
        "type": "Polygon",
        "coordinates": [
          [
            [
              26.81453,
              48.4844
            ],
            [
              26.81453,
              48.4994
            ],
            [
              26.79953,
              48.4994
            ],
            [
              26.79953,
              48.4844
            ],
            [
              26.81453,
              48.4844
            ]
          ]
        ]
      },
      "properties": {
        "frp": 1.05,
        "acq_date": "2026-09-25",
        "acq_time": "45",
        "satellite": "N",
        "brightness": null,
        "NAME_1": "Chernivtsi",
        "locality": "Kel'menets'kyi"
      }
    },
    {
      "type": "Feature",
      "geometry": {
        "type": "Polygon",
        "coordinates": [
          [
            [
              34.65438,
              48.52467
            ],
            [
              34.65438,
              48.53967
            ],
            [
              34.63938,
              48.53967
            ],
            [
              34.63938,
              48.52467
            ],
            [
              34.65438,
              48.52467
            ]
          ]
        ]
      },
      "properties": {
        "frp": 1.33,
        "acq_date": "2026-09-25",
        "acq_time": "45",
        "satellite": "N",
        "brightness": null,
        "NAME_1": "Dnipropetrovs'k",
        "locality": "Petrykivs'kyi"
      }
    },
    {
      "type": "Feature",
      "geometry": {
        "type": "Polygon",
        "coordinates": [
          [
            [
              37.05732,
              48.53612
            ],
            [
              37.05732,
              48.55112
            ],
            [
              37.04232,
              48.55112
            ],
            [
              37.04232,
              48.53612
            ],
            [
              37.05732,
              48.53612
            ]
          ]
        ]
      },
      "properties": {
        "frp": 1.16,
        "acq_date": "2026-09-25",
        "acq_time": "45",
        "satellite": "N",
        "brightness": null,
        "NAME_1": "Donets'k",
        "locality": "Dobropil's'kyi"
      }
    },
    {
      "type": "Feature",
      "geometry": {
        "type": "Polygon",
        "coordinates": [
          [
            [
              37.05977,
              48.53853
            ],
            [
              37.05977,
              48.55353
            ],
            [
              37.04477,
              48.55353
            ],
            [
              37.04477,
              48.53853
            ],
            [
              37.05977,
              48.53853
            ]
          ]
        ]
      },
      "properties": {
        "frp": 0.72,
        "acq_date": "2026-09-25",
        "acq_time": "45",
        "satellite": "N",
        "brightness": null,
        "NAME_1": "Donets'k",
        "locality": "Dobropil's'kyi"
      }
    },
    {
      "type": "Feature",
      "geometry": {
        "type": "Polygon",
        "coordinates": [
          [
            [
              39.24381,
              48.55431
            ],
            [
              39.24381,
              48.56931
            ],
            [
              39.22881,
              48.56931
            ],
            [
              39.22881,
              48.55431
            ],
            [
              39.24381,
              48.55431
            ]
          ]
        ]
      },
      "properties": {
        "frp": 1.81,
        "acq_date": "2026-09-25",
        "acq_time": "45",
        "satellite": "N",
        "brightness": null,
        "NAME_1": "Luhans'k",
        "locality": "Luhans'ka"
      }
    },
    {
      "type": "Feature",
      "geometry": {
        "type": "Polygon",
        "coordinates": [
          [
            [
              39.24561,
              48.55471
            ],
            [
              39.24561,
              48.56971
            ],
            [
              39.23061,
              48.56971
            ],
            [
              39.23061,
              48.55471
            ],
            [
              39.24561,
              48.55471
            ]
          ]
        ]
      },
      "properties": {
        "frp": 1.36,
        "acq_date": "2026-09-25",
        "acq_time": "45",
        "satellite": "N",
        "brightness": null,
        "NAME_1": "Luhans'k",
        "locality": "Luhans'ka"
      }
    },
    {
      "type": "Feature",
      "geometry": {
        "type": "Polygon",
        "coordinates": [
          [
            [
              36.93969,
              49.45426
            ],
            [
              36.93969,
              49.46926
            ],
            [
              36.92469,
              49.46926
            ],
            [
              36.92469,
              49.45426
            ],
            [
              36.93969,
              49.45426
            ]
          ]
        ]
      },
      "properties": {
        "frp": 0.42,
        "acq_date": "2026-09-25",
        "acq_time": "45",
        "satellite": "N",
        "brightness": null,
        "NAME_1": "Kharkiv",
        "locality": "Balakliis'kyi"
      }
    },
    {
      "type": "Feature",
      "geometry": {
        "type": "Polygon",
        "coordinates": [
          [
            [
              37.36854,
              50.1553
            ],
            [
              37.36854,
              50.1703
            ],
            [
              37.35354,
              50.1703
            ],
            [
              37.35354,
              50.1553
            ],
            [
              37.36854,
              50.1553
            ]
          ]
        ]
      },
      "properties": {
        "frp": 0.55,
        "acq_date": "2026-09-25",
        "acq_time": "45",
        "satellite": "N",
        "brightness": null,
        "NAME_1": "Kharkiv",
        "locality": "Velykoburluts'kyi"
      }
    },
    {
      "type": "Feature",
      "geometry": {
        "type": "Polygon",
        "coordinates": [
          [
            [
              36.19674,
              50.29232
            ],
            [
              36.19674,
              50.30732
            ],
            [
              36.18174,
              50.30732
            ],
            [
              36.18174,
              50.29232
            ],
            [
              36.19674,
              50.29232
            ]
          ]
        ]
      },
      "properties": {
        "frp": 3.31,
        "acq_date": "2026-09-25",
        "acq_time": "45",
        "satellite": "N",
        "brightness": null,
        "NAME_1": "Kharkiv",
        "locality": "Derhachivs'kyi"
      }
    },
    {
      "type": "Feature",
      "geometry": {
        "type": "Polygon",
        "coordinates": [
          [
            [
              36.20393,
              50.29322
            ],
            [
              36.20393,
              50.30822
            ],
            [
              36.18893,
              50.30822
            ],
            [
              36.18893,
              50.29322
            ],
            [
              36.20393,
              50.29322
            ]
          ]
        ]
      },
      "properties": {
        "frp": 1.94,
        "acq_date": "2026-09-25",
        "acq_time": "45",
        "satellite": "N",
        "brightness": null,
        "NAME_1": "Kharkiv",
        "locality": "Derhachivs'kyi"
      }
    },
    {
      "type": "Feature",
      "geometry": {
        "type": "Polygon",
        "coordinates": [
          [
            [
              36.20094,
              50.31572
            ],
            [
              36.20094,
              50.33072
            ],
            [
              36.18594,
              50.33072
            ],
            [
              36.18594,
              50.31572
            ],
            [
              36.20094,
              50.31572
            ]
          ]
        ]
      },
      "properties": {
        "frp": 1.05,
        "acq_date": "2026-09-25",
        "acq_time": "45",
        "satellite": "N",
        "brightness": null,
        "NAME_1": "Kharkiv",
        "locality": "Derhachivs'kyi"
      }
    },
    {
      "type": "Feature",
      "geometry": {
        "type": "Polygon",
        "coordinates": [
          [
            [
              37.93998,
              51.12814
            ],
            [
              37.93998,
              51.14314
            ],
            [
              37.92498,
              51.14314
            ],
            [
              37.92498,
              51.12814
            ],
            [
              37.93998,
              51.12814
            ]
          ]
        ]
      },
      "properties": {
        "frp": 2.3,
        "acq_date": "2026-09-25",
        "acq_time": "45",
        "satellite": "N",
        "brightness": null,
        "NAME_1": "Belgorod",
        "locality": "Starooskol'skiy rayon"
      }
    },
    {
      "type": "Feature",
      "geometry": {
        "type": "Polygon",
        "coordinates": [
          [
            [
              37.94343,
              51.13282
            ],
            [
              37.94343,
              51.14782
            ],
            [
              37.92843,
              51.14782
            ],
            [
              37.92843,
              51.13282
            ],
            [
              37.94343,
              51.13282
            ]
          ]
        ]
      },
      "properties": {
        "frp": 2.3,
        "acq_date": "2026-09-25",
        "acq_time": "45",
        "satellite": "N",
        "brightness": null,
        "NAME_1": "Belgorod",
        "locality": "Starooskol'skiy rayon"
      }
    },
    {
      "type": "Feature",
      "geometry": {
        "type": "Polygon",
        "coordinates": [
          [
            [
              37.95406,
              51.1468
            ],
            [
              37.95406,
              51.1618
            ],
            [
              37.93906,
              51.1618
            ],
            [
              37.93906,
              51.1468
            ],
            [
              37.95406,
              51.1468
            ]
          ]
        ]
      },
      "properties": {
        "frp": 1.05,
        "acq_date": "2026-09-25",
        "acq_time": "45",
        "satellite": "N",
        "brightness": null,
        "NAME_1": "Belgorod",
        "locality": "Starooskol'skiy rayon"
      }
    },
    {
      "type": "Feature",
      "geometry": {
        "type": "Polygon",
        "coordinates": [
          [
            [
              37.77695,
              51.24977
            ],
            [
              37.77695,
              51.26477
            ],
            [
              37.76195,
              51.26477
            ],
            [
              37.76195,
              51.24977
            ],
            [
              37.77695,
              51.24977
            ]
          ]
        ]
      },
      "properties": {
        "frp": 1.2,
        "acq_date": "2026-09-25",
        "acq_time": "45",
        "satellite": "N",
        "brightness": null,
        "NAME_1": "Belgorod",
        "locality": "Starooskol'skiy rayon"
      }
    },
    {
      "type": "Feature",
      "geometry": {
        "type": "Polygon",
        "coordinates": [
          [
            [
              37.773270000000004,
              51.24989
            ],
            [
              37.773270000000004,
              51.26489
            ],
            [
              37.75827,
              51.26489
            ],
            [
              37.75827,
              51.24989
            ],
            [
              37.773270000000004,
              51.24989
            ]
          ]
        ]
      },
      "properties": {
        "frp": 2.47,
        "acq_date": "2026-09-25",
        "acq_time": "45",
        "satellite": "N",
        "brightness": null,
        "NAME_1": "Belgorod",
        "locality": "Starooskol'skiy rayon"
      }
    },
    {
      "type": "Feature",
      "geometry": {
        "type": "Polygon",
        "coordinates": [
          [
            [
              37.77261,
              51.25103
            ],
            [
              37.77261,
              51.26603
            ],
            [
              37.75761,
              51.26603
            ],
            [
              37.75761,
              51.25103
            ],
            [
              37.77261,
              51.25103
            ]
          ]
        ]
      },
      "properties": {
        "frp": 1.2,
        "acq_date": "2026-09-25",
        "acq_time": "45",
        "satellite": "N",
        "brightness": null,
        "NAME_1": "Belgorod",
        "locality": "Starooskol'skiy rayon"
      }
    },
    {
      "type": "Feature",
      "geometry": {
        "type": "Polygon",
        "coordinates": [
          [
            [
              27.20747,
              52.71618
            ],
            [
              27.20747,
              52.73118
            ],
            [
              27.19247,
              52.73118
            ],
            [
              27.19247,
              52.71618
            ],
            [
              27.20747,
              52.71618
            ]
          ]
        ]
      },
      "properties": {
        "frp": 0.77,
        "acq_date": "2026-09-25",
        "acq_time": "45",
        "satellite": "N",
        "brightness": null,
        "NAME_1": "Minsk",
        "locality": "Salihorsk"
      }
    },
    {
      "type": "Feature",
      "geometry": {
        "type": "Polygon",
        "coordinates": [
          [
            [
              29.99741,
              52.84063
            ],
            [
              29.99741,
              52.85563
            ],
            [
              29.982409999999998,
              52.85563
            ],
            [
              29.982409999999998,
              52.84063
            ],
            [
              29.99741,
              52.84063
            ]
          ]
        ]
      },
      "properties": {
        "frp": 3.34,
        "acq_date": "2026-09-25",
        "acq_time": "45",
        "satellite": "N",
        "brightness": null,
        "NAME_1": "Gomel",
        "locality": "\u017dlobin"
      }
    },
    {
      "type": "Feature",
      "geometry": {
        "type": "Polygon",
        "coordinates": [
          [
            [
              29.99693,
              52.84084
            ],
            [
              29.99693,
              52.85584
            ],
            [
              29.98193,
              52.85584
            ],
            [
              29.98193,
              52.84084
            ],
            [
              29.99693,
              52.84084
            ]
          ]
        ]
      },
      "properties": {
        "frp": 1.99,
        "acq_date": "2026-09-25",
        "acq_time": "45",
        "satellite": "N",
        "brightness": null,
        "NAME_1": "Gomel",
        "locality": "\u017dlobin"
      }
    },
    {
      "type": "Feature",
      "geometry": {
        "type": "Polygon",
        "coordinates": [
          [
            [
              36.218560000000004,
              45.32575
            ],
            [
              36.218560000000004,
              45.34075
            ],
            [
              36.20356,
              45.34075
            ],
            [
              36.20356,
              45.32575
            ],
            [
              36.218560000000004,
              45.32575
            ]
          ]
        ]
      },
      "properties": {
        "frp": 3.97,
        "acq_date": "2026-09-25",
        "acq_time": "1032",
        "satellite": "N",
        "brightness": null,
        "NAME_1": "Crimea",
        "locality": "Lenins'kyi"
      }
    },
    {
      "type": "Feature",
      "geometry": {
        "type": "Polygon",
        "coordinates": [
          [
            [
              35.94873,
              46.71507
            ],
            [
              35.94873,
              46.73007
            ],
            [
              35.93373,
              46.73007
            ],
            [
              35.93373,
              46.71507
            ],
            [
              35.94873,
              46.71507
            ]
          ]
        ]
      },
      "properties": {
        "frp": 1.61,
        "acq_date": "2026-09-25",
        "acq_time": "1032",
        "satellite": "N",
        "brightness": null,
        "NAME_1": "Zaporizhia",
        "locality": "Pryazovs'kyi"
      }
    },
    {
      "type": "Feature",
      "geometry": {
        "type": "Polygon",
        "coordinates": [
          [
            [
              38.35366,
              47.44064
            ],
            [
              38.35366,
              47.45564
            ],
            [
              38.33866,
              47.45564
            ],
            [
              38.33866,
              47.44064
            ],
            [
              38.35366,
              47.44064
            ]
          ]
        ]
      },
      "properties": {
        "frp": 0.8,
        "acq_date": "2026-09-25",
        "acq_time": "1032",
        "satellite": "N",
        "brightness": null,
        "NAME_1": "Rostov",
        "locality": "Matveevo-Kurganskiy rayon"
      }
    },
    {
      "type": "Feature",
      "geometry": {
        "type": "Polygon",
        "coordinates": [
          [
            [
              35.85714,
              47.68852
            ],
            [
              35.85714,
              47.70352
            ],
            [
              35.84214,
              47.70352
            ],
            [
              35.84214,
              47.68852
            ],
            [
              35.85714,
              47.68852
            ]
          ]
        ]
      },
      "properties": {
        "frp": 7.44,
        "acq_date": "2026-09-25",
        "acq_time": "1032",
        "satellite": "N",
        "brightness": null,
        "NAME_1": "Zaporizhia",
        "locality": "Orikhivs'kyi"
      }
    },
    {
      "type": "Feature",
      "geometry": {
        "type": "Polygon",
        "coordinates": [
          [
            [
              35.86219,
              47.68933
            ],
            [
              35.86219,
              47.70433
            ],
            [
              35.84719,
              47.70433
            ],
            [
              35.84719,
              47.68933
            ],
            [
              35.86219,
              47.68933
            ]
          ]
        ]
      },
      "properties": {
        "frp": 7.44,
        "acq_date": "2026-09-25",
        "acq_time": "1032",
        "satellite": "N",
        "brightness": null,
        "NAME_1": "Zaporizhia",
        "locality": "Orikhivs'kyi"
      }
    },
    {
      "type": "Feature",
      "geometry": {
        "type": "Polygon",
        "coordinates": [
          [
            [
              39.89505,
              47.97578
            ],
            [
              39.89505,
              47.99078
            ],
            [
              39.88005,
              47.99078
            ],
            [
              39.88005,
              47.97578
            ],
            [
              39.89505,
              47.97578
            ]
          ]
        ]
      },
      "properties": {
        "frp": 2.8,
        "acq_date": "2026-09-25",
        "acq_time": "1032",
        "satellite": "N",
        "brightness": null,
        "NAME_1": "Rostov",
        "locality": "Krasnosulinskiy rayon"
      }
    },
    {
      "type": "Feature",
      "geometry": {
        "type": "Polygon",
        "coordinates": [
          [
            [
              35.58006,
              48.00251
            ],
            [
              35.58006,
              48.01751
            ],
            [
              35.56506,
              48.01751
            ],
            [
              35.56506,
              48.00251
            ],
            [
              35.58006,
              48.00251
            ]
          ]
        ]
      },
      "properties": {
        "frp": 1.81,
        "acq_date": "2026-09-25",
        "acq_time": "1032",
        "satellite": "N",
        "brightness": null,
        "NAME_1": "Zaporizhia",
        "locality": "Vil'nians'kyi"
      }
    },
    {
      "type": "Feature",
      "geometry": {
        "type": "Polygon",
        "coordinates": [
          [
            [
              39.15577,
              48.59893
            ],
            [
              39.15577,
              48.61393
            ],
            [
              39.140769999999996,
              48.61393
            ],
            [
              39.140769999999996,
              48.59893
            ],
            [
              39.15577,
              48.59893
            ]
          ]
        ]
      },
      "properties": {
        "frp": 1.36,
        "acq_date": "2026-09-25",
        "acq_time": "1032",
        "satellite": "N",
        "brightness": null,
        "NAME_1": "Luhans'k",
        "locality": "Slovianoserbs'kyi"
      }
    },
    {
      "type": "Feature",
      "geometry": {
        "type": "Polygon",
        "coordinates": [
          [
            [
              34.64069,
              48.5126
            ],
            [
              34.64069,
              48.5276
            ],
            [
              34.62569,
              48.5276
            ],
            [
              34.62569,
              48.5126
            ],
            [
              34.64069,
              48.5126
            ]
          ]
        ]
      },
      "properties": {
        "frp": 7.83,
        "acq_date": "2026-09-25",
        "acq_time": "1034",
        "satellite": "N",
        "brightness": null,
        "NAME_1": "Dnipropetrovs'k",
        "locality": "Petrykivs'kyi"
      }
    },
    {
      "type": "Feature",
      "geometry": {
        "type": "Polygon",
        "coordinates": [
          [
            [
              38.37942,
              48.909349999999996
            ],
            [
              38.37942,
              48.92435
            ],
            [
              38.36442,
              48.92435
            ],
            [
              38.36442,
              48.909349999999996
            ],
            [
              38.37942,
              48.909349999999996
            ]
          ]
        ]
      },
      "properties": {
        "frp": 2.77,
        "acq_date": "2026-09-25",
        "acq_time": "1034",
        "satellite": "N",
        "brightness": null,
        "NAME_1": "Luhans'k",
        "locality": "Lysychans'ka"
      }
    },
    {
      "type": "Feature",
      "geometry": {
        "type": "Polygon",
        "coordinates": [
          [
            [
              39.94934,
              50.60823
            ],
            [
              39.94934,
              50.62323
            ],
            [
              39.93434,
              50.62323
            ],
            [
              39.93434,
              50.60823
            ],
            [
              39.94934,
              50.60823
            ]
          ]
        ]
      },
      "properties": {
        "frp": 4.47,
        "acq_date": "2026-09-25",
        "acq_time": "1034",
        "satellite": "N",
        "brightness": null,
        "NAME_1": "Voronezh",
        "locality": "Pavlovskiy rayon"
      }
    },
    {
      "type": "Feature",
      "geometry": {
        "type": "Polygon",
        "coordinates": [
          [
            [
              39.58197,
              51.87705
            ],
            [
              39.58197,
              51.89205
            ],
            [
              39.56697,
              51.89205
            ],
            [
              39.56697,
              51.87705
            ],
            [
              39.58197,
              51.87705
            ]
          ]
        ]
      },
      "properties": {
        "frp": 4.35,
        "acq_date": "2026-09-25",
        "acq_time": "1034",
        "satellite": "N",
        "brightness": null,
        "NAME_1": "Voronezh",
        "locality": "Verkhnekhavskiy rayon"
      }
    },
    {
      "type": "Feature",
      "geometry": {
        "type": "Polygon",
        "coordinates": [
          [
            [
              39.64041,
              52.52559
            ],
            [
              39.64041,
              52.54059
            ],
            [
              39.62541,
              52.54059
            ],
            [
              39.62541,
              52.52559
            ],
            [
              39.64041,
              52.52559
            ]
          ]
        ]
      },
      "properties": {
        "frp": 3.3,
        "acq_date": "2026-09-25",
        "acq_time": "1034",
        "satellite": "N",
        "brightness": null,
        "NAME_1": "Lipetsk",
        "locality": "Lipetskiy rayon"
      }
    },
    {
      "type": "Feature",
      "geometry": {
        "type": "Polygon",
        "coordinates": [
          [
            [
              39.6511,
              52.53799
            ],
            [
              39.6511,
              52.55299
            ],
            [
              39.6361,
              52.55299
            ],
            [
              39.6361,
              52.53799
            ],
            [
              39.6511,
              52.53799
            ]
          ]
        ]
      },
      "properties": {
        "frp": 6.69,
        "acq_date": "2026-09-25",
        "acq_time": "1034",
        "satellite": "N",
        "brightness": null,
        "NAME_1": "Lipetsk",
        "locality": "Lipetsk"
      }
    },
    {
      "type": "Feature",
      "geometry": {
        "type": "Polygon",
        "coordinates": [
          [
            [
              39.65004,
              52.54161
            ],
            [
              39.65004,
              52.55661
            ],
            [
              39.63504,
              52.55661
            ],
            [
              39.63504,
              52.54161
            ],
            [
              39.65004,
              52.54161
            ]
          ]
        ]
      },
      "properties": {
        "frp": 6.69,
        "acq_date": "2026-09-25",
        "acq_time": "1034",
        "satellite": "N",
        "brightness": null,
        "NAME_1": "Lipetsk",
        "locality": "Lipetsk"
      }
    },
    {
      "type": "Feature",
      "geometry": {
        "type": "Polygon",
        "coordinates": [
          [
            [
              39.58367,
              52.54924
            ],
            [
              39.58367,
              52.56424
            ],
            [
              39.56867,
              52.56424
            ],
            [
              39.56867,
              52.54924
            ],
            [
              39.58367,
              52.54924
            ]
          ]
        ]
      },
      "properties": {
        "frp": 3.07,
        "acq_date": "2026-09-25",
        "acq_time": "1034",
        "satellite": "N",
        "brightness": null,
        "NAME_1": "Lipetsk",
        "locality": "Lipetsk"
      }
    },
    {
      "type": "Feature",
      "geometry": {
        "type": "Polygon",
        "coordinates": [
          [
            [
              39.6261,
              52.5502
            ],
            [
              39.6261,
              52.5652
            ],
            [
              39.6111,
              52.5652
            ],
            [
              39.6111,
              52.5502
            ],
            [
              39.6261,
              52.5502
            ]
          ]
        ]
      },
      "properties": {
        "frp": 5.94,
        "acq_date": "2026-09-25",
        "acq_time": "1034",
        "satellite": "N",
        "brightness": null,
        "NAME_1": "Lipetsk",
        "locality": "Lipetsk"
      }
    },
    {
      "type": "Feature",
      "geometry": {
        "type": "Polygon",
        "coordinates": [
          [
            [
              36.94607,
              48.45738
            ],
            [
              36.94607,
              48.47238
            ],
            [
              36.93107,
              48.47238
            ],
            [
              36.93107,
              48.45738
            ],
            [
              36.94607,
              48.45738
            ]
          ]
        ]
      },
      "properties": {
        "frp": 0.41,
        "acq_date": "2026-09-25",
        "acq_time": "2246",
        "satellite": "N",
        "brightness": null,
        "NAME_1": "Donets'k",
        "locality": "Dobropil's'kyi"
      }
    },
    {
      "type": "Feature",
      "geometry": {
        "type": "Polygon",
        "coordinates": [
          [
            [
              37.54921,
              48.59287
            ],
            [
              37.54921,
              48.60787
            ],
            [
              37.53421,
              48.60787
            ],
            [
              37.53421,
              48.59287
            ],
            [
              37.54921,
              48.59287
            ]
          ]
        ]
      },
      "properties": {
        "frp": 0.87,
        "acq_date": "2026-09-25",
        "acq_time": "2246",
        "satellite": "N",
        "brightness": null,
        "NAME_1": "Donets'k",
        "locality": "Kramators'ka"
      }
    },
    {
      "type": "Feature",
      "geometry": {
        "type": "Polygon",
        "coordinates": [
          [
            [
              37.56824,
              48.6156
            ],
            [
              37.56824,
              48.6306
            ],
            [
              37.55324,
              48.6306
            ],
            [
              37.55324,
              48.6156
            ],
            [
              37.56824,
              48.6156
            ]
          ]
        ]
      },
      "properties": {
        "frp": 1.19,
        "acq_date": "2026-09-25",
        "acq_time": "2246",
        "satellite": "N",
        "brightness": null,
        "NAME_1": "Donets'k",
        "locality": "Kostiantynivs'kyi"
      }
    },
    {
      "type": "Feature",
      "geometry": {
        "type": "Polygon",
        "coordinates": [
          [
            [
              37.5325,
              48.63388
            ],
            [
              37.5325,
              48.64888
            ],
            [
              37.5175,
              48.64888
            ],
            [
              37.5175,
              48.63388
            ],
            [
              37.5325,
              48.63388
            ]
          ]
        ]
      },
      "properties": {
        "frp": 0.66,
        "acq_date": "2026-09-25",
        "acq_time": "2246",
        "satellite": "N",
        "brightness": null,
        "NAME_1": "Donets'k",
        "locality": "Kramators'ka"
      }
    },
    {
      "type": "Feature",
      "geometry": {
        "type": "Polygon",
        "coordinates": [
          [
            [
              37.70869,
              49.02208
            ],
            [
              37.70869,
              49.03708
            ],
            [
              37.69369,
              49.03708
            ],
            [
              37.69369,
              49.02208
            ],
            [
              37.70869,
              49.02208
            ]
          ]
        ]
      },
      "properties": {
        "frp": 0.65,
        "acq_date": "2026-09-25",
        "acq_time": "2246",
        "satellite": "N",
        "brightness": null,
        "NAME_1": "Donets'k",
        "locality": "Krasnolymans'kyi"
      }
    },
    {
      "type": "Feature",
      "geometry": {
        "type": "Polygon",
        "coordinates": [
          [
            [
              37.38887,
              50.04998
            ],
            [
              37.38887,
              50.06498
            ],
            [
              37.37387,
              50.06498
            ],
            [
              37.37387,
              50.04998
            ],
            [
              37.38887,
              50.04998
            ]
          ]
        ]
      },
      "properties": {
        "frp": 1.21,
        "acq_date": "2026-09-25",
        "acq_time": "2246",
        "satellite": "N",
        "brightness": null,
        "NAME_1": "Kharkiv",
        "locality": "Velykoburluts'kyi"
      }
    },
    {
      "type": "Feature",
      "geometry": {
        "type": "Polygon",
        "coordinates": [
          [
            [
              37.38906,
              50.05585
            ],
            [
              37.38906,
              50.07085
            ],
            [
              37.37406,
              50.07085
            ],
            [
              37.37406,
              50.05585
            ],
            [
              37.38906,
              50.05585
            ]
          ]
        ]
      },
      "properties": {
        "frp": 1.21,
        "acq_date": "2026-09-25",
        "acq_time": "2246",
        "satellite": "N",
        "brightness": null,
        "NAME_1": "Kharkiv",
        "locality": "Velykoburluts'kyi"
      }
    },
    {
      "type": "Feature",
      "geometry": {
        "type": "Polygon",
        "coordinates": [
          [
            [
              39.69123,
              50.13854
            ],
            [
              39.69123,
              50.15354
            ],
            [
              39.67623,
              50.15354
            ],
            [
              39.67623,
              50.13854
            ],
            [
              39.69123,
              50.13854
            ]
          ]
        ]
      },
      "properties": {
        "frp": 0.76,
        "acq_date": "2026-09-25",
        "acq_time": "2246",
        "satellite": "N",
        "brightness": null,
        "NAME_1": "Voronezh",
        "locality": "Rossoshanskiy rayon"
      }
    },
    {
      "type": "Feature",
      "geometry": {
        "type": "Polygon",
        "coordinates": [
          [
            [
              39.6917,
              50.14385
            ],
            [
              39.6917,
              50.15885
            ],
            [
              39.6767,
              50.15885
            ],
            [
              39.6767,
              50.14385
            ],
            [
              39.6917,
              50.14385
            ]
          ]
        ]
      },
      "properties": {
        "frp": 0.47,
        "acq_date": "2026-09-25",
        "acq_time": "2246",
        "satellite": "N",
        "brightness": null,
        "NAME_1": "Voronezh",
        "locality": "Rossoshanskiy rayon"
      }
    },
    {
      "type": "Feature",
      "geometry": {
        "type": "Polygon",
        "coordinates": [
          [
            [
              37.93763,
              51.1351
            ],
            [
              37.93763,
              51.1501
            ],
            [
              37.92263,
              51.1501
            ],
            [
              37.92263,
              51.1351
            ],
            [
              37.93763,
              51.1351
            ]
          ]
        ]
      },
      "properties": {
        "frp": 1.18,
        "acq_date": "2026-09-25",
        "acq_time": "2246",
        "satellite": "N",
        "brightness": null,
        "NAME_1": "Belgorod",
        "locality": "Starooskol'skiy rayon"
      }
    },
    {
      "type": "Feature",
      "geometry": {
        "type": "Polygon",
        "coordinates": [
          [
            [
              37.77353,
              51.24834
            ],
            [
              37.77353,
              51.26334
            ],
            [
              37.75853,
              51.26334
            ],
            [
              37.75853,
              51.24834
            ],
            [
              37.77353,
              51.24834
            ]
          ]
        ]
      },
      "properties": {
        "frp": 0.89,
        "acq_date": "2026-09-25",
        "acq_time": "2246",
        "satellite": "N",
        "brightness": null,
        "NAME_1": "Belgorod",
        "locality": "Starooskol'skiy rayon"
      }
    },
    {
      "type": "Feature",
      "geometry": {
        "type": "Polygon",
        "coordinates": [
          [
            [
              37.7671,
              51.24847
            ],
            [
              37.7671,
              51.26347
            ],
            [
              37.7521,
              51.26347
            ],
            [
              37.7521,
              51.24847
            ],
            [
              37.7671,
              51.24847
            ]
          ]
        ]
      },
      "properties": {
        "frp": 1.31,
        "acq_date": "2026-09-25",
        "acq_time": "2246",
        "satellite": "N",
        "brightness": null,
        "NAME_1": "Belgorod",
        "locality": "Starooskol'skiy rayon"
      }
    },
    {
      "type": "Feature",
      "geometry": {
        "type": "Polygon",
        "coordinates": [
          [
            [
              37.77303,
              51.25344
            ],
            [
              37.77303,
              51.26844
            ],
            [
              37.75803,
              51.26844
            ],
            [
              37.75803,
              51.25344
            ],
            [
              37.77303,
              51.25344
            ]
          ]
        ]
      },
      "properties": {
        "frp": 1.04,
        "acq_date": "2026-09-25",
        "acq_time": "2246",
        "satellite": "N",
        "brightness": null,
        "NAME_1": "Belgorod",
        "locality": "Starooskol'skiy rayon"
      }
    },
    {
      "type": "Feature",
      "geometry": {
        "type": "Polygon",
        "coordinates": [
          [
            [
              37.76655,
              51.25354
            ],
            [
              37.76655,
              51.26854
            ],
            [
              37.75155,
              51.26854
            ],
            [
              37.75155,
              51.25354
            ],
            [
              37.76655,
              51.25354
            ]
          ]
        ]
      },
      "properties": {
        "frp": 1.04,
        "acq_date": "2026-09-25",
        "acq_time": "2246",
        "satellite": "N",
        "brightness": null,
        "NAME_1": "Belgorod",
        "locality": "Starooskol'skiy rayon"
      }
    },
    {
      "type": "Feature",
      "geometry": {
        "type": "Polygon",
        "coordinates": [
          [
            [
              39.63197,
              52.52034
            ],
            [
              39.63197,
              52.53534
            ],
            [
              39.61697,
              52.53534
            ],
            [
              39.61697,
              52.52034
            ],
            [
              39.63197,
              52.52034
            ]
          ]
        ]
      },
      "properties": {
        "frp": 0.71,
        "acq_date": "2026-09-25",
        "acq_time": "2246",
        "satellite": "N",
        "brightness": null,
        "NAME_1": "Lipetsk",
        "locality": "Lipetskiy rayon"
      }
    },
    {
      "type": "Feature",
      "geometry": {
        "type": "Polygon",
        "coordinates": [
          [
            [
              39.63787,
              52.52558
            ],
            [
              39.63787,
              52.54058
            ],
            [
              39.62287,
              52.54058
            ],
            [
              39.62287,
              52.52558
            ],
            [
              39.63787,
              52.52558
            ]
          ]
        ]
      },
      "properties": {
        "frp": 3.41,
        "acq_date": "2026-09-25",
        "acq_time": "2246",
        "satellite": "N",
        "brightness": null,
        "NAME_1": "Lipetsk",
        "locality": "Lipetskiy rayon"
      }
    },
    {
      "type": "Feature",
      "geometry": {
        "type": "Polygon",
        "coordinates": [
          [
            [
              39.62713,
              52.53134
            ],
            [
              39.62713,
              52.54634
            ],
            [
              39.61213,
              52.54634
            ],
            [
              39.61213,
              52.53134
            ],
            [
              39.62713,
              52.53134
            ]
          ]
        ]
      },
      "properties": {
        "frp": 0.92,
        "acq_date": "2026-09-25",
        "acq_time": "2246",
        "satellite": "N",
        "brightness": null,
        "NAME_1": "Lipetsk",
        "locality": "Lipetsk"
      }
    },
    {
      "type": "Feature",
      "geometry": {
        "type": "Polygon",
        "coordinates": [
          [
            [
              39.62154,
              52.53151
            ],
            [
              39.62154,
              52.54651
            ],
            [
              39.60654,
              52.54651
            ],
            [
              39.60654,
              52.53151
            ],
            [
              39.62154,
              52.53151
            ]
          ]
        ]
      },
      "properties": {
        "frp": 0.92,
        "acq_date": "2026-09-25",
        "acq_time": "2246",
        "satellite": "N",
        "brightness": null,
        "NAME_1": "Lipetsk",
        "locality": "Lipetsk"
      }
    },
    {
      "type": "Feature",
      "geometry": {
        "type": "Polygon",
        "coordinates": [
          [
            [
              39.64435,
              52.536229999999996
            ],
            [
              39.64435,
              52.55123
            ],
            [
              39.62935,
              52.55123
            ],
            [
              39.62935,
              52.536229999999996
            ],
            [
              39.64435,
              52.536229999999996
            ]
          ]
        ]
      },
      "properties": {
        "frp": 1.13,
        "acq_date": "2026-09-25",
        "acq_time": "2246",
        "satellite": "N",
        "brightness": null,
        "NAME_1": "Lipetsk",
        "locality": "Lipetsk"
      }
    },
    {
      "type": "Feature",
      "geometry": {
        "type": "Polygon",
        "coordinates": [
          [
            [
              39.63323,
              52.53658
            ],
            [
              39.63323,
              52.55158
            ],
            [
              39.61823,
              52.55158
            ],
            [
              39.61823,
              52.53658
            ],
            [
              39.63323,
              52.53658
            ]
          ]
        ]
      },
      "properties": {
        "frp": 2.55,
        "acq_date": "2026-09-25",
        "acq_time": "2246",
        "satellite": "N",
        "brightness": null,
        "NAME_1": "Lipetsk",
        "locality": "Lipetsk"
      }
    },
    {
      "type": "Feature",
      "geometry": {
        "type": "Polygon",
        "coordinates": [
          [
            [
              39.6504,
              52.54146
            ],
            [
              39.6504,
              52.55646
            ],
            [
              39.6354,
              52.55646
            ],
            [
              39.6354,
              52.54146
            ],
            [
              39.6504,
              52.54146
            ]
          ]
        ]
      },
      "properties": {
        "frp": 1.13,
        "acq_date": "2026-09-25",
        "acq_time": "2246",
        "satellite": "N",
        "brightness": null,
        "NAME_1": "Lipetsk",
        "locality": "Lipetsk"
      }
    },
    {
      "type": "Feature",
      "geometry": {
        "type": "Polygon",
        "coordinates": [
          [
            [
              39.64487,
              52.54164
            ],
            [
              39.64487,
              52.55664
            ],
            [
              39.62987,
              52.55664
            ],
            [
              39.62987,
              52.54164
            ],
            [
              39.64487,
              52.54164
            ]
          ]
        ]
      },
      "properties": {
        "frp": 1.13,
        "acq_date": "2026-09-25",
        "acq_time": "2246",
        "satellite": "N",
        "brightness": null,
        "NAME_1": "Lipetsk",
        "locality": "Lipetsk"
      }
    },
    {
      "type": "Feature",
      "geometry": {
        "type": "Polygon",
        "coordinates": [
          [
            [
              39.57782,
              52.54374
            ],
            [
              39.57782,
              52.55874
            ],
            [
              39.56282,
              52.55874
            ],
            [
              39.56282,
              52.54374
            ],
            [
              39.57782,
              52.54374
            ]
          ]
        ]
      },
      "properties": {
        "frp": 3.59,
        "acq_date": "2026-09-25",
        "acq_time": "2246",
        "satellite": "N",
        "brightness": null,
        "NAME_1": "Lipetsk",
        "locality": "Lipetskiy rayon"
      }
    },
    {
      "type": "Feature",
      "geometry": {
        "type": "Polygon",
        "coordinates": [
          [
            [
              39.57206,
              52.54392
            ],
            [
              39.57206,
              52.55892
            ],
            [
              39.55706,
              52.55892
            ],
            [
              39.55706,
              52.54392
            ],
            [
              39.57206,
              52.54392
            ]
          ]
        ]
      },
      "properties": {
        "frp": 3.29,
        "acq_date": "2026-09-25",
        "acq_time": "2246",
        "satellite": "N",
        "brightness": null,
        "NAME_1": "Lipetsk",
        "locality": "Lipetskiy rayon"
      }
    },
    {
      "type": "Feature",
      "geometry": {
        "type": "Polygon",
        "coordinates": [
          [
            [
              39.62307,
              52.54776
            ],
            [
              39.62307,
              52.56276
            ],
            [
              39.60807,
              52.56276
            ],
            [
              39.60807,
              52.54776
            ],
            [
              39.62307,
              52.54776
            ]
          ]
        ]
      },
      "properties": {
        "frp": 2.7,
        "acq_date": "2026-09-25",
        "acq_time": "2246",
        "satellite": "N",
        "brightness": null,
        "NAME_1": "Lipetsk",
        "locality": "Lipetsk"
      }
    },
    {
      "type": "Feature",
      "geometry": {
        "type": "Polygon",
        "coordinates": [
          [
            [
              39.61751,
              52.54794
            ],
            [
              39.61751,
              52.56294
            ],
            [
              39.60251,
              52.56294
            ],
            [
              39.60251,
              52.54794
            ],
            [
              39.61751,
              52.54794
            ]
          ]
        ]
      },
      "properties": {
        "frp": 2.25,
        "acq_date": "2026-09-25",
        "acq_time": "2246",
        "satellite": "N",
        "brightness": null,
        "NAME_1": "Lipetsk",
        "locality": "Lipetsk"
      }
    },
    {
      "type": "Feature",
      "geometry": {
        "type": "Polygon",
        "coordinates": [
          [
            [
              39.62357,
              52.55317
            ],
            [
              39.62357,
              52.56817
            ],
            [
              39.60857,
              52.56817
            ],
            [
              39.60857,
              52.55317
            ],
            [
              39.62357,
              52.55317
            ]
          ]
        ]
      },
      "properties": {
        "frp": 2.7,
        "acq_date": "2026-09-25",
        "acq_time": "2246",
        "satellite": "N",
        "brightness": null,
        "NAME_1": "Lipetsk",
        "locality": "Lipetsk"
      }
    },
    {
      "type": "Feature",
      "geometry": {
        "type": "Polygon",
        "coordinates": [
          [
            [
              39.61242,
              52.55353
            ],
            [
              39.61242,
              52.56853
            ],
            [
              39.59742,
              52.56853
            ],
            [
              39.59742,
              52.55353
            ],
            [
              39.61242,
              52.55353
            ]
          ]
        ]
      },
      "properties": {
        "frp": 2.25,
        "acq_date": "2026-09-25",
        "acq_time": "2246",
        "satellite": "N",
        "brightness": null,
        "NAME_1": "Lipetsk",
        "locality": "Lipetsk"
      }
    },
    {
      "type": "Feature",
      "geometry": {
        "type": "Polygon",
        "coordinates": [
          [
            [
              39.713,
              52.55569
            ],
            [
              39.713,
              52.57069
            ],
            [
              39.698,
              52.57069
            ],
            [
              39.698,
              52.55569
            ],
            [
              39.713,
              52.55569
            ]
          ]
        ]
      },
      "properties": {
        "frp": 0.55,
        "acq_date": "2026-09-25",
        "acq_time": "2246",
        "satellite": "N",
        "brightness": null,
        "NAME_1": "Lipetsk",
        "locality": "Lipetskiy rayon"
      }
    },
    {
      "type": "Feature",
      "geometry": {
        "type": "Polygon",
        "coordinates": [
          [
            [
              39.71255,
              52.557
            ],
            [
              39.71255,
              52.572
            ],
            [
              39.69755,
              52.572
            ],
            [
              39.69755,
              52.557
            ],
            [
              39.71255,
              52.557
            ]
          ]
        ]
      },
      "properties": {
        "frp": 0.49,
        "acq_date": "2026-09-25",
        "acq_time": "2246",
        "satellite": "N",
        "brightness": null,
        "NAME_1": "Lipetsk",
        "locality": "Lipetskiy rayon"
      }
    },
    {
      "type": "Feature",
      "geometry": {
        "type": "Polygon",
        "coordinates": [
          [
            [
              39.70698,
              52.55716
            ],
            [
              39.70698,
              52.572160000000004
            ],
            [
              39.69198,
              52.572160000000004
            ],
            [
              39.69198,
              52.55716
            ],
            [
              39.70698,
              52.55716
            ]
          ]
        ]
      },
      "properties": {
        "frp": 0.49,
        "acq_date": "2026-09-25",
        "acq_time": "2246",
        "satellite": "N",
        "brightness": null,
        "NAME_1": "Lipetsk",
        "locality": "Lipetskiy rayon"
      }
    },
    {
      "type": "Feature",
      "geometry": {
        "type": "Polygon",
        "coordinates": [
          [
            [
              38.12531,
              44.87868
            ],
            [
              38.12531,
              44.89368
            ],
            [
              38.11031,
              44.89368
            ],
            [
              38.11031,
              44.87868
            ],
            [
              38.12531,
              44.87868
            ]
          ]
        ]
      },
      "properties": {
        "frp": 0.55,
        "acq_date": "2026-09-25",
        "acq_time": "2248",
        "satellite": "N",
        "brightness": null,
        "NAME_1": "Krasnodar",
        "locality": "Abinskiy rayon"
      }
    },
    {
      "type": "Feature",
      "geometry": {
        "type": "Polygon",
        "coordinates": [
          [
            [
              38.12038,
              44.8789
            ],
            [
              38.12038,
              44.8939
            ],
            [
              38.10538,
              44.8939
            ],
            [
              38.10538,
              44.8789
            ],
            [
              38.12038,
              44.8789
            ]
          ]
        ]
      },
      "properties": {
        "frp": 1.27,
        "acq_date": "2026-09-25",
        "acq_time": "2248",
        "satellite": "N",
        "brightness": null,
        "NAME_1": "Krasnodar",
        "locality": "Abinskiy rayon"
      }
    },
    {
      "type": "Feature",
      "geometry": {
        "type": "Polygon",
        "coordinates": [
          [
            [
              31.677970000000002,
              45.25253
            ],
            [
              31.677970000000002,
              45.26753
            ],
            [
              31.66297,
              45.26753
            ],
            [
              31.66297,
              45.25253
            ],
            [
              31.677970000000002,
              45.25253
            ]
          ]
        ]
      },
      "properties": {
        "frp": 5.5,
        "acq_date": "2026-09-25",
        "acq_time": "2248",
        "satellite": "N",
        "brightness": null,
        "NAME_1": "",
        "locality": ""
      }
    },
    {
      "type": "Feature",
      "geometry": {
        "type": "Polygon",
        "coordinates": [
          [
            [
              31.67322,
              45.25285
            ],
            [
              31.67322,
              45.26785
            ],
            [
              31.65822,
              45.26785
            ],
            [
              31.65822,
              45.25285
            ],
            [
              31.67322,
              45.25285
            ]
          ]
        ]
      },
      "properties": {
        "frp": 4.45,
        "acq_date": "2026-09-25",
        "acq_time": "2248",
        "satellite": "N",
        "brightness": null,
        "NAME_1": "",
        "locality": ""
      }
    },
    {
      "type": "Feature",
      "geometry": {
        "type": "Polygon",
        "coordinates": [
          [
            [
              37.01196,
              46.96065
            ],
            [
              37.01196,
              46.97565
            ],
            [
              36.99696,
              46.97565
            ],
            [
              36.99696,
              46.96065
            ],
            [
              37.01196,
              46.96065
            ]
          ]
        ]
      },
      "properties": {
        "frp": 1.54,
        "acq_date": "2026-09-25",
        "acq_time": "2248",
        "satellite": "N",
        "brightness": null,
        "NAME_1": "Zaporizhia",
        "locality": "Berdians'kyi"
      }
    },
    {
      "type": "Feature",
      "geometry": {
        "type": "Polygon",
        "coordinates": [
          [
            [
              37.93982,
              51.13322
            ],
            [
              37.93982,
              51.14822
            ],
            [
              37.92482,
              51.14822
            ],
            [
              37.92482,
              51.13322
            ],
            [
              37.93982,
              51.13322
            ]
          ]
        ]
      },
      "properties": {
        "frp": 4.49,
        "acq_date": "2026-09-26",
        "acq_time": "26",
        "satellite": "N",
        "brightness": null,
        "NAME_1": "Belgorod",
        "locality": "Starooskol'skiy rayon"
      }
    },
    {
      "type": "Feature",
      "geometry": {
        "type": "Polygon",
        "coordinates": [
          [
            [
              37.93406,
              51.13465
            ],
            [
              37.93406,
              51.14965
            ],
            [
              37.91906,
              51.14965
            ],
            [
              37.91906,
              51.13465
            ],
            [
              37.93406,
              51.13465
            ]
          ]
        ]
      },
      "properties": {
        "frp": 3.65,
        "acq_date": "2026-09-26",
        "acq_time": "26",
        "satellite": "N",
        "brightness": null,
        "NAME_1": "Belgorod",
        "locality": "Starooskol'skiy rayon"
      }
    },
    {
      "type": "Feature",
      "geometry": {
        "type": "Polygon",
        "coordinates": [
          [
            [
              37.94981,
              51.14909
            ],
            [
              37.94981,
              51.16409
            ],
            [
              37.93481,
              51.16409
            ],
            [
              37.93481,
              51.14909
            ],
            [
              37.94981,
              51.14909
            ]
          ]
        ]
      },
      "properties": {
        "frp": 1.18,
        "acq_date": "2026-09-26",
        "acq_time": "26",
        "satellite": "N",
        "brightness": null,
        "NAME_1": "Belgorod",
        "locality": "Starooskol'skiy rayon"
      }
    },
    {
      "type": "Feature",
      "geometry": {
        "type": "Polygon",
        "coordinates": [
          [
            [
              37.77325,
              51.25159
            ],
            [
              37.77325,
              51.26659
            ],
            [
              37.75825,
              51.26659
            ],
            [
              37.75825,
              51.25159
            ],
            [
              37.77325,
              51.25159
            ]
          ]
        ]
      },
      "properties": {
        "frp": 0.88,
        "acq_date": "2026-09-26",
        "acq_time": "26",
        "satellite": "N",
        "brightness": null,
        "NAME_1": "Belgorod",
        "locality": "Starooskol'skiy rayon"
      }
    },
    {
      "type": "Feature",
      "geometry": {
        "type": "Polygon",
        "coordinates": [
          [
            [
              37.77345,
              51.25204
            ],
            [
              37.77345,
              51.26704
            ],
            [
              37.758449999999996,
              51.26704
            ],
            [
              37.758449999999996,
              51.25204
            ],
            [
              37.77345,
              51.25204
            ]
          ]
        ]
      },
      "properties": {
        "frp": 1.15,
        "acq_date": "2026-09-26",
        "acq_time": "26",
        "satellite": "N",
        "brightness": null,
        "NAME_1": "Belgorod",
        "locality": "Starooskol'skiy rayon"
      }
    },
    {
      "type": "Feature",
      "geometry": {
        "type": "Polygon",
        "coordinates": [
          [
            [
              39.63672,
              52.52432
            ],
            [
              39.63672,
              52.539320000000004
            ],
            [
              39.621719999999996,
              52.539320000000004
            ],
            [
              39.621719999999996,
              52.52432
            ],
            [
              39.63672,
              52.52432
            ]
          ]
        ]
      },
      "properties": {
        "frp": 2.39,
        "acq_date": "2026-09-26",
        "acq_time": "26",
        "satellite": "N",
        "brightness": null,
        "NAME_1": "Lipetsk",
        "locality": "Lipetskiy rayon"
      }
    },
    {
      "type": "Feature",
      "geometry": {
        "type": "Polygon",
        "coordinates": [
          [
            [
              39.63955,
              52.52834
            ],
            [
              39.63955,
              52.54334
            ],
            [
              39.62455,
              52.54334
            ],
            [
              39.62455,
              52.52834
            ],
            [
              39.63955,
              52.52834
            ]
          ]
        ]
      },
      "properties": {
        "frp": 2.39,
        "acq_date": "2026-09-26",
        "acq_time": "26",
        "satellite": "N",
        "brightness": null,
        "NAME_1": "Lipetsk",
        "locality": "Lipetskiy rayon"
      }
    },
    {
      "type": "Feature",
      "geometry": {
        "type": "Polygon",
        "coordinates": [
          [
            [
              39.6207,
              52.53322
            ],
            [
              39.6207,
              52.54822
            ],
            [
              39.6057,
              52.54822
            ],
            [
              39.6057,
              52.53322
            ],
            [
              39.6207,
              52.53322
            ]
          ]
        ]
      },
      "properties": {
        "frp": 0.91,
        "acq_date": "2026-09-26",
        "acq_time": "26",
        "satellite": "N",
        "brightness": null,
        "NAME_1": "Lipetsk",
        "locality": "Lipetsk"
      }
    },
    {
      "type": "Feature",
      "geometry": {
        "type": "Polygon",
        "coordinates": [
          [
            [
              39.62975,
              52.53564
            ],
            [
              39.62975,
              52.55064
            ],
            [
              39.61475,
              52.55064
            ],
            [
              39.61475,
              52.53564
            ],
            [
              39.62975,
              52.53564
            ]
          ]
        ]
      },
      "properties": {
        "frp": 2.69,
        "acq_date": "2026-09-26",
        "acq_time": "26",
        "satellite": "N",
        "brightness": null,
        "NAME_1": "Lipetsk",
        "locality": "Lipetsk"
      }
    },
    {
      "type": "Feature",
      "geometry": {
        "type": "Polygon",
        "coordinates": [
          [
            [
              39.64517,
              52.53642
            ],
            [
              39.64517,
              52.55142
            ],
            [
              39.63017,
              52.55142
            ],
            [
              39.63017,
              52.53642
            ],
            [
              39.64517,
              52.53642
            ]
          ]
        ]
      },
      "properties": {
        "frp": 0.53,
        "acq_date": "2026-09-26",
        "acq_time": "26",
        "satellite": "N",
        "brightness": null,
        "NAME_1": "Lipetsk",
        "locality": "Lipetsk"
      }
    },
    {
      "type": "Feature",
      "geometry": {
        "type": "Polygon",
        "coordinates": [
          [
            [
              39.62349,
              52.537259999999996
            ],
            [
              39.62349,
              52.55226
            ],
            [
              39.608489999999996,
              52.55226
            ],
            [
              39.608489999999996,
              52.537259999999996
            ],
            [
              39.62349,
              52.537259999999996
            ]
          ]
        ]
      },
      "properties": {
        "frp": 0.8,
        "acq_date": "2026-09-26",
        "acq_time": "26",
        "satellite": "N",
        "brightness": null,
        "NAME_1": "Lipetsk",
        "locality": "Lipetsk"
      }
    },
    {
      "type": "Feature",
      "geometry": {
        "type": "Polygon",
        "coordinates": [
          [
            [
              39.64796,
              52.54045
            ],
            [
              39.64796,
              52.55545
            ],
            [
              39.63296,
              52.55545
            ],
            [
              39.63296,
              52.54045
            ],
            [
              39.64796,
              52.54045
            ]
          ]
        ]
      },
      "properties": {
        "frp": 2.3,
        "acq_date": "2026-09-26",
        "acq_time": "26",
        "satellite": "N",
        "brightness": null,
        "NAME_1": "Lipetsk",
        "locality": "Lipetsk"
      }
    },
    {
      "type": "Feature",
      "geometry": {
        "type": "Polygon",
        "coordinates": [
          [
            [
              39.57669,
              52.54459
            ],
            [
              39.57669,
              52.55959
            ],
            [
              39.56169,
              52.55959
            ],
            [
              39.56169,
              52.54459
            ],
            [
              39.57669,
              52.54459
            ]
          ]
        ]
      },
      "properties": {
        "frp": 1.68,
        "acq_date": "2026-09-26",
        "acq_time": "26",
        "satellite": "N",
        "brightness": null,
        "NAME_1": "Lipetsk",
        "locality": "Lipetskiy rayon"
      }
    },
    {
      "type": "Feature",
      "geometry": {
        "type": "Polygon",
        "coordinates": [
          [
            [
              39.60102,
              52.54781
            ],
            [
              39.60102,
              52.56281
            ],
            [
              39.58602,
              52.56281
            ],
            [
              39.58602,
              52.54781
            ],
            [
              39.60102,
              52.54781
            ]
          ]
        ]
      },
      "properties": {
        "frp": 1.69,
        "acq_date": "2026-09-26",
        "acq_time": "26",
        "satellite": "N",
        "brightness": null,
        "NAME_1": "Lipetsk",
        "locality": "Lipetsk"
      }
    },
    {
      "type": "Feature",
      "geometry": {
        "type": "Polygon",
        "coordinates": [
          [
            [
              39.61642,
              52.54859
            ],
            [
              39.61642,
              52.56359
            ],
            [
              39.60142,
              52.56359
            ],
            [
              39.60142,
              52.54859
            ],
            [
              39.61642,
              52.54859
            ]
          ]
        ]
      },
      "properties": {
        "frp": 1.55,
        "acq_date": "2026-09-26",
        "acq_time": "26",
        "satellite": "N",
        "brightness": null,
        "NAME_1": "Lipetsk",
        "locality": "Lipetsk"
      }
    },
    {
      "type": "Feature",
      "geometry": {
        "type": "Polygon",
        "coordinates": [
          [
            [
              39.57952,
              52.5486
            ],
            [
              39.57952,
              52.5636
            ],
            [
              39.56452,
              52.5636
            ],
            [
              39.56452,
              52.5486
            ],
            [
              39.57952,
              52.5486
            ]
          ]
        ]
      },
      "properties": {
        "frp": 1.59,
        "acq_date": "2026-09-26",
        "acq_time": "26",
        "satellite": "N",
        "brightness": null,
        "NAME_1": "Lipetsk",
        "locality": "Lipetskiy rayon"
      }
    },
    {
      "type": "Feature",
      "geometry": {
        "type": "Polygon",
        "coordinates": [
          [
            [
              39.60384,
              52.55183
            ],
            [
              39.60384,
              52.56683
            ],
            [
              39.58884,
              52.56683
            ],
            [
              39.58884,
              52.55183
            ],
            [
              39.60384,
              52.55183
            ]
          ]
        ]
      },
      "properties": {
        "frp": 0.93,
        "acq_date": "2026-09-26",
        "acq_time": "26",
        "satellite": "N",
        "brightness": null,
        "NAME_1": "Lipetsk",
        "locality": "Lipetsk"
      }
    },
    {
      "type": "Feature",
      "geometry": {
        "type": "Polygon",
        "coordinates": [
          [
            [
              39.60666,
              52.55586
            ],
            [
              39.60666,
              52.57086
            ],
            [
              39.59166,
              52.57086
            ],
            [
              39.59166,
              52.55586
            ],
            [
              39.60666,
              52.55586
            ]
          ]
        ]
      },
      "properties": {
        "frp": 0.93,
        "acq_date": "2026-09-26",
        "acq_time": "26",
        "satellite": "N",
        "brightness": null,
        "NAME_1": "Lipetsk",
        "locality": "Lipetsk"
      }
    },
    {
      "type": "Feature",
      "geometry": {
        "type": "Polygon",
        "coordinates": [
          [
            [
              39.71193,
              52.55733
            ],
            [
              39.71193,
              52.57233
            ],
            [
              39.69693,
              52.57233
            ],
            [
              39.69693,
              52.55733
            ],
            [
              39.71193,
              52.55733
            ]
          ]
        ]
      },
      "properties": {
        "frp": 1.38,
        "acq_date": "2026-09-26",
        "acq_time": "26",
        "satellite": "N",
        "brightness": null,
        "NAME_1": "Lipetsk",
        "locality": "Lipetskiy rayon"
      }
    },
    {
      "type": "Feature",
      "geometry": {
        "type": "Polygon",
        "coordinates": [
          [
            [
              39.70562,
              52.55896
            ],
            [
              39.70562,
              52.57396
            ],
            [
              39.69062,
              52.57396
            ],
            [
              39.69062,
              52.55896
            ],
            [
              39.70562,
              52.55896
            ]
          ]
        ]
      },
      "properties": {
        "frp": 1.38,
        "acq_date": "2026-09-26",
        "acq_time": "26",
        "satellite": "N",
        "brightness": null,
        "NAME_1": "Lipetsk",
        "locality": "Lipetskiy rayon"
      }
    },
    {
      "type": "Feature",
      "geometry": {
        "type": "Polygon",
        "coordinates": [
          [
            [
              37.81684,
              44.7289
            ],
            [
              37.81684,
              44.743900000000004
            ],
            [
              37.80184,
              44.743900000000004
            ],
            [
              37.80184,
              44.7289
            ],
            [
              37.81684,
              44.7289
            ]
          ]
        ]
      },
      "properties": {
        "frp": 1.99,
        "acq_date": "2026-09-26",
        "acq_time": "28",
        "satellite": "N",
        "brightness": null,
        "NAME_1": "Krasnodar",
        "locality": "Gelendzhik gorsovet"
      }
    },
    {
      "type": "Feature",
      "geometry": {
        "type": "Polygon",
        "coordinates": [
          [
            [
              33.87045,
              44.76638
            ],
            [
              33.87045,
              44.78138
            ],
            [
              33.85545,
              44.78138
            ],
            [
              33.85545,
              44.76638
            ],
            [
              33.87045,
              44.76638
            ]
          ]
        ]
      },
      "properties": {
        "frp": 0.94,
        "acq_date": "2026-09-26",
        "acq_time": "28",
        "satellite": "N",
        "brightness": null,
        "NAME_1": "Crimea",
        "locality": "Bakhchysarais'kyi"
      }
    },
    {
      "type": "Feature",
      "geometry": {
        "type": "Polygon",
        "coordinates": [
          [
            [
              37.68134,
              44.83083
            ],
            [
              37.68134,
              44.84583
            ],
            [
              37.66634,
              44.84583
            ],
            [
              37.66634,
              44.83083
            ],
            [
              37.68134,
              44.83083
            ]
          ]
        ]
      },
      "properties": {
        "frp": 1.78,
        "acq_date": "2026-09-26",
        "acq_time": "28",
        "satellite": "N",
        "brightness": null,
        "NAME_1": "Krasnodar",
        "locality": "Novorossiysk gorsovet"
      }
    },
    {
      "type": "Feature",
      "geometry": {
        "type": "Polygon",
        "coordinates": [
          [
            [
              38.12665,
              44.87759
            ],
            [
              38.12665,
              44.89259
            ],
            [
              38.11165,
              44.89259
            ],
            [
              38.11165,
              44.87759
            ],
            [
              38.12665,
              44.87759
            ]
          ]
        ]
      },
      "properties": {
        "frp": 0.75,
        "acq_date": "2026-09-26",
        "acq_time": "28",
        "satellite": "N",
        "brightness": null,
        "NAME_1": "Krasnodar",
        "locality": "Abinskiy rayon"
      }
    },
    {
      "type": "Feature",
      "geometry": {
        "type": "Polygon",
        "coordinates": [
          [
            [
              25.425060000000002,
              45.11631
            ],
            [
              25.425060000000002,
              45.13131
            ],
            [
              25.41006,
              45.13131
            ],
            [
              25.41006,
              45.11631
            ],
            [
              25.425060000000002,
              45.11631
            ]
          ]
        ]
      },
      "properties": {
        "frp": 1.34,
        "acq_date": "2026-09-26",
        "acq_time": "28",
        "satellite": "N",
        "brightness": null,
        "NAME_1": "",
        "locality": ""
      }
    },
    {
      "type": "Feature",
      "geometry": {
        "type": "Polygon",
        "coordinates": [
          [
            [
              31.68016,
              45.249629999999996
            ],
            [
              31.68016,
              45.26463
            ],
            [
              31.66516,
              45.26463
            ],
            [
              31.66516,
              45.249629999999996
            ],
            [
              31.68016,
              45.249629999999996
            ]
          ]
        ]
      },
      "properties": {
        "frp": 5.2,
        "acq_date": "2026-09-26",
        "acq_time": "28",
        "satellite": "N",
        "brightness": null,
        "NAME_1": "",
        "locality": ""
      }
    },
    {
      "type": "Feature",
      "geometry": {
        "type": "Polygon",
        "coordinates": [
          [
            [
              30.9118,
              45.34828
            ],
            [
              30.9118,
              45.36328
            ],
            [
              30.8968,
              45.36328
            ],
            [
              30.8968,
              45.34828
            ],
            [
              30.9118,
              45.34828
            ]
          ]
        ]
      },
      "properties": {
        "frp": 1.53,
        "acq_date": "2026-09-26",
        "acq_time": "28",
        "satellite": "N",
        "brightness": null,
        "NAME_1": "",
        "locality": ""
      }
    },
    {
      "type": "Feature",
      "geometry": {
        "type": "Polygon",
        "coordinates": [
          [
            [
              30.10967,
              46.42475
            ],
            [
              30.10967,
              46.439750000000004
            ],
            [
              30.09467,
              46.439750000000004
            ],
            [
              30.09467,
              46.42475
            ],
            [
              30.10967,
              46.42475
            ]
          ]
        ]
      },
      "properties": {
        "frp": 1.03,
        "acq_date": "2026-09-26",
        "acq_time": "28",
        "satellite": "N",
        "brightness": null,
        "NAME_1": "",
        "locality": ""
      }
    },
    {
      "type": "Feature",
      "geometry": {
        "type": "Polygon",
        "coordinates": [
          [
            [
              30.10419,
              46.4258
            ],
            [
              30.10419,
              46.4408
            ],
            [
              30.08919,
              46.4408
            ],
            [
              30.08919,
              46.4258
            ],
            [
              30.10419,
              46.4258
            ]
          ]
        ]
      },
      "properties": {
        "frp": 1.03,
        "acq_date": "2026-09-26",
        "acq_time": "28",
        "satellite": "N",
        "brightness": null,
        "NAME_1": "",
        "locality": ""
      }
    },
    {
      "type": "Feature",
      "geometry": {
        "type": "Polygon",
        "coordinates": [
          [
            [
              38.48354,
              47.82332
            ],
            [
              38.48354,
              47.83832
            ],
            [
              38.46854,
              47.83832
            ],
            [
              38.46854,
              47.82332
            ],
            [
              38.48354,
              47.82332
            ]
          ]
        ]
      },
      "properties": {
        "frp": 0.76,
        "acq_date": "2026-09-26",
        "acq_time": "28",
        "satellite": "N",
        "brightness": null,
        "NAME_1": "Donets'k",
        "locality": "Amvrosi\u2039vs'kyi"
      }
    },
    {
      "type": "Feature",
      "geometry": {
        "type": "Polygon",
        "coordinates": [
          [
            [
              35.73356,
              47.99145
            ],
            [
              35.73356,
              48.00645
            ],
            [
              35.71856,
              48.00645
            ],
            [
              35.71856,
              47.99145
            ],
            [
              35.73356,
              47.99145
            ]
          ]
        ]
      },
      "properties": {
        "frp": 2.7,
        "acq_date": "2026-09-26",
        "acq_time": "28",
        "satellite": "N",
        "brightness": null,
        "NAME_1": "Zaporizhia",
        "locality": "Vil'nians'kyi"
      }
    },
    {
      "type": "Feature",
      "geometry": {
        "type": "Polygon",
        "coordinates": [
          [
            [
              35.72808,
              47.99277
            ],
            [
              35.72808,
              48.00777
            ],
            [
              35.71308,
              48.00777
            ],
            [
              35.71308,
              47.99277
            ],
            [
              35.72808,
              47.99277
            ]
          ]
        ]
      },
      "properties": {
        "frp": 2.7,
        "acq_date": "2026-09-26",
        "acq_time": "28",
        "satellite": "N",
        "brightness": null,
        "NAME_1": "Zaporizhia",
        "locality": "Vil'nians'kyi"
      }
    },
    {
      "type": "Feature",
      "geometry": {
        "type": "Polygon",
        "coordinates": [
          [
            [
              37.40777,
              48.11865
            ],
            [
              37.40777,
              48.13365
            ],
            [
              37.39277,
              48.13365
            ],
            [
              37.39277,
              48.11865
            ],
            [
              37.40777,
              48.11865
            ]
          ]
        ]
      },
      "properties": {
        "frp": 1.2,
        "acq_date": "2026-09-26",
        "acq_time": "28",
        "satellite": "N",
        "brightness": null,
        "NAME_1": "Donets'k",
        "locality": "Krasnoarmiis'kyi"
      }
    },
    {
      "type": "Feature",
      "geometry": {
        "type": "Polygon",
        "coordinates": [
          [
            [
              37.26268,
              48.34928
            ],
            [
              37.26268,
              48.36428
            ],
            [
              37.24768,
              48.36428
            ],
            [
              37.24768,
              48.34928
            ],
            [
              37.26268,
              48.34928
            ]
          ]
        ]
      },
      "properties": {
        "frp": 0.76,
        "acq_date": "2026-09-26",
        "acq_time": "28",
        "satellite": "N",
        "brightness": null,
        "NAME_1": "Donets'k",
        "locality": "Krasnoarmiis'kyi"
      }
    },
    {
      "type": "Feature",
      "geometry": {
        "type": "Polygon",
        "coordinates": [
          [
            [
              38.76902,
              48.45942
            ],
            [
              38.76902,
              48.47442
            ],
            [
              38.75402,
              48.47442
            ],
            [
              38.75402,
              48.45942
            ],
            [
              38.76902,
              48.45942
            ]
          ]
        ]
      },
      "properties": {
        "frp": 1.28,
        "acq_date": "2026-09-26",
        "acq_time": "28",
        "satellite": "N",
        "brightness": null,
        "NAME_1": "Luhans'k",
        "locality": "Alchevs'ka"
      }
    },
    {
      "type": "Feature",
      "geometry": {
        "type": "Polygon",
        "coordinates": [
          [
            [
              22.25194,
              48.575829999999996
            ],
            [
              22.25194,
              48.59083
            ],
            [
              22.23694,
              48.59083
            ],
            [
              22.23694,
              48.575829999999996
            ],
            [
              22.25194,
              48.575829999999996
            ]
          ]
        ]
      },
      "properties": {
        "frp": 1.08,
        "acq_date": "2026-09-26",
        "acq_time": "28",
        "satellite": "N",
        "brightness": null,
        "NAME_1": "Zakarpattia",
        "locality": "Uzhhorods'kyi"
      }
    },
    {
      "type": "Feature",
      "geometry": {
        "type": "Polygon",
        "coordinates": [
          [
            [
              22.25269,
              48.57803
            ],
            [
              22.25269,
              48.59303
            ],
            [
              22.23769,
              48.59303
            ],
            [
              22.23769,
              48.57803
            ],
            [
              22.25269,
              48.57803
            ]
          ]
        ]
      },
      "properties": {
        "frp": 0.36,
        "acq_date": "2026-09-26",
        "acq_time": "28",
        "satellite": "N",
        "brightness": null,
        "NAME_1": "Zakarpattia",
        "locality": "Uzhhorods'kyi"
      }
    },
    {
      "type": "Feature",
      "geometry": {
        "type": "Polygon",
        "coordinates": [
          [
            [
              37.65915,
              48.74767
            ],
            [
              37.65915,
              48.76267
            ],
            [
              37.644149999999996,
              48.76267
            ],
            [
              37.644149999999996,
              48.74767
            ],
            [
              37.65915,
              48.74767
            ]
          ]
        ]
      },
      "properties": {
        "frp": 0.37,
        "acq_date": "2026-09-26",
        "acq_time": "28",
        "satellite": "N",
        "brightness": null,
        "NAME_1": "Donets'k",
        "locality": "Kramators'ka"
      }
    },
    {
      "type": "Feature",
      "geometry": {
        "type": "Polygon",
        "coordinates": [
          [
            [
              25.54686,
              50.69574
            ],
            [
              25.54686,
              50.71074
            ],
            [
              25.531859999999998,
              50.71074
            ],
            [
              25.531859999999998,
              50.69574
            ],
            [
              25.54686,
              50.69574
            ]
          ]
        ]
      },
      "properties": {
        "frp": 1.2,
        "acq_date": "2026-09-26",
        "acq_time": "209",
        "satellite": "N",
        "brightness": null,
        "NAME_1": "Volyn",
        "locality": "Luts'kyi"
      }
    },
    {
      "type": "Feature",
      "geometry": {
        "type": "Polygon",
        "coordinates": [
          [
            [
              25.54799,
              50.703
            ],
            [
              25.54799,
              50.718
            ],
            [
              25.532989999999998,
              50.718
            ],
            [
              25.532989999999998,
              50.703
            ],
            [
              25.54799,
              50.703
            ]
          ]
        ]
      },
      "properties": {
        "frp": 0.93,
        "acq_date": "2026-09-26",
        "acq_time": "209",
        "satellite": "N",
        "brightness": null,
        "NAME_1": "Volyn",
        "locality": "Luts'kyi"
      }
    },
    {
      "type": "Feature",
      "geometry": {
        "type": "Polygon",
        "coordinates": [
          [
            [
              39.58096,
              52.54853
            ],
            [
              39.58096,
              52.56353
            ],
            [
              39.56596,
              52.56353
            ],
            [
              39.56596,
              52.54853
            ],
            [
              39.58096,
              52.54853
            ]
          ]
        ]
      },
      "properties": {
        "frp": 8.43,
        "acq_date": "2026-09-26",
        "acq_time": "837",
        "satellite": "N",
        "brightness": null,
        "NAME_1": "Lipetsk",
        "locality": "Lipetsk"
      }
    },
    {
      "type": "Feature",
      "geometry": {
        "type": "Polygon",
        "coordinates": [
          [
            [
              39.578540000000004,
              52.55316
            ],
            [
              39.578540000000004,
              52.56816
            ],
            [
              39.56354,
              52.56816
            ],
            [
              39.56354,
              52.55316
            ],
            [
              39.578540000000004,
              52.55316
            ]
          ]
        ]
      },
      "properties": {
        "frp": 7.9,
        "acq_date": "2026-09-26",
        "acq_time": "837",
        "satellite": "N",
        "brightness": null,
        "NAME_1": "Lipetsk",
        "locality": "Lipetsk"
      }
    },
    {
      "type": "Feature",
      "geometry": {
        "type": "Polygon",
        "coordinates": [
          [
            [
              37.76035,
              45.16186
            ],
            [
              37.76035,
              45.17686
            ],
            [
              37.74535,
              45.17686
            ],
            [
              37.74535,
              45.16186
            ],
            [
              37.76035,
              45.16186
            ]
          ]
        ]
      },
      "properties": {
        "frp": 7.64,
        "acq_date": "2026-09-26",
        "acq_time": "1013",
        "satellite": "N",
        "brightness": null,
        "NAME_1": "Krasnodar",
        "locality": "Krymskiy rayon"
      }
    },
    {
      "type": "Feature",
      "geometry": {
        "type": "Polygon",
        "coordinates": [
          [
            [
              37.75327,
              45.16425
            ],
            [
              37.75327,
              45.17925
            ],
            [
              37.73827,
              45.17925
            ],
            [
              37.73827,
              45.16425
            ],
            [
              37.75327,
              45.16425
            ]
          ]
        ]
      },
      "properties": {
        "frp": 2.6,
        "acq_date": "2026-09-26",
        "acq_time": "1013",
        "satellite": "N",
        "brightness": null,
        "NAME_1": "Krasnodar",
        "locality": "Krymskiy rayon"
      }
    },
    {
      "type": "Feature",
      "geometry": {
        "type": "Polygon",
        "coordinates": [
          [
            [
              37.75897,
              45.16537
            ],
            [
              37.75897,
              45.18037
            ],
            [
              37.74397,
              45.18037
            ],
            [
              37.74397,
              45.16537
            ],
            [
              37.75897,
              45.16537
            ]
          ]
        ]
      },
      "properties": {
        "frp": 7.64,
        "acq_date": "2026-09-26",
        "acq_time": "1013",
        "satellite": "N",
        "brightness": null,
        "NAME_1": "Krasnodar",
        "locality": "Krymskiy rayon"
      }
    },
    {
      "type": "Feature",
      "geometry": {
        "type": "Polygon",
        "coordinates": [
          [
            [
              37.94963,
              45.17635
            ],
            [
              37.94963,
              45.19135
            ],
            [
              37.93463,
              45.19135
            ],
            [
              37.93463,
              45.17635
            ],
            [
              37.94963,
              45.17635
            ]
          ]
        ]
      },
      "properties": {
        "frp": 2.9,
        "acq_date": "2026-09-26",
        "acq_time": "1013",
        "satellite": "N",
        "brightness": null,
        "NAME_1": "Krasnodar",
        "locality": "Krymskiy rayon"
      }
    },
    {
      "type": "Feature",
      "geometry": {
        "type": "Polygon",
        "coordinates": [
          [
            [
              37.9539,
              45.18093
            ],
            [
              37.9539,
              45.19593
            ],
            [
              37.9389,
              45.19593
            ],
            [
              37.9389,
              45.18093
            ],
            [
              37.9539,
              45.18093
            ]
          ]
        ]
      },
      "properties": {
        "frp": 2.9,
        "acq_date": "2026-09-26",
        "acq_time": "1013",
        "satellite": "N",
        "brightness": null,
        "NAME_1": "Krasnodar",
        "locality": "Krymskiy rayon"
      }
    },
    {
      "type": "Feature",
      "geometry": {
        "type": "Polygon",
        "coordinates": [
          [
            [
              37.81374,
              45.22887
            ],
            [
              37.81374,
              45.24387
            ],
            [
              37.79874,
              45.24387
            ],
            [
              37.79874,
              45.22887
            ],
            [
              37.81374,
              45.22887
            ]
          ]
        ]
      },
      "properties": {
        "frp": 3.54,
        "acq_date": "2026-09-26",
        "acq_time": "1013",
        "satellite": "N",
        "brightness": null,
        "NAME_1": "Krasnodar",
        "locality": "Slavyanskiy rayon"
      }
    },
    {
      "type": "Feature",
      "geometry": {
        "type": "Polygon",
        "coordinates": [
          [
            [
              37.81238,
              45.23237
            ],
            [
              37.81238,
              45.247370000000004
            ],
            [
              37.79738,
              45.247370000000004
            ],
            [
              37.79738,
              45.23237
            ],
            [
              37.81238,
              45.23237
            ]
          ]
        ]
      },
      "properties": {
        "frp": 3.75,
        "acq_date": "2026-09-26",
        "acq_time": "1013",
        "satellite": "N",
        "brightness": null,
        "NAME_1": "Krasnodar",
        "locality": "Slavyanskiy rayon"
      }
    },
    {
      "type": "Feature",
      "geometry": {
        "type": "Polygon",
        "coordinates": [
          [
            [
              37.79397,
              45.23257
            ],
            [
              37.79397,
              45.24757
            ],
            [
              37.77897,
              45.24757
            ],
            [
              37.77897,
              45.23257
            ],
            [
              37.79397,
              45.23257
            ]
          ]
        ]
      },
      "properties": {
        "frp": 6.15,
        "acq_date": "2026-09-26",
        "acq_time": "1013",
        "satellite": "N",
        "brightness": null,
        "NAME_1": "Krasnodar",
        "locality": "Slavyanskiy rayon"
      }
    },
    {
      "type": "Feature",
      "geometry": {
        "type": "Polygon",
        "coordinates": [
          [
            [
              37.79722,
              45.2348
            ],
            [
              37.79722,
              45.2498
            ],
            [
              37.78222,
              45.2498
            ],
            [
              37.78222,
              45.2348
            ],
            [
              37.79722,
              45.2348
            ]
          ]
        ]
      },
      "properties": {
        "frp": 3.77,
        "acq_date": "2026-09-26",
        "acq_time": "1013",
        "satellite": "N",
        "brightness": null,
        "NAME_1": "Krasnodar",
        "locality": "Slavyanskiy rayon"
      }
    },
    {
      "type": "Feature",
      "geometry": {
        "type": "Polygon",
        "coordinates": [
          [
            [
              37.75766,
              45.24209
            ],
            [
              37.75766,
              45.25709
            ],
            [
              37.74266,
              45.25709
            ],
            [
              37.74266,
              45.24209
            ],
            [
              37.75766,
              45.24209
            ]
          ]
        ]
      },
      "properties": {
        "frp": 14.35,
        "acq_date": "2026-09-26",
        "acq_time": "1013",
        "satellite": "N",
        "brightness": null,
        "NAME_1": "Krasnodar",
        "locality": "Slavyanskiy rayon"
      }
    },
    {
      "type": "Feature",
      "geometry": {
        "type": "Polygon",
        "coordinates": [
          [
            [
              37.75059,
              45.24447
            ],
            [
              37.75059,
              45.25947
            ],
            [
              37.73559,
              45.25947
            ],
            [
              37.73559,
              45.24447
            ],
            [
              37.75059,
              45.24447
            ]
          ]
        ]
      },
      "properties": {
        "frp": 2.61,
        "acq_date": "2026-09-26",
        "acq_time": "1013",
        "satellite": "N",
        "brightness": null,
        "NAME_1": "Krasnodar",
        "locality": "Slavyanskiy rayon"
      }
    },
    {
      "type": "Feature",
      "geometry": {
        "type": "Polygon",
        "coordinates": [
          [
            [
              37.75628,
              45.24559
            ],
            [
              37.75628,
              45.26059
            ],
            [
              37.741279999999996,
              45.26059
            ],
            [
              37.741279999999996,
              45.24559
            ],
            [
              37.75628,
              45.24559
            ]
          ]
        ]
      },
      "properties": {
        "frp": 14.35,
        "acq_date": "2026-09-26",
        "acq_time": "1013",
        "satellite": "N",
        "brightness": null,
        "NAME_1": "Krasnodar",
        "locality": "Slavyanskiy rayon"
      }
    },
    {
      "type": "Feature",
      "geometry": {
        "type": "Polygon",
        "coordinates": [
          [
            [
              37.86768,
              45.246809999999996
            ],
            [
              37.86768,
              45.26181
            ],
            [
              37.85268,
              45.26181
            ],
            [
              37.85268,
              45.246809999999996
            ],
            [
              37.86768,
              45.246809999999996
            ]
          ]
        ]
      },
      "properties": {
        "frp": 16.03,
        "acq_date": "2026-09-26",
        "acq_time": "1013",
        "satellite": "N",
        "brightness": null,
        "NAME_1": "Krasnodar",
        "locality": "Slavyanskiy rayon"
      }
    },
    {
      "type": "Feature",
      "geometry": {
        "type": "Polygon",
        "coordinates": [
          [
            [
              31.68309,
              45.24799
            ],
            [
              31.68309,
              45.26299
            ],
            [
              31.66809,
              45.26299
            ],
            [
              31.66809,
              45.24799
            ],
            [
              31.68309,
              45.24799
            ]
          ]
        ]
      },
      "properties": {
        "frp": 3.75,
        "acq_date": "2026-09-26",
        "acq_time": "1013",
        "satellite": "N",
        "brightness": null,
        "NAME_1": "",
        "locality": ""
      }
    },
    {
      "type": "Feature",
      "geometry": {
        "type": "Polygon",
        "coordinates": [
          [
            [
              37.86512,
              45.24819
            ],
            [
              37.86512,
              45.26319
            ],
            [
              37.85012,
              45.26319
            ],
            [
              37.85012,
              45.24819
            ],
            [
              37.86512,
              45.24819
            ]
          ]
        ]
      },
      "properties": {
        "frp": 10.34,
        "acq_date": "2026-09-26",
        "acq_time": "1013",
        "satellite": "N",
        "brightness": null,
        "NAME_1": "Krasnodar",
        "locality": "Slavyanskiy rayon"
      }
    },
    {
      "type": "Feature",
      "geometry": {
        "type": "Polygon",
        "coordinates": [
          [
            [
              37.87077,
              45.24929
            ],
            [
              37.87077,
              45.26429
            ],
            [
              37.85577,
              45.26429
            ],
            [
              37.85577,
              45.24929
            ],
            [
              37.87077,
              45.24929
            ]
          ]
        ]
      },
      "properties": {
        "frp": 10.34,
        "acq_date": "2026-09-26",
        "acq_time": "1013",
        "satellite": "N",
        "brightness": null,
        "NAME_1": "Krasnodar",
        "locality": "Slavyanskiy rayon"
      }
    },
    {
      "type": "Feature",
      "geometry": {
        "type": "Polygon",
        "coordinates": [
          [
            [
              37.86631,
              45.2503
            ],
            [
              37.86631,
              45.2653
            ],
            [
              37.85131,
              45.2653
            ],
            [
              37.85131,
              45.2503
            ],
            [
              37.86631,
              45.2503
            ]
          ]
        ]
      },
      "properties": {
        "frp": 6.09,
        "acq_date": "2026-09-26",
        "acq_time": "1013",
        "satellite": "N",
        "brightness": null,
        "NAME_1": "Krasnodar",
        "locality": "Slavyanskiy rayon"
      }
    },
    {
      "type": "Feature",
      "geometry": {
        "type": "Polygon",
        "coordinates": [
          [
            [
              31.68083,
              45.25244
            ],
            [
              31.68083,
              45.26744
            ],
            [
              31.66583,
              45.26744
            ],
            [
              31.66583,
              45.25244
            ],
            [
              31.68083,
              45.25244
            ]
          ]
        ]
      },
      "properties": {
        "frp": 4.83,
        "acq_date": "2026-09-26",
        "acq_time": "1013",
        "satellite": "N",
        "brightness": null,
        "NAME_1": "",
        "locality": ""
      }
    },
    {
      "type": "Feature",
      "geometry": {
        "type": "Polygon",
        "coordinates": [
          [
            [
              37.87076,
              45.46099
            ],
            [
              37.87076,
              45.47599
            ],
            [
              37.85576,
              45.47599
            ],
            [
              37.85576,
              45.46099
            ],
            [
              37.87076,
              45.46099
            ]
          ]
        ]
      },
      "properties": {
        "frp": 19.2,
        "acq_date": "2026-09-26",
        "acq_time": "1013",
        "satellite": "N",
        "brightness": null,
        "NAME_1": "Krasnodar",
        "locality": "Slavyanskiy rayon"
      }
    },
    {
      "type": "Feature",
      "geometry": {
        "type": "Polygon",
        "coordinates": [
          [
            [
              37.94762,
              45.61107
            ],
            [
              37.94762,
              45.62607
            ],
            [
              37.93262,
              45.62607
            ],
            [
              37.93262,
              45.61107
            ],
            [
              37.94762,
              45.61107
            ]
          ]
        ]
      },
      "properties": {
        "frp": 3.19,
        "acq_date": "2026-09-26",
        "acq_time": "1013",
        "satellite": "N",
        "brightness": null,
        "NAME_1": "Krasnodar",
        "locality": "Slavyanskiy rayon"
      }
    },
    {
      "type": "Feature",
      "geometry": {
        "type": "Polygon",
        "coordinates": [
          [
            [
              38.60373,
              45.69529
            ],
            [
              38.60373,
              45.71029
            ],
            [
              38.58873,
              45.71029
            ],
            [
              38.58873,
              45.69529
            ],
            [
              38.60373,
              45.69529
            ]
          ]
        ]
      },
      "properties": {
        "frp": 2.97,
        "acq_date": "2026-09-26",
        "acq_time": "1013",
        "satellite": "N",
        "brightness": null,
        "NAME_1": "Krasnodar",
        "locality": "Kalininskiy rayon"
      }
    },
    {
      "type": "Feature",
      "geometry": {
        "type": "Polygon",
        "coordinates": [
          [
            [
              38.88184,
              45.98832
            ],
            [
              38.88184,
              46.00332
            ],
            [
              38.866839999999996,
              46.00332
            ],
            [
              38.866839999999996,
              45.98832
            ],
            [
              38.88184,
              45.98832
            ]
          ]
        ]
      },
      "properties": {
        "frp": 2.69,
        "acq_date": "2026-09-26",
        "acq_time": "1013",
        "satellite": "N",
        "brightness": null,
        "NAME_1": "Krasnodar",
        "locality": "Bryukhovetskiy rayon"
      }
    },
    {
      "type": "Feature",
      "geometry": {
        "type": "Polygon",
        "coordinates": [
          [
            [
              39.83391,
              46.38737
            ],
            [
              39.83391,
              46.40237
            ],
            [
              39.81891,
              46.40237
            ],
            [
              39.81891,
              46.38737
            ],
            [
              39.83391,
              46.38737
            ]
          ]
        ]
      },
      "properties": {
        "frp": 4.57,
        "acq_date": "2026-09-26",
        "acq_time": "1013",
        "satellite": "N",
        "brightness": null,
        "NAME_1": "Krasnodar",
        "locality": "Krylovskiy rayon"
      }
    },
    {
      "type": "Feature",
      "geometry": {
        "type": "Polygon",
        "coordinates": [
          [
            [
              39.83899,
              46.38825
            ],
            [
              39.83899,
              46.40325
            ],
            [
              39.82399,
              46.40325
            ],
            [
              39.82399,
              46.38825
            ],
            [
              39.83899,
              46.38825
            ]
          ]
        ]
      },
      "properties": {
        "frp": 4.57,
        "acq_date": "2026-09-26",
        "acq_time": "1013",
        "satellite": "N",
        "brightness": null,
        "NAME_1": "Krasnodar",
        "locality": "Krylovskiy rayon"
      }
    },
    {
      "type": "Feature",
      "geometry": {
        "type": "Polygon",
        "coordinates": [
          [
            [
              23.74742,
              46.72636
            ],
            [
              23.74742,
              46.74136
            ],
            [
              23.73242,
              46.74136
            ],
            [
              23.73242,
              46.72636
            ],
            [
              23.74742,
              46.72636
            ]
          ]
        ]
      },
      "properties": {
        "frp": 3.99,
        "acq_date": "2026-09-26",
        "acq_time": "1013",
        "satellite": "N",
        "brightness": null,
        "NAME_1": "",
        "locality": ""
      }
    },
    {
      "type": "Feature",
      "geometry": {
        "type": "Polygon",
        "coordinates": [
          [
            [
              30.80902,
              47.51534
            ],
            [
              30.80902,
              47.53034
            ],
            [
              30.79402,
              47.53034
            ],
            [
              30.79402,
              47.51534
            ],
            [
              30.80902,
              47.51534
            ]
          ]
        ]
      },
      "properties": {
        "frp": 4.15,
        "acq_date": "2026-09-26",
        "acq_time": "1013",
        "satellite": "N",
        "brightness": null,
        "NAME_1": "Odessa",
        "locality": "Mykola\u2039vs'kyi"
      }
    },
    {
      "type": "Feature",
      "geometry": {
        "type": "Polygon",
        "coordinates": [
          [
            [
              30.80664,
              47.51966
            ],
            [
              30.80664,
              47.53466
            ],
            [
              30.79164,
              47.53466
            ],
            [
              30.79164,
              47.51966
            ],
            [
              30.80664,
              47.51966
            ]
          ]
        ]
      },
      "properties": {
        "frp": 4.15,
        "acq_date": "2026-09-26",
        "acq_time": "1013",
        "satellite": "N",
        "brightness": null,
        "NAME_1": "Odessa",
        "locality": "Mykola\u2039vs'kyi"
      }
    },
    {
      "type": "Feature",
      "geometry": {
        "type": "Polygon",
        "coordinates": [
          [
            [
              37.88113,
              48.35675
            ],
            [
              37.88113,
              48.37175
            ],
            [
              37.86613,
              48.37175
            ],
            [
              37.86613,
              48.35675
            ],
            [
              37.88113,
              48.35675
            ]
          ]
        ]
      },
      "properties": {
        "frp": 5.12,
        "acq_date": "2026-09-26",
        "acq_time": "1013",
        "satellite": "N",
        "brightness": null,
        "NAME_1": "Donets'k",
        "locality": "Dzerzhyns'ka"
      }
    },
    {
      "type": "Feature",
      "geometry": {
        "type": "Polygon",
        "coordinates": [
          [
            [
              37.88662,
              48.35776
            ],
            [
              37.88662,
              48.37276
            ],
            [
              37.87162,
              48.37276
            ],
            [
              37.87162,
              48.35776
            ],
            [
              37.88662,
              48.35776
            ]
          ]
        ]
      },
      "properties": {
        "frp": 5.19,
        "acq_date": "2026-09-26",
        "acq_time": "1013",
        "satellite": "N",
        "brightness": null,
        "NAME_1": "Donets'k",
        "locality": "Dzerzhyns'ka"
      }
    },
    {
      "type": "Feature",
      "geometry": {
        "type": "Polygon",
        "coordinates": [
          [
            [
              36.86647,
              48.38646
            ],
            [
              36.86647,
              48.40146
            ],
            [
              36.85147,
              48.40146
            ],
            [
              36.85147,
              48.38646
            ],
            [
              36.86647,
              48.38646
            ]
          ]
        ]
      },
      "properties": {
        "frp": 3.96,
        "acq_date": "2026-09-26",
        "acq_time": "1013",
        "satellite": "N",
        "brightness": null,
        "NAME_1": "Donets'k",
        "locality": "Dobropil's'kyi"
      }
    },
    {
      "type": "Feature",
      "geometry": {
        "type": "Polygon",
        "coordinates": [
          [
            [
              36.86498,
              48.38988
            ],
            [
              36.86498,
              48.40488
            ],
            [
              36.84998,
              48.40488
            ],
            [
              36.84998,
              48.38988
            ],
            [
              36.86498,
              48.38988
            ]
          ]
        ]
      },
      "properties": {
        "frp": 3.96,
        "acq_date": "2026-09-26",
        "acq_time": "1013",
        "satellite": "N",
        "brightness": null,
        "NAME_1": "Donets'k",
        "locality": "Dobropil's'kyi"
      }
    },
    {
      "type": "Feature",
      "geometry": {
        "type": "Polygon",
        "coordinates": [
          [
            [
              29.621380000000002,
              50.51813
            ],
            [
              29.621380000000002,
              50.53313
            ],
            [
              29.60638,
              50.53313
            ],
            [
              29.60638,
              50.51813
            ],
            [
              29.621380000000002,
              50.51813
            ]
          ]
        ]
      },
      "properties": {
        "frp": 2.74,
        "acq_date": "2026-09-26",
        "acq_time": "1015",
        "satellite": "N",
        "brightness": null,
        "NAME_1": "Kiev",
        "locality": "Makarivs'kyi"
      }
    },
    {
      "type": "Feature",
      "geometry": {
        "type": "Polygon",
        "coordinates": [
          [
            [
              33.97002,
              52.14581
            ],
            [
              33.97002,
              52.16081
            ],
            [
              33.95502,
              52.16081
            ],
            [
              33.95502,
              52.14581
            ],
            [
              33.97002,
              52.14581
            ]
          ]
        ]
      },
      "properties": {
        "frp": 3.98,
        "acq_date": "2026-09-26",
        "acq_time": "1015",
        "satellite": "N",
        "brightness": null,
        "NAME_1": "Sumy",
        "locality": "Seredyno-Buds'kyi"
      }
    },
    {
      "type": "Feature",
      "geometry": {
        "type": "Polygon",
        "coordinates": [
          [
            [
              33.96816,
              52.14927
            ],
            [
              33.96816,
              52.16427
            ],
            [
              33.95316,
              52.16427
            ],
            [
              33.95316,
              52.14927
            ],
            [
              33.96816,
              52.14927
            ]
          ]
        ]
      },
      "properties": {
        "frp": 5.03,
        "acq_date": "2026-09-26",
        "acq_time": "1015",
        "satellite": "N",
        "brightness": null,
        "NAME_1": "Sumy",
        "locality": "Seredyno-Buds'kyi"
      }
    },
    {
      "type": "Feature",
      "geometry": {
        "type": "Polygon",
        "coordinates": [
          [
            [
              34.11,
              52.34861
            ],
            [
              34.11,
              52.36361
            ],
            [
              34.095,
              52.36361
            ],
            [
              34.095,
              52.34861
            ],
            [
              34.11,
              52.34861
            ]
          ]
        ]
      },
      "properties": {
        "frp": 7.43,
        "acq_date": "2026-09-26",
        "acq_time": "1015",
        "satellite": "N",
        "brightness": null,
        "NAME_1": "Bryansk",
        "locality": "Suzemskiy rayon"
      }
    },
    {
      "type": "Feature",
      "geometry": {
        "type": "Polygon",
        "coordinates": [
          [
            [
              34.10816,
              52.35205
            ],
            [
              34.10816,
              52.36705
            ],
            [
              34.09316,
              52.36705
            ],
            [
              34.09316,
              52.35205
            ],
            [
              34.10816,
              52.35205
            ]
          ]
        ]
      },
      "properties": {
        "frp": 7.43,
        "acq_date": "2026-09-26",
        "acq_time": "1015",
        "satellite": "N",
        "brightness": null,
        "NAME_1": "Bryansk",
        "locality": "Suzemskiy rayon"
      }
    },
    {
      "type": "Feature",
      "geometry": {
        "type": "Polygon",
        "coordinates": [
          [
            [
              39.62389,
              52.54096
            ],
            [
              39.62389,
              52.55596
            ],
            [
              39.60889,
              52.55596
            ],
            [
              39.60889,
              52.54096
            ],
            [
              39.62389,
              52.54096
            ]
          ]
        ]
      },
      "properties": {
        "frp": 2.33,
        "acq_date": "2026-09-26",
        "acq_time": "1015",
        "satellite": "N",
        "brightness": null,
        "NAME_1": "Lipetsk",
        "locality": "Lipetsk"
      }
    },
    {
      "type": "Feature",
      "geometry": {
        "type": "Polygon",
        "coordinates": [
          [
            [
              39.57945,
              52.54811
            ],
            [
              39.57945,
              52.56311
            ],
            [
              39.56445,
              52.56311
            ],
            [
              39.56445,
              52.54811
            ],
            [
              39.57945,
              52.54811
            ]
          ]
        ]
      },
      "properties": {
        "frp": 8.86,
        "acq_date": "2026-09-26",
        "acq_time": "1015",
        "satellite": "N",
        "brightness": null,
        "NAME_1": "Lipetsk",
        "locality": "Lipetskiy rayon"
      }
    },
    {
      "type": "Feature",
      "geometry": {
        "type": "Polygon",
        "coordinates": [
          [
            [
              39.58504,
              52.54895
            ],
            [
              39.58504,
              52.56395
            ],
            [
              39.57004,
              52.56395
            ],
            [
              39.57004,
              52.54895
            ],
            [
              39.58504,
              52.54895
            ]
          ]
        ]
      },
      "properties": {
        "frp": 8.86,
        "acq_date": "2026-09-26",
        "acq_time": "1015",
        "satellite": "N",
        "brightness": null,
        "NAME_1": "Lipetsk",
        "locality": "Lipetsk"
      }
    },
    {
      "type": "Feature",
      "geometry": {
        "type": "Polygon",
        "coordinates": [
          [
            [
              39.58372,
              52.55221
            ],
            [
              39.58372,
              52.56721
            ],
            [
              39.56872,
              52.56721
            ],
            [
              39.56872,
              52.55221
            ],
            [
              39.58372,
              52.55221
            ]
          ]
        ]
      },
      "properties": {
        "frp": 8.86,
        "acq_date": "2026-09-26",
        "acq_time": "1015",
        "satellite": "N",
        "brightness": null,
        "NAME_1": "Lipetsk",
        "locality": "Lipetsk"
      }
    },
    {
      "type": "Feature",
      "geometry": {
        "type": "Polygon",
        "coordinates": [
          [
            [
              39.70658,
              52.55682
            ],
            [
              39.70658,
              52.57182
            ],
            [
              39.69158,
              52.57182
            ],
            [
              39.69158,
              52.55682
            ],
            [
              39.70658,
              52.55682
            ]
          ]
        ]
      },
      "properties": {
        "frp": 4.21,
        "acq_date": "2026-09-26",
        "acq_time": "1015",
        "satellite": "N",
        "brightness": null,
        "NAME_1": "Lipetsk",
        "locality": "Lipetskiy rayon"
      }
    },
    {
      "type": "Feature",
      "geometry": {
        "type": "Polygon",
        "coordinates": [
          [
            [
              34.39574,
              52.61088
            ],
            [
              34.39574,
              52.62588
            ],
            [
              34.38074,
              52.62588
            ],
            [
              34.38074,
              52.61088
            ],
            [
              34.39574,
              52.61088
            ]
          ]
        ]
      },
      "properties": {
        "frp": 2.63,
        "acq_date": "2026-09-26",
        "acq_time": "1015",
        "satellite": "N",
        "brightness": null,
        "NAME_1": "Bryansk",
        "locality": "Brasovskiy rayon"
      }
    },
    {
      "type": "Feature",
      "geometry": {
        "type": "Polygon",
        "coordinates": [
          [
            [
              27.10801,
              44.4387
            ],
            [
              27.10801,
              44.4537
            ],
            [
              27.09301,
              44.4537
            ],
            [
              27.09301,
              44.4387
            ],
            [
              27.10801,
              44.4387
            ]
          ]
        ]
      },
      "properties": {
        "frp": 3.44,
        "acq_date": "2026-09-26",
        "acq_time": "1153",
        "satellite": "N",
        "brightness": null,
        "NAME_1": "",
        "locality": ""
      }
    },
    {
      "type": "Feature",
      "geometry": {
        "type": "Polygon",
        "coordinates": [
          [
            [
              22.74226,
              44.49252
            ],
            [
              22.74226,
              44.50752
            ],
            [
              22.72726,
              44.50752
            ],
            [
              22.72726,
              44.49252
            ],
            [
              22.74226,
              44.49252
            ]
          ]
        ]
      },
      "properties": {
        "frp": 3.7,
        "acq_date": "2026-09-26",
        "acq_time": "1153",
        "satellite": "N",
        "brightness": null,
        "NAME_1": "",
        "locality": ""
      }
    },
    {
      "type": "Feature",
      "geometry": {
        "type": "Polygon",
        "coordinates": [
          [
            [
              22.74152,
              44.49633
            ],
            [
              22.74152,
              44.51133
            ],
            [
              22.72652,
              44.51133
            ],
            [
              22.72652,
              44.49633
            ],
            [
              22.74152,
              44.49633
            ]
          ]
        ]
      },
      "properties": {
        "frp": 3.7,
        "acq_date": "2026-09-26",
        "acq_time": "1153",
        "satellite": "N",
        "brightness": null,
        "NAME_1": "",
        "locality": ""
      }
    },
    {
      "type": "Feature",
      "geometry": {
        "type": "Polygon",
        "coordinates": [
          [
            [
              31.68245,
              45.24821
            ],
            [
              31.68245,
              45.26321
            ],
            [
              31.66745,
              45.26321
            ],
            [
              31.66745,
              45.24821
            ],
            [
              31.68245,
              45.24821
            ]
          ]
        ]
      },
      "properties": {
        "frp": 5.87,
        "acq_date": "2026-09-26",
        "acq_time": "1153",
        "satellite": "N",
        "brightness": null,
        "NAME_1": "",
        "locality": ""
      }
    },
    {
      "type": "Feature",
      "geometry": {
        "type": "Polygon",
        "coordinates": [
          [
            [
              34.30775,
              46.44966
            ],
            [
              34.30775,
              46.46466
            ],
            [
              34.29275,
              46.46466
            ],
            [
              34.29275,
              46.44966
            ],
            [
              34.30775,
              46.44966
            ]
          ]
        ]
      },
      "properties": {
        "frp": 6.56,
        "acq_date": "2026-09-26",
        "acq_time": "1153",
        "satellite": "N",
        "brightness": null,
        "NAME_1": "Kherson",
        "locality": "Novotro\u2039ts'kyi"
      }
    },
    {
      "type": "Feature",
      "geometry": {
        "type": "Polygon",
        "coordinates": [
          [
            [
              34.30647,
              46.4514
            ],
            [
              34.30647,
              46.4664
            ],
            [
              34.29147,
              46.4664
            ],
            [
              34.29147,
              46.4514
            ],
            [
              34.30647,
              46.4514
            ]
          ]
        ]
      },
      "properties": {
        "frp": 7.04,
        "acq_date": "2026-09-26",
        "acq_time": "1153",
        "satellite": "N",
        "brightness": null,
        "NAME_1": "Kherson",
        "locality": "Novotro\u2039ts'kyi"
      }
    },
    {
      "type": "Feature",
      "geometry": {
        "type": "Polygon",
        "coordinates": [
          [
            [
              34.30782,
              46.45639
            ],
            [
              34.30782,
              46.47139
            ],
            [
              34.29282,
              46.47139
            ],
            [
              34.29282,
              46.45639
            ],
            [
              34.30782,
              46.45639
            ]
          ]
        ]
      },
      "properties": {
        "frp": 10.57,
        "acq_date": "2026-09-26",
        "acq_time": "1153",
        "satellite": "N",
        "brightness": null,
        "NAME_1": "Kherson",
        "locality": "Novotro\u2039ts'kyi"
      }
    },
    {
      "type": "Feature",
      "geometry": {
        "type": "Polygon",
        "coordinates": [
          [
            [
              34.306490000000004,
              46.45813
            ],
            [
              34.306490000000004,
              46.47313
            ],
            [
              34.29149,
              46.47313
            ],
            [
              34.29149,
              46.45813
            ],
            [
              34.306490000000004,
              46.45813
            ]
          ]
        ]
      },
      "properties": {
        "frp": 7.04,
        "acq_date": "2026-09-26",
        "acq_time": "1153",
        "satellite": "N",
        "brightness": null,
        "NAME_1": "Kherson",
        "locality": "Novotro\u2039ts'kyi"
      }
    },
    {
      "type": "Feature",
      "geometry": {
        "type": "Polygon",
        "coordinates": [
          [
            [
              23.25273,
              47.448389999999996
            ],
            [
              23.25273,
              47.46339
            ],
            [
              23.23773,
              47.46339
            ],
            [
              23.23773,
              47.448389999999996
            ],
            [
              23.25273,
              47.448389999999996
            ]
          ]
        ]
      },
      "properties": {
        "frp": 2.9,
        "acq_date": "2026-09-26",
        "acq_time": "1155",
        "satellite": "N",
        "brightness": null,
        "NAME_1": "",
        "locality": ""
      }
    },
    {
      "type": "Feature",
      "geometry": {
        "type": "Polygon",
        "coordinates": [
          [
            [
              31.99476,
              52.14929
            ],
            [
              31.99476,
              52.16429
            ],
            [
              31.97976,
              52.16429
            ],
            [
              31.97976,
              52.14929
            ],
            [
              31.99476,
              52.14929
            ]
          ]
        ]
      },
      "properties": {
        "frp": 4.4,
        "acq_date": "2026-09-26",
        "acq_time": "1155",
        "satellite": "N",
        "brightness": null,
        "NAME_1": "Bryansk",
        "locality": "Klimovskiy rayon"
      }
    },
    {
      "type": "Feature",
      "geometry": {
        "type": "Polygon",
        "coordinates": [
          [
            [
              31.99857,
              52.15151
            ],
            [
              31.99857,
              52.16651
            ],
            [
              31.98357,
              52.16651
            ],
            [
              31.98357,
              52.15151
            ],
            [
              31.99857,
              52.15151
            ]
          ]
        ]
      },
      "properties": {
        "frp": 4.52,
        "acq_date": "2026-09-26",
        "acq_time": "1155",
        "satellite": "N",
        "brightness": null,
        "NAME_1": "Bryansk",
        "locality": "Klimovskiy rayon"
      }
    },
    {
      "type": "Feature",
      "geometry": {
        "type": "Polygon",
        "coordinates": [
          [
            [
              37.76872,
              51.25383
            ],
            [
              37.76872,
              51.26883
            ],
            [
              37.75372,
              51.26883
            ],
            [
              37.75372,
              51.25383
            ],
            [
              37.76872,
              51.25383
            ]
          ]
        ]
      },
      "properties": {
        "frp": 2.04,
        "acq_date": "2026-09-26",
        "acq_time": "2227",
        "satellite": "N",
        "brightness": null,
        "NAME_1": "Belgorod",
        "locality": "Starooskol'skiy rayon"
      }
    },
    {
      "type": "Feature",
      "geometry": {
        "type": "Polygon",
        "coordinates": [
          [
            [
              35.62758,
              47.89163
            ],
            [
              35.62758,
              47.90663
            ],
            [
              35.61258,
              47.90663
            ],
            [
              35.61258,
              47.89163
            ],
            [
              35.62758,
              47.89163
            ]
          ]
        ]
      },
      "properties": {
        "frp": 0.5,
        "acq_date": "2026-09-27",
        "acq_time": "7",
        "satellite": "N",
        "brightness": null,
        "NAME_1": "Zaporizhia",
        "locality": "Vil'nians'kyi"
      }
    },
    {
      "type": "Feature",
      "geometry": {
        "type": "Polygon",
        "coordinates": [
          [
            [
              36.97827,
              48.42572
            ],
            [
              36.97827,
              48.44072
            ],
            [
              36.96327,
              48.44072
            ],
            [
              36.96327,
              48.42572
            ],
            [
              36.97827,
              48.42572
            ]
          ]
        ]
      },
      "properties": {
        "frp": 0.69,
        "acq_date": "2026-09-27",
        "acq_time": "7",
        "satellite": "N",
        "brightness": null,
        "NAME_1": "Donets'k",
        "locality": "Dobropil's'kyi"
      }
    },
    {
      "type": "Feature",
      "geometry": {
        "type": "Polygon",
        "coordinates": [
          [
            [
              36.97811,
              48.42575
            ],
            [
              36.97811,
              48.44075
            ],
            [
              36.96311,
              48.44075
            ],
            [
              36.96311,
              48.42575
            ],
            [
              36.97811,
              48.42575
            ]
          ]
        ]
      },
      "properties": {
        "frp": 0.55,
        "acq_date": "2026-09-27",
        "acq_time": "7",
        "satellite": "N",
        "brightness": null,
        "NAME_1": "Donets'k",
        "locality": "Dobropil's'kyi"
      }
    },
    {
      "type": "Feature",
      "geometry": {
        "type": "Polygon",
        "coordinates": [
          [
            [
              29.35057,
              51.88578
            ],
            [
              29.35057,
              51.90078
            ],
            [
              29.33557,
              51.90078
            ],
            [
              29.33557,
              51.88578
            ],
            [
              29.35057,
              51.88578
            ]
          ]
        ]
      },
      "properties": {
        "frp": 1.47,
        "acq_date": "2026-09-27",
        "acq_time": "7",
        "satellite": "N",
        "brightness": null,
        "NAME_1": "Gomel",
        "locality": "Mazyr"
      }
    },
    {
      "type": "Feature",
      "geometry": {
        "type": "Polygon",
        "coordinates": [
          [
            [
              33.86789,
              44.76678
            ],
            [
              33.86789,
              44.78178
            ],
            [
              33.85289,
              44.78178
            ],
            [
              33.85289,
              44.76678
            ],
            [
              33.86789,
              44.76678
            ]
          ]
        ]
      },
      "properties": {
        "frp": 0.79,
        "acq_date": "2026-09-27",
        "acq_time": "9",
        "satellite": "N",
        "brightness": null,
        "NAME_1": "Crimea",
        "locality": "Bakhchysarais'kyi"
      }
    },
    {
      "type": "Feature",
      "geometry": {
        "type": "Polygon",
        "coordinates": [
          [
            [
              38.12406,
              44.87576
            ],
            [
              38.12406,
              44.89076
            ],
            [
              38.10906,
              44.89076
            ],
            [
              38.10906,
              44.87576
            ],
            [
              38.12406,
              44.87576
            ]
          ]
        ]
      },
      "properties": {
        "frp": 1.36,
        "acq_date": "2026-09-27",
        "acq_time": "9",
        "satellite": "N",
        "brightness": null,
        "NAME_1": "Krasnodar",
        "locality": "Abinskiy rayon"
      }
    },
    {
      "type": "Feature",
      "geometry": {
        "type": "Polygon",
        "coordinates": [
          [
            [
              31.68508,
              45.25014
            ],
            [
              31.68508,
              45.26514
            ],
            [
              31.67008,
              45.26514
            ],
            [
              31.67008,
              45.25014
            ],
            [
              31.68508,
              45.25014
            ]
          ]
        ]
      },
      "properties": {
        "frp": 0.48,
        "acq_date": "2026-09-27",
        "acq_time": "9",
        "satellite": "N",
        "brightness": null,
        "NAME_1": "",
        "locality": ""
      }
    },
    {
      "type": "Feature",
      "geometry": {
        "type": "Polygon",
        "coordinates": [
          [
            [
              31.68021,
              45.25095
            ],
            [
              31.68021,
              45.265950000000004
            ],
            [
              31.66521,
              45.265950000000004
            ],
            [
              31.66521,
              45.25095
            ],
            [
              31.68021,
              45.25095
            ]
          ]
        ]
      },
      "properties": {
        "frp": 8.15,
        "acq_date": "2026-09-27",
        "acq_time": "9",
        "satellite": "N",
        "brightness": null,
        "NAME_1": "",
        "locality": ""
      }
    },
    {
      "type": "Feature",
      "geometry": {
        "type": "Polygon",
        "coordinates": [
          [
            [
              25.29168,
              45.94268
            ],
            [
              25.29168,
              45.95768
            ],
            [
              25.27668,
              45.95768
            ],
            [
              25.27668,
              45.94268
            ],
            [
              25.29168,
              45.94268
            ]
          ]
        ]
      },
      "properties": {
        "frp": 1.12,
        "acq_date": "2026-09-27",
        "acq_time": "9",
        "satellite": "N",
        "brightness": null,
        "NAME_1": "",
        "locality": ""
      }
    },
    {
      "type": "Feature",
      "geometry": {
        "type": "Polygon",
        "coordinates": [
          [
            [
              22.87496,
              45.946039999999996
            ],
            [
              22.87496,
              45.96104
            ],
            [
              22.85996,
              45.96104
            ],
            [
              22.85996,
              45.946039999999996
            ],
            [
              22.87496,
              45.946039999999996
            ]
          ]
        ]
      },
      "properties": {
        "frp": 0.69,
        "acq_date": "2026-09-27",
        "acq_time": "9",
        "satellite": "N",
        "brightness": null,
        "NAME_1": "",
        "locality": ""
      }
    },
    {
      "type": "Feature",
      "geometry": {
        "type": "Polygon",
        "coordinates": [
          [
            [
              27.13536,
              46.04144
            ],
            [
              27.13536,
              46.05644
            ],
            [
              27.120359999999998,
              46.05644
            ],
            [
              27.120359999999998,
              46.04144
            ],
            [
              27.13536,
              46.04144
            ]
          ]
        ]
      },
      "properties": {
        "frp": 0.62,
        "acq_date": "2026-09-27",
        "acq_time": "9",
        "satellite": "N",
        "brightness": null,
        "NAME_1": "",
        "locality": ""
      }
    },
    {
      "type": "Feature",
      "geometry": {
        "type": "Polygon",
        "coordinates": [
          [
            [
              32.9148,
              46.15772
            ],
            [
              32.9148,
              46.17272
            ],
            [
              32.8998,
              46.17272
            ],
            [
              32.8998,
              46.15772
            ],
            [
              32.9148,
              46.15772
            ]
          ]
        ]
      },
      "properties": {
        "frp": 0.95,
        "acq_date": "2026-09-27",
        "acq_time": "9",
        "satellite": "N",
        "brightness": null,
        "NAME_1": "Kherson",
        "locality": "Skadovs'kyi"
      }
    },
    {
      "type": "Feature",
      "geometry": {
        "type": "Polygon",
        "coordinates": [
          [
            [
              33.23198,
              46.35353
            ],
            [
              33.23198,
              46.36853
            ],
            [
              33.21698,
              46.36853
            ],
            [
              33.21698,
              46.35353
            ],
            [
              33.23198,
              46.35353
            ]
          ]
        ]
      },
      "properties": {
        "frp": 0.94,
        "acq_date": "2026-09-27",
        "acq_time": "9",
        "satellite": "N",
        "brightness": null,
        "NAME_1": "Kherson",
        "locality": "Tsiurupyns'kyi"
      }
    },
    {
      "type": "Feature",
      "geometry": {
        "type": "Polygon",
        "coordinates": [
          [
            [
              34.47912,
              46.4214
            ],
            [
              34.47912,
              46.4364
            ],
            [
              34.46412,
              46.4364
            ],
            [
              34.46412,
              46.4214
            ],
            [
              34.47912,
              46.4214
            ]
          ]
        ]
      },
      "properties": {
        "frp": 0.59,
        "acq_date": "2026-09-27",
        "acq_time": "9",
        "satellite": "N",
        "brightness": null,
        "NAME_1": "Kherson",
        "locality": "Novotro\u2039ts'kyi"
      }
    },
    {
      "type": "Feature",
      "geometry": {
        "type": "Polygon",
        "coordinates": [
          [
            [
              32.747370000000004,
              46.57713
            ],
            [
              32.747370000000004,
              46.59213
            ],
            [
              32.73237,
              46.59213
            ],
            [
              32.73237,
              46.57713
            ],
            [
              32.747370000000004,
              46.57713
            ]
          ]
        ]
      },
      "properties": {
        "frp": 1.56,
        "acq_date": "2026-09-27",
        "acq_time": "9",
        "satellite": "N",
        "brightness": null,
        "NAME_1": "Kherson",
        "locality": "Tsiurupyns'kyi"
      }
    },
    {
      "type": "Feature",
      "geometry": {
        "type": "Polygon",
        "coordinates": [
          [
            [
              22.33698,
              47.02813
            ],
            [
              22.33698,
              47.04313
            ],
            [
              22.32198,
              47.04313
            ],
            [
              22.32198,
              47.02813
            ],
            [
              22.33698,
              47.02813
            ]
          ]
        ]
      },
      "properties": {
        "frp": 0.84,
        "acq_date": "2026-09-27",
        "acq_time": "9",
        "satellite": "N",
        "brightness": null,
        "NAME_1": "",
        "locality": ""
      }
    },
    {
      "type": "Feature",
      "geometry": {
        "type": "Polygon",
        "coordinates": [
          [
            [
              35.2392,
              47.22798
            ],
            [
              35.2392,
              47.24298
            ],
            [
              35.224199999999996,
              47.24298
            ],
            [
              35.224199999999996,
              47.22798
            ],
            [
              35.2392,
              47.22798
            ]
          ]
        ]
      },
      "properties": {
        "frp": 0.63,
        "acq_date": "2026-09-27",
        "acq_time": "9",
        "satellite": "N",
        "brightness": null,
        "NAME_1": "Zaporizhia",
        "locality": "Mykhailivs'kyi"
      }
    },
    {
      "type": "Feature",
      "geometry": {
        "type": "Polygon",
        "coordinates": [
          [
            [
              34.97008,
              47.81303
            ],
            [
              34.97008,
              47.82803
            ],
            [
              34.95508,
              47.82803
            ],
            [
              34.95508,
              47.81303
            ],
            [
              34.97008,
              47.81303
            ]
          ]
        ]
      },
      "properties": {
        "frp": 1.21,
        "acq_date": "2026-09-27",
        "acq_time": "9",
        "satellite": "N",
        "brightness": null,
        "NAME_1": "Zaporizhia",
        "locality": "Zaporiz'kyi"
      }
    },
    {
      "type": "Feature",
      "geometry": {
        "type": "Polygon",
        "coordinates": [
          [
            [
              26.60891,
              48.74031
            ],
            [
              26.60891,
              48.75531
            ],
            [
              26.59391,
              48.75531
            ],
            [
              26.59391,
              48.74031
            ],
            [
              26.60891,
              48.74031
            ]
          ]
        ]
      },
      "properties": {
        "frp": 0.87,
        "acq_date": "2026-09-27",
        "acq_time": "9",
        "satellite": "N",
        "brightness": null,
        "NAME_1": "Khmel'nyts'kyy",
        "locality": "Kamianets'-Podil's'kyi"
      }
    },
    {
      "type": "Feature",
      "geometry": {
        "type": "Polygon",
        "coordinates": [
          [
            [
              24.71512,
              48.96708
            ],
            [
              24.71512,
              48.98208
            ],
            [
              24.70012,
              48.98208
            ],
            [
              24.70012,
              48.96708
            ],
            [
              24.71512,
              48.96708
            ]
          ]
        ]
      },
      "properties": {
        "frp": 1.73,
        "acq_date": "2026-09-27",
        "acq_time": "9",
        "satellite": "N",
        "brightness": null,
        "NAME_1": "Ivano-Frankivs'k",
        "locality": "Tysmenyts'kyi"
      }
    },
    {
      "type": "Feature",
      "geometry": {
        "type": "Polygon",
        "coordinates": [
          [
            [
              30.91,
              50.51525
            ],
            [
              30.91,
              50.53025
            ],
            [
              30.895,
              50.53025
            ],
            [
              30.895,
              50.51525
            ],
            [
              30.91,
              50.51525
            ]
          ]
        ]
      },
      "properties": {
        "frp": 5.78,
        "acq_date": "2026-09-27",
        "acq_time": "147",
        "satellite": "N",
        "brightness": null,
        "NAME_1": "Kiev",
        "locality": "Brovars'kyi"
      }
    },
    {
      "type": "Feature",
      "geometry": {
        "type": "Polygon",
        "coordinates": [
          [
            [
              30.90072,
              50.51896
            ],
            [
              30.90072,
              50.53396
            ],
            [
              30.88572,
              50.53396
            ],
            [
              30.88572,
              50.51896
            ],
            [
              30.90072,
              50.51896
            ]
          ]
        ]
      },
      "properties": {
        "frp": 7.73,
        "acq_date": "2026-09-27",
        "acq_time": "147",
        "satellite": "N",
        "brightness": null,
        "NAME_1": "Kiev",
        "locality": "Brovars'kyi"
      }
    },
    {
      "type": "Feature",
      "geometry": {
        "type": "Polygon",
        "coordinates": [
          [
            [
              30.90785,
              50.52077
            ],
            [
              30.90785,
              50.53577
            ],
            [
              30.89285,
              50.53577
            ],
            [
              30.89285,
              50.52077
            ],
            [
              30.90785,
              50.52077
            ]
          ]
        ]
      },
      "properties": {
        "frp": 15.91,
        "acq_date": "2026-09-27",
        "acq_time": "147",
        "satellite": "N",
        "brightness": null,
        "NAME_1": "Kiev",
        "locality": "Brovars'kyi"
      }
    },
    {
      "type": "Feature",
      "geometry": {
        "type": "Polygon",
        "coordinates": [
          [
            [
              30.91614,
              50.52128
            ],
            [
              30.91614,
              50.53628
            ],
            [
              30.901139999999998,
              50.53628
            ],
            [
              30.901139999999998,
              50.52128
            ],
            [
              30.91614,
              50.52128
            ]
          ]
        ]
      },
      "properties": {
        "frp": 5.78,
        "acq_date": "2026-09-27",
        "acq_time": "147",
        "satellite": "N",
        "brightness": null,
        "NAME_1": "Kiev",
        "locality": "Brovars'kyi"
      }
    },
    {
      "type": "Feature",
      "geometry": {
        "type": "Polygon",
        "coordinates": [
          [
            [
              30.9068,
              50.525
            ],
            [
              30.9068,
              50.54
            ],
            [
              30.8918,
              50.54
            ],
            [
              30.8918,
              50.525
            ],
            [
              30.9068,
              50.525
            ]
          ]
        ]
      },
      "properties": {
        "frp": 7.73,
        "acq_date": "2026-09-27",
        "acq_time": "147",
        "satellite": "N",
        "brightness": null,
        "NAME_1": "Kiev",
        "locality": "Brovars'kyi"
      }
    },
    {
      "type": "Feature",
      "geometry": {
        "type": "Polygon",
        "coordinates": [
          [
            [
              25.42404,
              45.11508
            ],
            [
              25.42404,
              45.13008
            ],
            [
              25.40904,
              45.13008
            ],
            [
              25.40904,
              45.11508
            ],
            [
              25.42404,
              45.11508
            ]
          ]
        ]
      },
      "properties": {
        "frp": 1.33,
        "acq_date": "2026-09-27",
        "acq_time": "149",
        "satellite": "N",
        "brightness": null,
        "NAME_1": "",
        "locality": ""
      }
    },
    {
      "type": "Feature",
      "geometry": {
        "type": "Polygon",
        "coordinates": [
          [
            [
              22.8756,
              45.945949999999996
            ],
            [
              22.8756,
              45.96095
            ],
            [
              22.860599999999998,
              45.96095
            ],
            [
              22.860599999999998,
              45.945949999999996
            ],
            [
              22.8756,
              45.945949999999996
            ]
          ]
        ]
      },
      "properties": {
        "frp": 0.66,
        "acq_date": "2026-09-27",
        "acq_time": "149",
        "satellite": "N",
        "brightness": null,
        "NAME_1": "",
        "locality": ""
      }
    },
    {
      "type": "Feature",
      "geometry": {
        "type": "Polygon",
        "coordinates": [
          [
            [
              24.71721,
              48.96614
            ],
            [
              24.71721,
              48.98114
            ],
            [
              24.70221,
              48.98114
            ],
            [
              24.70221,
              48.96614
            ],
            [
              24.71721,
              48.96614
            ]
          ]
        ]
      },
      "properties": {
        "frp": 1.15,
        "acq_date": "2026-09-27",
        "acq_time": "149",
        "satellite": "N",
        "brightness": null,
        "NAME_1": "Ivano-Frankivs'k",
        "locality": "Tysmenyts'kyi"
      }
    },
    {
      "type": "Feature",
      "geometry": {
        "type": "Polygon",
        "coordinates": [
          [
            [
              40.84406,
              46.63018
            ],
            [
              40.84406,
              46.64518
            ],
            [
              40.82906,
              46.64518
            ],
            [
              40.82906,
              46.63018
            ],
            [
              40.84406,
              46.63018
            ]
          ]
        ]
      },
      "properties": {
        "frp": 4.43,
        "acq_date": "2026-09-27",
        "acq_time": "954",
        "satellite": "N",
        "brightness": null,
        "NAME_1": "Rostov",
        "locality": "Tselinskiy rayon"
      }
    },
    {
      "type": "Feature",
      "geometry": {
        "type": "Polygon",
        "coordinates": [
          [
            [
              40.84249,
              46.63379
            ],
            [
              40.84249,
              46.64879
            ],
            [
              40.82749,
              46.64879
            ],
            [
              40.82749,
              46.63379
            ],
            [
              40.84249,
              46.63379
            ]
          ]
        ]
      },
      "properties": {
        "frp": 9.36,
        "acq_date": "2026-09-27",
        "acq_time": "954",
        "satellite": "N",
        "brightness": null,
        "NAME_1": "Rostov",
        "locality": "Tselinskiy rayon"
      }
    },
    {
      "type": "Feature",
      "geometry": {
        "type": "Polygon",
        "coordinates": [
          [
            [
              28.4457,
              44.19722
            ],
            [
              28.4457,
              44.21222
            ],
            [
              28.430699999999998,
              44.21222
            ],
            [
              28.430699999999998,
              44.19722
            ],
            [
              28.4457,
              44.19722
            ]
          ]
        ]
      },
      "properties": {
        "frp": 7.37,
        "acq_date": "2026-09-27",
        "acq_time": "956",
        "satellite": "N",
        "brightness": null,
        "NAME_1": "",
        "locality": ""
      }
    },
    {
      "type": "Feature",
      "geometry": {
        "type": "Polygon",
        "coordinates": [
          [
            [
              28.44337,
              44.20085
            ],
            [
              28.44337,
              44.21585
            ],
            [
              28.42837,
              44.21585
            ],
            [
              28.42837,
              44.20085
            ],
            [
              28.44337,
              44.20085
            ]
          ]
        ]
      },
      "properties": {
        "frp": 8.19,
        "acq_date": "2026-09-27",
        "acq_time": "956",
        "satellite": "N",
        "brightness": null,
        "NAME_1": "",
        "locality": ""
      }
    },
    {
      "type": "Feature",
      "geometry": {
        "type": "Polygon",
        "coordinates": [
          [
            [
              31.67716,
              45.2515
            ],
            [
              31.67716,
              45.2665
            ],
            [
              31.66216,
              45.2665
            ],
            [
              31.66216,
              45.2515
            ],
            [
              31.67716,
              45.2515
            ]
          ]
        ]
      },
      "properties": {
        "frp": 5.85,
        "acq_date": "2026-09-27",
        "acq_time": "956",
        "satellite": "N",
        "brightness": null,
        "NAME_1": "",
        "locality": ""
      }
    },
    {
      "type": "Feature",
      "geometry": {
        "type": "Polygon",
        "coordinates": [
          [
            [
              31.68248,
              45.25311
            ],
            [
              31.68248,
              45.26811
            ],
            [
              31.66748,
              45.26811
            ],
            [
              31.66748,
              45.25311
            ],
            [
              31.68248,
              45.25311
            ]
          ]
        ]
      },
      "properties": {
        "frp": 7.46,
        "acq_date": "2026-09-27",
        "acq_time": "956",
        "satellite": "N",
        "brightness": null,
        "NAME_1": "",
        "locality": ""
      }
    },
    {
      "type": "Feature",
      "geometry": {
        "type": "Polygon",
        "coordinates": [
          [
            [
              29.59403,
              45.46099
            ],
            [
              29.59403,
              45.47599
            ],
            [
              29.57903,
              45.47599
            ],
            [
              29.57903,
              45.46099
            ],
            [
              29.59403,
              45.46099
            ]
          ]
        ]
      },
      "properties": {
        "frp": 17.01,
        "acq_date": "2026-09-27",
        "acq_time": "956",
        "satellite": "N",
        "brightness": null,
        "NAME_1": "Odessa",
        "locality": "Kiliis'kyi"
      }
    },
    {
      "type": "Feature",
      "geometry": {
        "type": "Polygon",
        "coordinates": [
          [
            [
              29.03685,
              45.52397
            ],
            [
              29.03685,
              45.53897
            ],
            [
              29.02185,
              45.53897
            ],
            [
              29.02185,
              45.52397
            ],
            [
              29.03685,
              45.52397
            ]
          ]
        ]
      },
      "properties": {
        "frp": 6.81,
        "acq_date": "2026-09-27",
        "acq_time": "956",
        "satellite": "N",
        "brightness": null,
        "NAME_1": "Odessa",
        "locality": "Izma\u2039l's'ka"
      }
    },
    {
      "type": "Feature",
      "geometry": {
        "type": "Polygon",
        "coordinates": [
          [
            [
              29.5122,
              45.63931
            ],
            [
              29.5122,
              45.65431
            ],
            [
              29.4972,
              45.65431
            ],
            [
              29.4972,
              45.63931
            ],
            [
              29.5122,
              45.63931
            ]
          ]
        ]
      },
      "properties": {
        "frp": 11.15,
        "acq_date": "2026-09-27",
        "acq_time": "956",
        "satellite": "N",
        "brightness": null,
        "NAME_1": "Odessa",
        "locality": "Tatarbunars'kyi"
      }
    },
    {
      "type": "Feature",
      "geometry": {
        "type": "Polygon",
        "coordinates": [
          [
            [
              32.43009,
              46.19137
            ],
            [
              32.43009,
              46.20637
            ],
            [
              32.41509,
              46.20637
            ],
            [
              32.41509,
              46.19137
            ],
            [
              32.43009,
              46.19137
            ]
          ]
        ]
      },
      "properties": {
        "frp": 6.55,
        "acq_date": "2026-09-27",
        "acq_time": "956",
        "satellite": "N",
        "brightness": null,
        "NAME_1": "Kherson",
        "locality": "Holoprystans'kyi"
      }
    },
    {
      "type": "Feature",
      "geometry": {
        "type": "Polygon",
        "coordinates": [
          [
            [
              29.82304,
              46.38506
            ],
            [
              29.82304,
              46.40006
            ],
            [
              29.80804,
              46.40006
            ],
            [
              29.80804,
              46.38506
            ],
            [
              29.82304,
              46.38506
            ]
          ]
        ]
      },
      "properties": {
        "frp": 5.48,
        "acq_date": "2026-09-27",
        "acq_time": "956",
        "satellite": "N",
        "brightness": null,
        "NAME_1": "Odessa",
        "locality": "Bilhorod-Dnistrovs'kyi"
      }
    },
    {
      "type": "Feature",
      "geometry": {
        "type": "Polygon",
        "coordinates": [
          [
            [
              29.81965,
              46.38596
            ],
            [
              29.81965,
              46.40096
            ],
            [
              29.80465,
              46.40096
            ],
            [
              29.80465,
              46.38596
            ],
            [
              29.81965,
              46.38596
            ]
          ]
        ]
      },
      "properties": {
        "frp": 4.89,
        "acq_date": "2026-09-27",
        "acq_time": "956",
        "satellite": "N",
        "brightness": null,
        "NAME_1": "Odessa",
        "locality": "Bilhorod-Dnistrovs'kyi"
      }
    },
    {
      "type": "Feature",
      "geometry": {
        "type": "Polygon",
        "coordinates": [
          [
            [
              39.35468,
              47.44271
            ],
            [
              39.35468,
              47.45771
            ],
            [
              39.33968,
              47.45771
            ],
            [
              39.33968,
              47.44271
            ],
            [
              39.35468,
              47.44271
            ]
          ]
        ]
      },
      "properties": {
        "frp": 9.1,
        "acq_date": "2026-09-27",
        "acq_time": "956",
        "satellite": "N",
        "brightness": null,
        "NAME_1": "Rostov",
        "locality": "Myasnikovskiy rayon"
      }
    },
    {
      "type": "Feature",
      "geometry": {
        "type": "Polygon",
        "coordinates": [
          [
            [
              32.96075,
              47.54802
            ],
            [
              32.96075,
              47.56302
            ],
            [
              32.94575,
              47.56302
            ],
            [
              32.94575,
              47.54802
            ],
            [
              32.96075,
              47.54802
            ]
          ]
        ]
      },
      "properties": {
        "frp": 2.85,
        "acq_date": "2026-09-27",
        "acq_time": "956",
        "satellite": "N",
        "brightness": null,
        "NAME_1": "Mykolayiv",
        "locality": "Kazanetskyi"
      }
    },
    {
      "type": "Feature",
      "geometry": {
        "type": "Polygon",
        "coordinates": [
          [
            [
              32.96482,
              47.54917
            ],
            [
              32.96482,
              47.56417
            ],
            [
              32.94982,
              47.56417
            ],
            [
              32.94982,
              47.54917
            ],
            [
              32.96482,
              47.54917
            ]
          ]
        ]
      },
      "properties": {
        "frp": 2.85,
        "acq_date": "2026-09-27",
        "acq_time": "956",
        "satellite": "N",
        "brightness": null,
        "NAME_1": "Mykolayiv",
        "locality": "Kazanetskyi"
      }
    },
    {
      "type": "Feature",
      "geometry": {
        "type": "Polygon",
        "coordinates": [
          [
            [
              29.64621,
              50.4981
            ],
            [
              29.64621,
              50.5131
            ],
            [
              29.63121,
              50.5131
            ],
            [
              29.63121,
              50.4981
            ],
            [
              29.64621,
              50.4981
            ]
          ]
        ]
      },
      "properties": {
        "frp": 4.69,
        "acq_date": "2026-09-27",
        "acq_time": "956",
        "satellite": "N",
        "brightness": null,
        "NAME_1": "Kiev",
        "locality": "Makarivs'kyi"
      }
    },
    {
      "type": "Feature",
      "geometry": {
        "type": "Polygon",
        "coordinates": [
          [
            [
              29.65096,
              50.49955
            ],
            [
              29.65096,
              50.51455
            ],
            [
              29.63596,
              50.51455
            ],
            [
              29.63596,
              50.49955
            ],
            [
              29.65096,
              50.49955
            ]
          ]
        ]
      },
      "properties": {
        "frp": 4.69,
        "acq_date": "2026-09-27",
        "acq_time": "956",
        "satellite": "N",
        "brightness": null,
        "NAME_1": "Kiev",
        "locality": "Makarivs'kyi"
      }
    },
    {
      "type": "Feature",
      "geometry": {
        "type": "Polygon",
        "coordinates": [
          [
            [
              35.03378,
              51.74975
            ],
            [
              35.03378,
              51.76475
            ],
            [
              35.01878,
              51.76475
            ],
            [
              35.01878,
              51.74975
            ],
            [
              35.03378,
              51.74975
            ]
          ]
        ]
      },
      "properties": {
        "frp": 5.21,
        "acq_date": "2026-09-27",
        "acq_time": "956",
        "satellite": "N",
        "brightness": null,
        "NAME_1": "Kursk",
        "locality": "L'govskiy rayon"
      }
    },
    {
      "type": "Feature",
      "geometry": {
        "type": "Polygon",
        "coordinates": [
          [
            [
              34.06944,
              51.93813
            ],
            [
              34.06944,
              51.95313
            ],
            [
              34.05444,
              51.95313
            ],
            [
              34.05444,
              51.93813
            ],
            [
              34.06944,
              51.93813
            ]
          ]
        ]
      },
      "properties": {
        "frp": 2.47,
        "acq_date": "2026-09-27",
        "acq_time": "956",
        "satellite": "N",
        "brightness": null,
        "NAME_1": "Sumy",
        "locality": "Iampil's'kyi"
      }
    },
    {
      "type": "Feature",
      "geometry": {
        "type": "Polygon",
        "coordinates": [
          [
            [
              32.5992,
              52.34176
            ],
            [
              32.5992,
              52.35676
            ],
            [
              32.5842,
              52.35676
            ],
            [
              32.5842,
              52.34176
            ],
            [
              32.5992,
              52.34176
            ]
          ]
        ]
      },
      "properties": {
        "frp": 2.81,
        "acq_date": "2026-09-27",
        "acq_time": "956",
        "satellite": "N",
        "brightness": null,
        "NAME_1": "Bryansk",
        "locality": "Starodubskiy rayon"
      }
    },
    {
      "type": "Feature",
      "geometry": {
        "type": "Polygon",
        "coordinates": [
          [
            [
              34.28869,
              52.39658
            ],
            [
              34.28869,
              52.41158
            ],
            [
              34.27369,
              52.41158
            ],
            [
              34.27369,
              52.39658
            ],
            [
              34.28869,
              52.39658
            ]
          ]
        ]
      },
      "properties": {
        "frp": 3.26,
        "acq_date": "2026-09-27",
        "acq_time": "956",
        "satellite": "N",
        "brightness": null,
        "NAME_1": "Bryansk",
        "locality": "Suzemskiy rayon"
      }
    },
    {
      "type": "Feature",
      "geometry": {
        "type": "Polygon",
        "coordinates": [
          [
            [
              36.39555,
              52.62256
            ],
            [
              36.39555,
              52.63756
            ],
            [
              36.38055,
              52.63756
            ],
            [
              36.38055,
              52.62256
            ],
            [
              36.39555,
              52.62256
            ]
          ]
        ]
      },
      "properties": {
        "frp": 4.56,
        "acq_date": "2026-09-27",
        "acq_time": "956",
        "satellite": "N",
        "brightness": null,
        "NAME_1": "Orel",
        "locality": "Sverdlovskiy rayon"
      }
    },
    {
      "type": "Feature",
      "geometry": {
        "type": "Polygon",
        "coordinates": [
          [
            [
              27.72354,
              44.04744
            ],
            [
              27.72354,
              44.06244
            ],
            [
              27.70854,
              44.06244
            ],
            [
              27.70854,
              44.04744
            ],
            [
              27.72354,
              44.04744
            ]
          ]
        ]
      },
      "properties": {
        "frp": 8.28,
        "acq_date": "2026-09-27",
        "acq_time": "1134",
        "satellite": "N",
        "brightness": null,
        "NAME_1": "",
        "locality": ""
      }
    },
    {
      "type": "Feature",
      "geometry": {
        "type": "Polygon",
        "coordinates": [
          [
            [
              24.86684,
              44.16847
            ],
            [
              24.86684,
              44.18347
            ],
            [
              24.85184,
              44.18347
            ],
            [
              24.85184,
              44.16847
            ],
            [
              24.86684,
              44.16847
            ]
          ]
        ]
      },
      "properties": {
        "frp": 1.81,
        "acq_date": "2026-09-27",
        "acq_time": "1134",
        "satellite": "N",
        "brightness": null,
        "NAME_1": "",
        "locality": ""
      }
    },
    {
      "type": "Feature",
      "geometry": {
        "type": "Polygon",
        "coordinates": [
          [
            [
              23.46331,
              44.05644
            ],
            [
              23.46331,
              44.07144
            ],
            [
              23.44831,
              44.07144
            ],
            [
              23.44831,
              44.05644
            ],
            [
              23.46331,
              44.05644
            ]
          ]
        ]
      },
      "properties": {
        "frp": 6.75,
        "acq_date": "2026-09-27",
        "acq_time": "1136",
        "satellite": "N",
        "brightness": null,
        "NAME_1": "",
        "locality": ""
      }
    },
    {
      "type": "Feature",
      "geometry": {
        "type": "Polygon",
        "coordinates": [
          [
            [
              23.45754,
              44.05908
            ],
            [
              23.45754,
              44.07408
            ],
            [
              23.44254,
              44.07408
            ],
            [
              23.44254,
              44.05908
            ],
            [
              23.45754,
              44.05908
            ]
          ]
        ]
      },
      "properties": {
        "frp": 6.75,
        "acq_date": "2026-09-27",
        "acq_time": "1136",
        "satellite": "N",
        "brightness": null,
        "NAME_1": "",
        "locality": ""
      }
    },
    {
      "type": "Feature",
      "geometry": {
        "type": "Polygon",
        "coordinates": [
          [
            [
              23.462410000000002,
              44.05976
            ],
            [
              23.462410000000002,
              44.07476
            ],
            [
              23.44741,
              44.07476
            ],
            [
              23.44741,
              44.05976
            ],
            [
              23.462410000000002,
              44.05976
            ]
          ]
        ]
      },
      "properties": {
        "frp": 6.75,
        "acq_date": "2026-09-27",
        "acq_time": "1136",
        "satellite": "N",
        "brightness": null,
        "NAME_1": "",
        "locality": ""
      }
    },
    {
      "type": "Feature",
      "geometry": {
        "type": "Polygon",
        "coordinates": [
          [
            [
              23.22524,
              44.06044
            ],
            [
              23.22524,
              44.07544
            ],
            [
              23.21024,
              44.07544
            ],
            [
              23.21024,
              44.06044
            ],
            [
              23.22524,
              44.06044
            ]
          ]
        ]
      },
      "properties": {
        "frp": 4.0,
        "acq_date": "2026-09-27",
        "acq_time": "1136",
        "satellite": "N",
        "brightness": null,
        "NAME_1": "",
        "locality": ""
      }
    },
    {
      "type": "Feature",
      "geometry": {
        "type": "Polygon",
        "coordinates": [
          [
            [
              23.4469,
              44.06102
            ],
            [
              23.4469,
              44.07602
            ],
            [
              23.4319,
              44.07602
            ],
            [
              23.4319,
              44.06102
            ],
            [
              23.4469,
              44.06102
            ]
          ]
        ]
      },
      "properties": {
        "frp": 8.24,
        "acq_date": "2026-09-27",
        "acq_time": "1136",
        "satellite": "N",
        "brightness": null,
        "NAME_1": "",
        "locality": ""
      }
    },
    {
      "type": "Feature",
      "geometry": {
        "type": "Polygon",
        "coordinates": [
          [
            [
              23.23007,
              44.06114
            ],
            [
              23.23007,
              44.07614
            ],
            [
              23.21507,
              44.07614
            ],
            [
              23.21507,
              44.06114
            ],
            [
              23.23007,
              44.06114
            ]
          ]
        ]
      },
      "properties": {
        "frp": 4.0,
        "acq_date": "2026-09-27",
        "acq_time": "1136",
        "satellite": "N",
        "brightness": null,
        "NAME_1": "",
        "locality": ""
      }
    },
    {
      "type": "Feature",
      "geometry": {
        "type": "Polygon",
        "coordinates": [
          [
            [
              23.22916,
              44.06445
            ],
            [
              23.22916,
              44.07945
            ],
            [
              23.21416,
              44.07945
            ],
            [
              23.21416,
              44.06445
            ],
            [
              23.22916,
              44.06445
            ]
          ]
        ]
      },
      "properties": {
        "frp": 3.58,
        "acq_date": "2026-09-27",
        "acq_time": "1136",
        "satellite": "N",
        "brightness": null,
        "NAME_1": "",
        "locality": ""
      }
    },
    {
      "type": "Feature",
      "geometry": {
        "type": "Polygon",
        "coordinates": [
          [
            [
              22.96663,
              44.19218
            ],
            [
              22.96663,
              44.20718
            ],
            [
              22.951629999999998,
              44.20718
            ],
            [
              22.951629999999998,
              44.19218
            ],
            [
              22.96663,
              44.19218
            ]
          ]
        ]
      },
      "properties": {
        "frp": 7.77,
        "acq_date": "2026-09-27",
        "acq_time": "1136",
        "satellite": "N",
        "brightness": null,
        "NAME_1": "",
        "locality": ""
      }
    },
    {
      "type": "Feature",
      "geometry": {
        "type": "Polygon",
        "coordinates": [
          [
            [
              22.965700000000002,
              44.195479999999996
            ],
            [
              22.965700000000002,
              44.21048
            ],
            [
              22.9507,
              44.21048
            ],
            [
              22.9507,
              44.195479999999996
            ],
            [
              22.965700000000002,
              44.195479999999996
            ]
          ]
        ]
      },
      "properties": {
        "frp": 20.61,
        "acq_date": "2026-09-27",
        "acq_time": "1136",
        "satellite": "N",
        "brightness": null,
        "NAME_1": "",
        "locality": ""
      }
    },
    {
      "type": "Feature",
      "geometry": {
        "type": "Polygon",
        "coordinates": [
          [
            [
              22.97052,
              44.19618
            ],
            [
              22.97052,
              44.21118
            ],
            [
              22.95552,
              44.21118
            ],
            [
              22.95552,
              44.19618
            ],
            [
              22.97052,
              44.19618
            ]
          ]
        ]
      },
      "properties": {
        "frp": 6.26,
        "acq_date": "2026-09-27",
        "acq_time": "1136",
        "satellite": "N",
        "brightness": null,
        "NAME_1": "",
        "locality": ""
      }
    },
    {
      "type": "Feature",
      "geometry": {
        "type": "Polygon",
        "coordinates": [
          [
            [
              22.67167,
              44.26776
            ],
            [
              22.67167,
              44.28276
            ],
            [
              22.65667,
              44.28276
            ],
            [
              22.65667,
              44.26776
            ],
            [
              22.67167,
              44.26776
            ]
          ]
        ]
      },
      "properties": {
        "frp": 1.88,
        "acq_date": "2026-09-27",
        "acq_time": "1136",
        "satellite": "N",
        "brightness": null,
        "NAME_1": "",
        "locality": ""
      }
    },
    {
      "type": "Feature",
      "geometry": {
        "type": "Polygon",
        "coordinates": [
          [
            [
              23.74708,
              44.27696
            ],
            [
              23.74708,
              44.29196
            ],
            [
              23.73208,
              44.29196
            ],
            [
              23.73208,
              44.27696
            ],
            [
              23.74708,
              44.27696
            ]
          ]
        ]
      },
      "properties": {
        "frp": 3.2,
        "acq_date": "2026-09-27",
        "acq_time": "1136",
        "satellite": "N",
        "brightness": null,
        "NAME_1": "",
        "locality": ""
      }
    },
    {
      "type": "Feature",
      "geometry": {
        "type": "Polygon",
        "coordinates": [
          [
            [
              24.292270000000002,
              44.31641
            ],
            [
              24.292270000000002,
              44.33141
            ],
            [
              24.27727,
              44.33141
            ],
            [
              24.27727,
              44.31641
            ],
            [
              24.292270000000002,
              44.31641
            ]
          ]
        ]
      },
      "properties": {
        "frp": 2.35,
        "acq_date": "2026-09-27",
        "acq_time": "1136",
        "satellite": "N",
        "brightness": null,
        "NAME_1": "",
        "locality": ""
      }
    },
    {
      "type": "Feature",
      "geometry": {
        "type": "Polygon",
        "coordinates": [
          [
            [
              22.73159,
              44.33834
            ],
            [
              22.73159,
              44.35334
            ],
            [
              22.71659,
              44.35334
            ],
            [
              22.71659,
              44.33834
            ],
            [
              22.73159,
              44.33834
            ]
          ]
        ]
      },
      "properties": {
        "frp": 2.44,
        "acq_date": "2026-09-27",
        "acq_time": "1136",
        "satellite": "N",
        "brightness": null,
        "NAME_1": "",
        "locality": ""
      }
    },
    {
      "type": "Feature",
      "geometry": {
        "type": "Polygon",
        "coordinates": [
          [
            [
              22.69802,
              44.35054
            ],
            [
              22.69802,
              44.36554
            ],
            [
              22.68302,
              44.36554
            ],
            [
              22.68302,
              44.35054
            ],
            [
              22.69802,
              44.35054
            ]
          ]
        ]
      },
      "properties": {
        "frp": 5.6,
        "acq_date": "2026-09-27",
        "acq_time": "1136",
        "satellite": "N",
        "brightness": null,
        "NAME_1": "",
        "locality": ""
      }
    },
    {
      "type": "Feature",
      "geometry": {
        "type": "Polygon",
        "coordinates": [
          [
            [
              26.571460000000002,
              44.54429
            ],
            [
              26.571460000000002,
              44.55929
            ],
            [
              26.55646,
              44.55929
            ],
            [
              26.55646,
              44.54429
            ],
            [
              26.571460000000002,
              44.54429
            ]
          ]
        ]
      },
      "properties": {
        "frp": 16.31,
        "acq_date": "2026-09-27",
        "acq_time": "1136",
        "satellite": "N",
        "brightness": null,
        "NAME_1": "",
        "locality": ""
      }
    },
    {
      "type": "Feature",
      "geometry": {
        "type": "Polygon",
        "coordinates": [
          [
            [
              22.81768,
              44.85649
            ],
            [
              22.81768,
              44.87149
            ],
            [
              22.80268,
              44.87149
            ],
            [
              22.80268,
              44.85649
            ],
            [
              22.81768,
              44.85649
            ]
          ]
        ]
      },
      "properties": {
        "frp": 1.43,
        "acq_date": "2026-09-27",
        "acq_time": "1136",
        "satellite": "N",
        "brightness": null,
        "NAME_1": "",
        "locality": ""
      }
    },
    {
      "type": "Feature",
      "geometry": {
        "type": "Polygon",
        "coordinates": [
          [
            [
              28.04743,
              45.32367
            ],
            [
              28.04743,
              45.33867
            ],
            [
              28.032429999999998,
              45.33867
            ],
            [
              28.032429999999998,
              45.32367
            ],
            [
              28.04743,
              45.32367
            ]
          ]
        ]
      },
      "properties": {
        "frp": 7.94,
        "acq_date": "2026-09-27",
        "acq_time": "1136",
        "satellite": "N",
        "brightness": null,
        "NAME_1": "",
        "locality": ""
      }
    },
    {
      "type": "Feature",
      "geometry": {
        "type": "Polygon",
        "coordinates": [
          [
            [
              29.570240000000002,
              45.447449999999996
            ],
            [
              29.570240000000002,
              45.46245
            ],
            [
              29.55524,
              45.46245
            ],
            [
              29.55524,
              45.447449999999996
            ],
            [
              29.570240000000002,
              45.447449999999996
            ]
          ]
        ]
      },
      "properties": {
        "frp": 27.79,
        "acq_date": "2026-09-27",
        "acq_time": "1136",
        "satellite": "N",
        "brightness": null,
        "NAME_1": "Odessa",
        "locality": "Kiliis'kyi"
      }
    },
    {
      "type": "Feature",
      "geometry": {
        "type": "Polygon",
        "coordinates": [
          [
            [
              29.56956,
              45.45169
            ],
            [
              29.56956,
              45.46669
            ],
            [
              29.55456,
              45.46669
            ],
            [
              29.55456,
              45.45169
            ],
            [
              29.56956,
              45.45169
            ]
          ]
        ]
      },
      "properties": {
        "frp": 27.79,
        "acq_date": "2026-09-27",
        "acq_time": "1136",
        "satellite": "N",
        "brightness": null,
        "NAME_1": "Odessa",
        "locality": "Kiliis'kyi"
      }
    },
    {
      "type": "Feature",
      "geometry": {
        "type": "Polygon",
        "coordinates": [
          [
            [
              29.57514,
              45.45217
            ],
            [
              29.57514,
              45.46717
            ],
            [
              29.56014,
              45.46717
            ],
            [
              29.56014,
              45.45217
            ],
            [
              29.57514,
              45.45217
            ]
          ]
        ]
      },
      "properties": {
        "frp": 27.79,
        "acq_date": "2026-09-27",
        "acq_time": "1136",
        "satellite": "N",
        "brightness": null,
        "NAME_1": "Odessa",
        "locality": "Kiliis'kyi"
      }
    },
    {
      "type": "Feature",
      "geometry": {
        "type": "Polygon",
        "coordinates": [
          [
            [
              29.58072,
              45.45265
            ],
            [
              29.58072,
              45.46765
            ],
            [
              29.56572,
              45.46765
            ],
            [
              29.56572,
              45.45265
            ],
            [
              29.58072,
              45.45265
            ]
          ]
        ]
      },
      "properties": {
        "frp": 14.22,
        "acq_date": "2026-09-27",
        "acq_time": "1136",
        "satellite": "N",
        "brightness": null,
        "NAME_1": "Odessa",
        "locality": "Kiliis'kyi"
      }
    },
    {
      "type": "Feature",
      "geometry": {
        "type": "Polygon",
        "coordinates": [
          [
            [
              29.5863,
              45.45312
            ],
            [
              29.5863,
              45.46812
            ],
            [
              29.5713,
              45.46812
            ],
            [
              29.5713,
              45.45312
            ],
            [
              29.5863,
              45.45312
            ]
          ]
        ]
      },
      "properties": {
        "frp": 14.22,
        "acq_date": "2026-09-27",
        "acq_time": "1136",
        "satellite": "N",
        "brightness": null,
        "NAME_1": "Odessa",
        "locality": "Kiliis'kyi"
      }
    },
    {
      "type": "Feature",
      "geometry": {
        "type": "Polygon",
        "coordinates": [
          [
            [
              29.57444,
              45.45641
            ],
            [
              29.57444,
              45.47141
            ],
            [
              29.55944,
              45.47141
            ],
            [
              29.55944,
              45.45641
            ],
            [
              29.57444,
              45.45641
            ]
          ]
        ]
      },
      "properties": {
        "frp": 13.95,
        "acq_date": "2026-09-27",
        "acq_time": "1136",
        "satellite": "N",
        "brightness": null,
        "NAME_1": "Odessa",
        "locality": "Kiliis'kyi"
      }
    },
    {
      "type": "Feature",
      "geometry": {
        "type": "Polygon",
        "coordinates": [
          [
            [
              29.58002,
              45.45689
            ],
            [
              29.58002,
              45.47189
            ],
            [
              29.56502,
              45.47189
            ],
            [
              29.56502,
              45.45689
            ],
            [
              29.58002,
              45.45689
            ]
          ]
        ]
      },
      "properties": {
        "frp": 24.92,
        "acq_date": "2026-09-27",
        "acq_time": "1136",
        "satellite": "N",
        "brightness": null,
        "NAME_1": "Odessa",
        "locality": "Kiliis'kyi"
      }
    },
    {
      "type": "Feature",
      "geometry": {
        "type": "Polygon",
        "coordinates": [
          [
            [
              29.5856,
              45.45737
            ],
            [
              29.5856,
              45.47237
            ],
            [
              29.5706,
              45.47237
            ],
            [
              29.5706,
              45.45737
            ],
            [
              29.5856,
              45.45737
            ]
          ]
        ]
      },
      "properties": {
        "frp": 24.92,
        "acq_date": "2026-09-27",
        "acq_time": "1136",
        "satellite": "N",
        "brightness": null,
        "NAME_1": "Odessa",
        "locality": "Kiliis'kyi"
      }
    },
    {
      "type": "Feature",
      "geometry": {
        "type": "Polygon",
        "coordinates": [
          [
            [
              29.59119,
              45.45785
            ],
            [
              29.59119,
              45.47285
            ],
            [
              29.57619,
              45.47285
            ],
            [
              29.57619,
              45.45785
            ],
            [
              29.59119,
              45.45785
            ]
          ]
        ]
      },
      "properties": {
        "frp": 10.11,
        "acq_date": "2026-09-27",
        "acq_time": "1136",
        "satellite": "N",
        "brightness": null,
        "NAME_1": "Odessa",
        "locality": "Kiliis'kyi"
      }
    },
    {
      "type": "Feature",
      "geometry": {
        "type": "Polygon",
        "coordinates": [
          [
            [
              29.59678,
              45.45832
            ],
            [
              29.59678,
              45.47332
            ],
            [
              29.58178,
              45.47332
            ],
            [
              29.58178,
              45.45832
            ],
            [
              29.59678,
              45.45832
            ]
          ]
        ]
      },
      "properties": {
        "frp": 10.11,
        "acq_date": "2026-09-27",
        "acq_time": "1136",
        "satellite": "N",
        "brightness": null,
        "NAME_1": "Odessa",
        "locality": "Kiliis'kyi"
      }
    },
    {
      "type": "Feature",
      "geometry": {
        "type": "Polygon",
        "coordinates": [
          [
            [
              40.10625,
              47.77409
            ],
            [
              40.10625,
              47.78909
            ],
            [
              40.09125,
              47.78909
            ],
            [
              40.09125,
              47.77409
            ],
            [
              40.10625,
              47.77409
            ]
          ]
        ]
      },
      "properties": {
        "frp": 11.59,
        "acq_date": "2026-09-27",
        "acq_time": "1136",
        "satellite": "N",
        "brightness": null,
        "NAME_1": "Rostov",
        "locality": "Krasnosulinskiy rayon"
      }
    },
    {
      "type": "Feature",
      "geometry": {
        "type": "Polygon",
        "coordinates": [
          [
            [
              40.11614,
              47.78098
            ],
            [
              40.11614,
              47.79598
            ],
            [
              40.10114,
              47.79598
            ],
            [
              40.10114,
              47.78098
            ],
            [
              40.11614,
              47.78098
            ]
          ]
        ]
      },
      "properties": {
        "frp": 8.58,
        "acq_date": "2026-09-27",
        "acq_time": "1136",
        "satellite": "N",
        "brightness": null,
        "NAME_1": "Rostov",
        "locality": "Krasnosulinskiy rayon"
      }
    },
    {
      "type": "Feature",
      "geometry": {
        "type": "Polygon",
        "coordinates": [
          [
            [
              40.10636,
              47.78112
            ],
            [
              40.10636,
              47.79612
            ],
            [
              40.09136,
              47.79612
            ],
            [
              40.09136,
              47.78112
            ],
            [
              40.10636,
              47.78112
            ]
          ]
        ]
      },
      "properties": {
        "frp": 8.58,
        "acq_date": "2026-09-27",
        "acq_time": "1136",
        "satellite": "N",
        "brightness": null,
        "NAME_1": "Rostov",
        "locality": "Krasnosulinskiy rayon"
      }
    },
    {
      "type": "Feature",
      "geometry": {
        "type": "Polygon",
        "coordinates": [
          [
            [
              24.7212,
              48.96742
            ],
            [
              24.7212,
              48.98242
            ],
            [
              24.7062,
              48.98242
            ],
            [
              24.7062,
              48.96742
            ],
            [
              24.7212,
              48.96742
            ]
          ]
        ]
      },
      "properties": {
        "frp": 2.81,
        "acq_date": "2026-09-27",
        "acq_time": "1136",
        "satellite": "N",
        "brightness": null,
        "NAME_1": "Ivano-Frankivs'k",
        "locality": "Tysmenyts'kyi"
      }
    },
    {
      "type": "Feature",
      "geometry": {
        "type": "Polygon",
        "coordinates": [
          [
            [
              26.74372,
              50.11631
            ],
            [
              26.74372,
              50.13131
            ],
            [
              26.72872,
              50.13131
            ],
            [
              26.72872,
              50.11631
            ],
            [
              26.74372,
              50.11631
            ]
          ]
        ]
      },
      "properties": {
        "frp": 3.65,
        "acq_date": "2026-09-27",
        "acq_time": "1136",
        "satellite": "N",
        "brightness": null,
        "NAME_1": "Khmel'nyts'kyy",
        "locality": "Iziaslavs'kyi"
      }
    },
    {
      "type": "Feature",
      "geometry": {
        "type": "Polygon",
        "coordinates": [
          [
            [
              26.74348,
              50.11854
            ],
            [
              26.74348,
              50.13354
            ],
            [
              26.72848,
              50.13354
            ],
            [
              26.72848,
              50.11854
            ],
            [
              26.74348,
              50.11854
            ]
          ]
        ]
      },
      "properties": {
        "frp": 5.96,
        "acq_date": "2026-09-27",
        "acq_time": "1136",
        "satellite": "N",
        "brightness": null,
        "NAME_1": "Khmel'nyts'kyy",
        "locality": "Iziaslavs'kyi"
      }
    },
    {
      "type": "Feature",
      "geometry": {
        "type": "Polygon",
        "coordinates": [
          [
            [
              39.804520000000004,
              45.03488
            ],
            [
              39.804520000000004,
              45.04988
            ],
            [
              39.78952,
              45.04988
            ],
            [
              39.78952,
              45.03488
            ],
            [
              39.804520000000004,
              45.03488
            ]
          ]
        ]
      },
      "properties": {
        "frp": 0.37,
        "acq_date": "2026-09-27",
        "acq_time": "2350",
        "satellite": "N",
        "brightness": null,
        "NAME_1": "Adygey",
        "locality": "Krasnogvardeyskiy rayon"
      }
    },
    {
      "type": "Feature",
      "geometry": {
        "type": "Polygon",
        "coordinates": [
          [
            [
              38.73404,
              45.261359999999996
            ],
            [
              38.73404,
              45.27636
            ],
            [
              38.71904,
              45.27636
            ],
            [
              38.71904,
              45.261359999999996
            ],
            [
              38.73404,
              45.261359999999996
            ]
          ]
        ]
      },
      "properties": {
        "frp": 0.73,
        "acq_date": "2026-09-27",
        "acq_time": "2350",
        "satellite": "N",
        "brightness": null,
        "NAME_1": "Krasnodar",
        "locality": "Dinskiy rayon"
      }
    },
    {
      "type": "Feature",
      "geometry": {
        "type": "Polygon",
        "coordinates": [
          [
            [
              38.73531,
              45.264739999999996
            ],
            [
              38.73531,
              45.27974
            ],
            [
              38.72031,
              45.27974
            ],
            [
              38.72031,
              45.264739999999996
            ],
            [
              38.73531,
              45.264739999999996
            ]
          ]
        ]
      },
      "properties": {
        "frp": 0.73,
        "acq_date": "2026-09-27",
        "acq_time": "2350",
        "satellite": "N",
        "brightness": null,
        "NAME_1": "Krasnodar",
        "locality": "Dinskiy rayon"
      }
    },
    {
      "type": "Feature",
      "geometry": {
        "type": "Polygon",
        "coordinates": [
          [
            [
              39.13416,
              45.89913
            ],
            [
              39.13416,
              45.91413
            ],
            [
              39.11916,
              45.91413
            ],
            [
              39.11916,
              45.89913
            ],
            [
              39.13416,
              45.89913
            ]
          ]
        ]
      },
      "properties": {
        "frp": 0.35,
        "acq_date": "2026-09-27",
        "acq_time": "2350",
        "satellite": "N",
        "brightness": null,
        "NAME_1": "Krasnodar",
        "locality": "Bryukhovetskiy rayon"
      }
    },
    {
      "type": "Feature",
      "geometry": {
        "type": "Polygon",
        "coordinates": [
          [
            [
              39.39418,
              45.96789
            ],
            [
              39.39418,
              45.98289
            ],
            [
              39.37918,
              45.98289
            ],
            [
              39.37918,
              45.96789
            ],
            [
              39.39418,
              45.96789
            ]
          ]
        ]
      },
      "properties": {
        "frp": 0.23,
        "acq_date": "2026-09-27",
        "acq_time": "2350",
        "satellite": "N",
        "brightness": null,
        "NAME_1": "Krasnodar",
        "locality": "Kanevskiy rayon"
      }
    },
    {
      "type": "Feature",
      "geometry": {
        "type": "Polygon",
        "coordinates": [
          [
            [
              38.392360000000004,
              46.52677
            ],
            [
              38.392360000000004,
              46.54177
            ],
            [
              38.37736,
              46.54177
            ],
            [
              38.37736,
              46.52677
            ],
            [
              38.392360000000004,
              46.52677
            ]
          ]
        ]
      },
      "properties": {
        "frp": 0.81,
        "acq_date": "2026-09-27",
        "acq_time": "2350",
        "satellite": "N",
        "brightness": null,
        "NAME_1": "Krasnodar",
        "locality": "Eyskiy rayon"
      }
    },
    {
      "type": "Feature",
      "geometry": {
        "type": "Polygon",
        "coordinates": [
          [
            [
              38.38719,
              46.5277
            ],
            [
              38.38719,
              46.5427
            ],
            [
              38.372189999999996,
              46.5427
            ],
            [
              38.372189999999996,
              46.5277
            ],
            [
              38.38719,
              46.5277
            ]
          ]
        ]
      },
      "properties": {
        "frp": 0.81,
        "acq_date": "2026-09-27",
        "acq_time": "2350",
        "satellite": "N",
        "brightness": null,
        "NAME_1": "Krasnodar",
        "locality": "Eyskiy rayon"
      }
    },
    {
      "type": "Feature",
      "geometry": {
        "type": "Polygon",
        "coordinates": [
          [
            [
              26.03551,
              46.890769999999996
            ],
            [
              26.03551,
              46.90577
            ],
            [
              26.020509999999998,
              46.90577
            ],
            [
              26.020509999999998,
              46.890769999999996
            ],
            [
              26.03551,
              46.890769999999996
            ]
          ]
        ]
      },
      "properties": {
        "frp": 0.69,
        "acq_date": "2026-09-27",
        "acq_time": "2350",
        "satellite": "N",
        "brightness": null,
        "NAME_1": "",
        "locality": ""
      }
    },
    {
      "type": "Feature",
      "geometry": {
        "type": "Polygon",
        "coordinates": [
          [
            [
              22.33526,
              47.03086
            ],
            [
              22.33526,
              47.04586
            ],
            [
              22.32026,
              47.04586
            ],
            [
              22.32026,
              47.03086
            ],
            [
              22.33526,
              47.03086
            ]
          ]
        ]
      },
      "properties": {
        "frp": 0.71,
        "acq_date": "2026-09-27",
        "acq_time": "2350",
        "satellite": "N",
        "brightness": null,
        "NAME_1": "",
        "locality": ""
      }
    },
    {
      "type": "Feature",
      "geometry": {
        "type": "Polygon",
        "coordinates": [
          [
            [
              38.25327,
              47.23692
            ],
            [
              38.25327,
              47.25192
            ],
            [
              38.23827,
              47.25192
            ],
            [
              38.23827,
              47.23692
            ],
            [
              38.25327,
              47.23692
            ]
          ]
        ]
      },
      "properties": {
        "frp": 0.44,
        "acq_date": "2026-09-27",
        "acq_time": "2350",
        "satellite": "N",
        "brightness": null,
        "NAME_1": "Donets'k",
        "locality": "Novoazovs'kyi"
      }
    },
    {
      "type": "Feature",
      "geometry": {
        "type": "Polygon",
        "coordinates": [
          [
            [
              30.45825,
              47.26891
            ],
            [
              30.45825,
              47.28391
            ],
            [
              30.44325,
              47.28391
            ],
            [
              30.44325,
              47.26891
            ],
            [
              30.45825,
              47.26891
            ]
          ]
        ]
      },
      "properties": {
        "frp": 0.78,
        "acq_date": "2026-09-27",
        "acq_time": "2350",
        "satellite": "N",
        "brightness": null,
        "NAME_1": "Odessa",
        "locality": "Shyria\u2039vs'kyi"
      }
    },
    {
      "type": "Feature",
      "geometry": {
        "type": "Polygon",
        "coordinates": [
          [
            [
              30.459130000000002,
              47.27271
            ],
            [
              30.459130000000002,
              47.28771
            ],
            [
              30.44413,
              47.28771
            ],
            [
              30.44413,
              47.27271
            ],
            [
              30.459130000000002,
              47.27271
            ]
          ]
        ]
      },
      "properties": {
        "frp": 0.78,
        "acq_date": "2026-09-27",
        "acq_time": "2350",
        "satellite": "N",
        "brightness": null,
        "NAME_1": "Odessa",
        "locality": "Shyria\u2039vs'kyi"
      }
    },
    {
      "type": "Feature",
      "geometry": {
        "type": "Polygon",
        "coordinates": [
          [
            [
              38.163380000000004,
              47.37309
            ],
            [
              38.163380000000004,
              47.38809
            ],
            [
              38.14838,
              47.38809
            ],
            [
              38.14838,
              47.37309
            ],
            [
              38.163380000000004,
              47.37309
            ]
          ]
        ]
      },
      "properties": {
        "frp": 0.49,
        "acq_date": "2026-09-27",
        "acq_time": "2350",
        "satellite": "N",
        "brightness": null,
        "NAME_1": "Donets'k",
        "locality": "Tel'manivs'kyi"
      }
    },
    {
      "type": "Feature",
      "geometry": {
        "type": "Polygon",
        "coordinates": [
          [
            [
              40.14291,
              47.37339
            ],
            [
              40.14291,
              47.38839
            ],
            [
              40.12791,
              47.38839
            ],
            [
              40.12791,
              47.37339
            ],
            [
              40.14291,
              47.37339
            ]
          ]
        ]
      },
      "properties": {
        "frp": 0.71,
        "acq_date": "2026-09-27",
        "acq_time": "2350",
        "satellite": "N",
        "brightness": null,
        "NAME_1": "Rostov",
        "locality": "Novocherkassk"
      }
    },
    {
      "type": "Feature",
      "geometry": {
        "type": "Polygon",
        "coordinates": [
          [
            [
              40.15553,
              47.37466
            ],
            [
              40.15553,
              47.38966
            ],
            [
              40.14053,
              47.38966
            ],
            [
              40.14053,
              47.37466
            ],
            [
              40.15553,
              47.37466
            ]
          ]
        ]
      },
      "properties": {
        "frp": 0.94,
        "acq_date": "2026-09-27",
        "acq_time": "2350",
        "satellite": "N",
        "brightness": null,
        "NAME_1": "Rostov",
        "locality": "Oktyabr'skiy"
      }
    },
    {
      "type": "Feature",
      "geometry": {
        "type": "Polygon",
        "coordinates": [
          [
            [
              40.14994,
              47.37573
            ],
            [
              40.14994,
              47.39073
            ],
            [
              40.13494,
              47.39073
            ],
            [
              40.13494,
              47.37573
            ],
            [
              40.14994,
              47.37573
            ]
          ]
        ]
      },
      "properties": {
        "frp": 0.71,
        "acq_date": "2026-09-27",
        "acq_time": "2350",
        "satellite": "N",
        "brightness": null,
        "NAME_1": "Rostov",
        "locality": "Oktyabr'skiy"
      }
    },
    {
      "type": "Feature",
      "geometry": {
        "type": "Polygon",
        "coordinates": [
          [
            [
              40.14434,
              47.3768
            ],
            [
              40.14434,
              47.3918
            ],
            [
              40.12934,
              47.3918
            ],
            [
              40.12934,
              47.3768
            ],
            [
              40.14434,
              47.3768
            ]
          ]
        ]
      },
      "properties": {
        "frp": 0.71,
        "acq_date": "2026-09-27",
        "acq_time": "2350",
        "satellite": "N",
        "brightness": null,
        "NAME_1": "Rostov",
        "locality": "Novocherkassk"
      }
    },
    {
      "type": "Feature",
      "geometry": {
        "type": "Polygon",
        "coordinates": [
          [
            [
              38.34153,
              47.50489
            ],
            [
              38.34153,
              47.519890000000004
            ],
            [
              38.32653,
              47.519890000000004
            ],
            [
              38.32653,
              47.50489
            ],
            [
              38.34153,
              47.50489
            ]
          ]
        ]
      },
      "properties": {
        "frp": 0.81,
        "acq_date": "2026-09-27",
        "acq_time": "2350",
        "satellite": "N",
        "brightness": null,
        "NAME_1": "Rostov",
        "locality": "Matveevo-Kurganskiy rayon"
      }
    },
    {
      "type": "Feature",
      "geometry": {
        "type": "Polygon",
        "coordinates": [
          [
            [
              29.02288,
              47.77661
            ],
            [
              29.02288,
              47.79161
            ],
            [
              29.00788,
              47.79161
            ],
            [
              29.00788,
              47.77661
            ],
            [
              29.02288,
              47.77661
            ]
          ]
        ]
      },
      "properties": {
        "frp": 0.61,
        "acq_date": "2026-09-27",
        "acq_time": "2350",
        "satellite": "N",
        "brightness": null,
        "NAME_1": "",
        "locality": ""
      }
    },
    {
      "type": "Feature",
      "geometry": {
        "type": "Polygon",
        "coordinates": [
          [
            [
              29.02493,
              47.77956
            ],
            [
              29.02493,
              47.79456
            ],
            [
              29.00993,
              47.79456
            ],
            [
              29.00993,
              47.77956
            ],
            [
              29.02493,
              47.77956
            ]
          ]
        ]
      },
      "properties": {
        "frp": 0.5,
        "acq_date": "2026-09-27",
        "acq_time": "2350",
        "satellite": "N",
        "brightness": null,
        "NAME_1": "",
        "locality": ""
      }
    },
    {
      "type": "Feature",
      "geometry": {
        "type": "Polygon",
        "coordinates": [
          [
            [
              37.09902,
              48.46455
            ],
            [
              37.09902,
              48.47955
            ],
            [
              37.08402,
              48.47955
            ],
            [
              37.08402,
              48.46455
            ],
            [
              37.09902,
              48.46455
            ]
          ]
        ]
      },
      "properties": {
        "frp": 1.48,
        "acq_date": "2026-09-27",
        "acq_time": "2350",
        "satellite": "N",
        "brightness": null,
        "NAME_1": "Donets'k",
        "locality": "Dobropil's'ka"
      }
    },
    {
      "type": "Feature",
      "geometry": {
        "type": "Polygon",
        "coordinates": [
          [
            [
              37.82172,
              48.95585
            ],
            [
              37.82172,
              48.97085
            ],
            [
              37.80672,
              48.97085
            ],
            [
              37.80672,
              48.95585
            ],
            [
              37.82172,
              48.95585
            ]
          ]
        ]
      },
      "properties": {
        "frp": 0.48,
        "acq_date": "2026-09-27",
        "acq_time": "2350",
        "satellite": "N",
        "brightness": null,
        "NAME_1": "Donets'k",
        "locality": "Krasnolymans'kyi"
      }
    },
    {
      "type": "Feature",
      "geometry": {
        "type": "Polygon",
        "coordinates": [
          [
            [
              24.71558,
              48.96692
            ],
            [
              24.71558,
              48.98192
            ],
            [
              24.70058,
              48.98192
            ],
            [
              24.70058,
              48.96692
            ],
            [
              24.71558,
              48.96692
            ]
          ]
        ]
      },
      "properties": {
        "frp": 2.1,
        "acq_date": "2026-09-27",
        "acq_time": "2350",
        "satellite": "N",
        "brightness": null,
        "NAME_1": "Ivano-Frankivs'k",
        "locality": "Tysmenyts'kyi"
      }
    },
    {
      "type": "Feature",
      "geometry": {
        "type": "Polygon",
        "coordinates": [
          [
            [
              37.82133,
              48.98367
            ],
            [
              37.82133,
              48.99867
            ],
            [
              37.80633,
              48.99867
            ],
            [
              37.80633,
              48.98367
            ],
            [
              37.82133,
              48.98367
            ]
          ]
        ]
      },
      "properties": {
        "frp": 0.47,
        "acq_date": "2026-09-27",
        "acq_time": "2350",
        "satellite": "N",
        "brightness": null,
        "NAME_1": "Donets'k",
        "locality": "Krasnolymans'kyi"
      }
    },
    {
      "type": "Feature",
      "geometry": {
        "type": "Polygon",
        "coordinates": [
          [
            [
              26.26889,
              50.53656
            ],
            [
              26.26889,
              50.55156
            ],
            [
              26.25389,
              50.55156
            ],
            [
              26.25389,
              50.53656
            ],
            [
              26.26889,
              50.53656
            ]
          ]
        ]
      },
      "properties": {
        "frp": 1.95,
        "acq_date": "2026-09-27",
        "acq_time": "2350",
        "satellite": "N",
        "brightness": null,
        "NAME_1": "Rivne",
        "locality": "Zdolbunivs'kyi"
      }
    },
    {
      "type": "Feature",
      "geometry": {
        "type": "Polygon",
        "coordinates": [
          [
            [
              29.34319,
              51.88188
            ],
            [
              29.34319,
              51.89688
            ],
            [
              29.32819,
              51.89688
            ],
            [
              29.32819,
              51.88188
            ],
            [
              29.34319,
              51.88188
            ]
          ]
        ]
      },
      "properties": {
        "frp": 1.08,
        "acq_date": "2026-09-27",
        "acq_time": "2350",
        "satellite": "N",
        "brightness": null,
        "NAME_1": "Gomel",
        "locality": "Mazyr"
      }
    },
    {
      "type": "Feature",
      "geometry": {
        "type": "Polygon",
        "coordinates": [
          [
            [
              29.3504,
              51.88558
            ],
            [
              29.3504,
              51.90058
            ],
            [
              29.3354,
              51.90058
            ],
            [
              29.3354,
              51.88558
            ],
            [
              29.3504,
              51.88558
            ]
          ]
        ]
      },
      "properties": {
        "frp": 1.61,
        "acq_date": "2026-09-27",
        "acq_time": "2350",
        "satellite": "N",
        "brightness": null,
        "NAME_1": "Gomel",
        "locality": "Mazyr"
      }
    },
    {
      "type": "Feature",
      "geometry": {
        "type": "Polygon",
        "coordinates": [
          [
            [
              29.34411,
              51.88609
            ],
            [
              29.34411,
              51.90109
            ],
            [
              29.32911,
              51.90109
            ],
            [
              29.32911,
              51.88609
            ],
            [
              29.34411,
              51.88609
            ]
          ]
        ]
      },
      "properties": {
        "frp": 1.61,
        "acq_date": "2026-09-27",
        "acq_time": "2350",
        "satellite": "N",
        "brightness": null,
        "NAME_1": "Gomel",
        "locality": "Mazyr"
      }
    },
    {
      "type": "Feature",
      "geometry": {
        "type": "Polygon",
        "coordinates": [
          [
            [
              33.34243,
              52.36086
            ],
            [
              33.34243,
              52.37586
            ],
            [
              33.32743,
              52.37586
            ],
            [
              33.32743,
              52.36086
            ],
            [
              33.34243,
              52.36086
            ]
          ]
        ]
      },
      "properties": {
        "frp": 1.33,
        "acq_date": "2026-09-27",
        "acq_time": "2350",
        "satellite": "N",
        "brightness": null,
        "NAME_1": "Bryansk",
        "locality": "Pogarskiy rayon"
      }
    },
    {
      "type": "Feature",
      "geometry": {
        "type": "Polygon",
        "coordinates": [
          [
            [
              33.34337,
              52.3618
            ],
            [
              33.34337,
              52.3768
            ],
            [
              33.32837,
              52.3768
            ],
            [
              33.32837,
              52.3618
            ],
            [
              33.34337,
              52.3618
            ]
          ]
        ]
      },
      "properties": {
        "frp": 1.51,
        "acq_date": "2026-09-27",
        "acq_time": "2350",
        "satellite": "N",
        "brightness": null,
        "NAME_1": "Bryansk",
        "locality": "Pogarskiy rayon"
      }
    },
    {
      "type": "Feature",
      "geometry": {
        "type": "Polygon",
        "coordinates": [
          [
            [
              32.23196,
              52.79704
            ],
            [
              32.23196,
              52.81204
            ],
            [
              32.21696,
              52.81204
            ],
            [
              32.21696,
              52.79704
            ],
            [
              32.23196,
              52.79704
            ]
          ]
        ]
      },
      "properties": {
        "frp": 0.89,
        "acq_date": "2026-09-27",
        "acq_time": "2350",
        "satellite": "N",
        "brightness": null,
        "NAME_1": "Bryansk",
        "locality": "Klintsovskiy rayon"
      }
    },
    {
      "type": "Feature",
      "geometry": {
        "type": "Polygon",
        "coordinates": [
          [
            [
              22.44231,
              44.87178
            ],
            [
              22.44231,
              44.88678
            ],
            [
              22.42731,
              44.88678
            ],
            [
              22.42731,
              44.87178
            ],
            [
              22.44231,
              44.87178
            ]
          ]
        ]
      },
      "properties": {
        "frp": 1.74,
        "acq_date": "2026-09-27",
        "acq_time": "2352",
        "satellite": "N",
        "brightness": null,
        "NAME_1": "",
        "locality": ""
      }
    },
    {
      "type": "Feature",
      "geometry": {
        "type": "Polygon",
        "coordinates": [
          [
            [
              22.43098,
              44.87225
            ],
            [
              22.43098,
              44.88725
            ],
            [
              22.41598,
              44.88725
            ],
            [
              22.41598,
              44.87225
            ],
            [
              22.43098,
              44.87225
            ]
          ]
        ]
      },
      "properties": {
        "frp": 3.54,
        "acq_date": "2026-09-27",
        "acq_time": "2352",
        "satellite": "N",
        "brightness": null,
        "NAME_1": "",
        "locality": ""
      }
    },
    {
      "type": "Feature",
      "geometry": {
        "type": "Polygon",
        "coordinates": [
          [
            [
              22.43807,
              44.87743
            ],
            [
              22.43807,
              44.89243
            ],
            [
              22.42307,
              44.89243
            ],
            [
              22.42307,
              44.87743
            ],
            [
              22.43807,
              44.87743
            ]
          ]
        ]
      },
      "properties": {
        "frp": 1.74,
        "acq_date": "2026-09-27",
        "acq_time": "2352",
        "satellite": "N",
        "brightness": null,
        "NAME_1": "",
        "locality": ""
      }
    },
    {
      "type": "Feature",
      "geometry": {
        "type": "Polygon",
        "coordinates": [
          [
            [
              29.03152,
              45.1981
            ],
            [
              29.03152,
              45.2131
            ],
            [
              29.01652,
              45.2131
            ],
            [
              29.01652,
              45.1981
            ],
            [
              29.03152,
              45.1981
            ]
          ]
        ]
      },
      "properties": {
        "frp": 4.11,
        "acq_date": "2026-09-27",
        "acq_time": "2352",
        "satellite": "N",
        "brightness": null,
        "NAME_1": "",
        "locality": ""
      }
    },
    {
      "type": "Feature",
      "geometry": {
        "type": "Polygon",
        "coordinates": [
          [
            [
              29.03232,
              45.20205
            ],
            [
              29.03232,
              45.21705
            ],
            [
              29.017319999999998,
              45.21705
            ],
            [
              29.017319999999998,
              45.20205
            ],
            [
              29.03232,
              45.20205
            ]
          ]
        ]
      },
      "properties": {
        "frp": 2.34,
        "acq_date": "2026-09-27",
        "acq_time": "2352",
        "satellite": "N",
        "brightness": null,
        "NAME_1": "",
        "locality": ""
      }
    },
    {
      "type": "Feature",
      "geometry": {
        "type": "Polygon",
        "coordinates": [
          [
            [
              26.61252,
              48.74055
            ],
            [
              26.61252,
              48.75555
            ],
            [
              26.59752,
              48.75555
            ],
            [
              26.59752,
              48.74055
            ],
            [
              26.61252,
              48.74055
            ]
          ]
        ]
      },
      "properties": {
        "frp": 1.01,
        "acq_date": "2026-09-28",
        "acq_time": "130",
        "satellite": "N",
        "brightness": null,
        "NAME_1": "Khmel'nyts'kyy",
        "locality": "Kamianets'-Podil's'kyi"
      }
    },
    {
      "type": "Feature",
      "geometry": {
        "type": "Polygon",
        "coordinates": [
          [
            [
              24.721,
              48.96692
            ],
            [
              24.721,
              48.98192
            ],
            [
              24.706,
              48.98192
            ],
            [
              24.706,
              48.96692
            ],
            [
              24.721,
              48.96692
            ]
          ]
        ]
      },
      "properties": {
        "frp": 1.03,
        "acq_date": "2026-09-28",
        "acq_time": "130",
        "satellite": "N",
        "brightness": null,
        "NAME_1": "Ivano-Frankivs'k",
        "locality": "Tysmenyts'kyi"
      }
    },
    {
      "type": "Feature",
      "geometry": {
        "type": "Polygon",
        "coordinates": [
          [
            [
              24.71788,
              48.96716
            ],
            [
              24.71788,
              48.98216
            ],
            [
              24.70288,
              48.98216
            ],
            [
              24.70288,
              48.96716
            ],
            [
              24.71788,
              48.96716
            ]
          ]
        ]
      },
      "properties": {
        "frp": 1.82,
        "acq_date": "2026-09-28",
        "acq_time": "130",
        "satellite": "N",
        "brightness": null,
        "NAME_1": "Ivano-Frankivs'k",
        "locality": "Tysmenyts'kyi"
      }
    },
    {
      "type": "Feature",
      "geometry": {
        "type": "Polygon",
        "coordinates": [
          [
            [
              26.268720000000002,
              50.53467
            ],
            [
              26.268720000000002,
              50.54967
            ],
            [
              26.25372,
              50.54967
            ],
            [
              26.25372,
              50.53467
            ],
            [
              26.268720000000002,
              50.53467
            ]
          ]
        ]
      },
      "properties": {
        "frp": 1.89,
        "acq_date": "2026-09-28",
        "acq_time": "130",
        "satellite": "N",
        "brightness": null,
        "NAME_1": "Rivne",
        "locality": "Zdolbunivs'kyi"
      }
    },
    {
      "type": "Feature",
      "geometry": {
        "type": "Polygon",
        "coordinates": [
          [
            [
              23.55822,
              51.13004
            ],
            [
              23.55822,
              51.14504
            ],
            [
              23.543219999999998,
              51.14504
            ],
            [
              23.543219999999998,
              51.13004
            ],
            [
              23.55822,
              51.13004
            ]
          ]
        ]
      },
      "properties": {
        "frp": 1.13,
        "acq_date": "2026-09-28",
        "acq_time": "130",
        "satellite": "N",
        "brightness": null,
        "NAME_1": "",
        "locality": ""
      }
    },
    {
      "type": "Feature",
      "geometry": {
        "type": "Polygon",
        "coordinates": [
          [
            [
              23.55854,
              51.132039999999996
            ],
            [
              23.55854,
              51.14704
            ],
            [
              23.54354,
              51.14704
            ],
            [
              23.54354,
              51.132039999999996
            ],
            [
              23.55854,
              51.132039999999996
            ]
          ]
        ]
      },
      "properties": {
        "frp": 0.87,
        "acq_date": "2026-09-28",
        "acq_time": "130",
        "satellite": "N",
        "brightness": null,
        "NAME_1": "",
        "locality": ""
      }
    },
    {
      "type": "Feature",
      "geometry": {
        "type": "Polygon",
        "coordinates": [
          [
            [
              29.345860000000002,
              51.88238
            ],
            [
              29.345860000000002,
              51.89738
            ],
            [
              29.33086,
              51.89738
            ],
            [
              29.33086,
              51.88238
            ],
            [
              29.345860000000002,
              51.88238
            ]
          ]
        ]
      },
      "properties": {
        "frp": 1.67,
        "acq_date": "2026-09-28",
        "acq_time": "130",
        "satellite": "N",
        "brightness": null,
        "NAME_1": "Gomel",
        "locality": "Mazyr"
      }
    },
    {
      "type": "Feature",
      "geometry": {
        "type": "Polygon",
        "coordinates": [
          [
            [
              29.34993,
              51.88731
            ],
            [
              29.34993,
              51.90231
            ],
            [
              29.33493,
              51.90231
            ],
            [
              29.33493,
              51.88731
            ],
            [
              29.34993,
              51.88731
            ]
          ]
        ]
      },
      "properties": {
        "frp": 1.67,
        "acq_date": "2026-09-28",
        "acq_time": "130",
        "satellite": "N",
        "brightness": null,
        "NAME_1": "Gomel",
        "locality": "Mazyr"
      }
    },
    {
      "type": "Feature",
      "geometry": {
        "type": "Polygon",
        "coordinates": [
          [
            [
              29.35107,
              51.88818
            ],
            [
              29.35107,
              51.90318
            ],
            [
              29.33607,
              51.90318
            ],
            [
              29.33607,
              51.88818
            ],
            [
              29.35107,
              51.88818
            ]
          ]
        ]
      },
      "properties": {
        "frp": 0.44,
        "acq_date": "2026-09-28",
        "acq_time": "130",
        "satellite": "N",
        "brightness": null,
        "NAME_1": "Gomel",
        "locality": "Mazyr"
      }
    },
    {
      "type": "Feature",
      "geometry": {
        "type": "Polygon",
        "coordinates": [
          [
            [
              29.99683,
              52.83865
            ],
            [
              29.99683,
              52.85365
            ],
            [
              29.98183,
              52.85365
            ],
            [
              29.98183,
              52.83865
            ],
            [
              29.99683,
              52.83865
            ]
          ]
        ]
      },
      "properties": {
        "frp": 1.04,
        "acq_date": "2026-09-28",
        "acq_time": "130",
        "satellite": "N",
        "brightness": null,
        "NAME_1": "Gomel",
        "locality": "\u017dlobin"
      }
    },
    {
      "type": "Feature",
      "geometry": {
        "type": "Polygon",
        "coordinates": [
          [
            [
              22.43734,
              44.86999
            ],
            [
              22.43734,
              44.88499
            ],
            [
              22.42234,
              44.88499
            ],
            [
              22.42234,
              44.86999
            ],
            [
              22.43734,
              44.86999
            ]
          ]
        ]
      },
      "properties": {
        "frp": 2.15,
        "acq_date": "2026-09-28",
        "acq_time": "132",
        "satellite": "N",
        "brightness": null,
        "NAME_1": "",
        "locality": ""
      }
    },
    {
      "type": "Feature",
      "geometry": {
        "type": "Polygon",
        "coordinates": [
          [
            [
              22.44043,
              44.87469
            ],
            [
              22.44043,
              44.88969
            ],
            [
              22.42543,
              44.88969
            ],
            [
              22.42543,
              44.87469
            ],
            [
              22.44043,
              44.87469
            ]
          ]
        ]
      },
      "properties": {
        "frp": 2.15,
        "acq_date": "2026-09-28",
        "acq_time": "132",
        "satellite": "N",
        "brightness": null,
        "NAME_1": "",
        "locality": ""
      }
    },
    {
      "type": "Feature",
      "geometry": {
        "type": "Polygon",
        "coordinates": [
          [
            [
              22.43791,
              44.87539
            ],
            [
              22.43791,
              44.890390000000004
            ],
            [
              22.422909999999998,
              44.890390000000004
            ],
            [
              22.422909999999998,
              44.87539
            ],
            [
              22.43791,
              44.87539
            ]
          ]
        ]
      },
      "properties": {
        "frp": 4.64,
        "acq_date": "2026-09-28",
        "acq_time": "132",
        "satellite": "N",
        "brightness": null,
        "NAME_1": "",
        "locality": ""
      }
    },
    {
      "type": "Feature",
      "geometry": {
        "type": "Polygon",
        "coordinates": [
          [
            [
              29.03546,
              45.19743
            ],
            [
              29.03546,
              45.21243
            ],
            [
              29.02046,
              45.21243
            ],
            [
              29.02046,
              45.19743
            ],
            [
              29.03546,
              45.19743
            ]
          ]
        ]
      },
      "properties": {
        "frp": 5.96,
        "acq_date": "2026-09-28",
        "acq_time": "132",
        "satellite": "N",
        "brightness": null,
        "NAME_1": "",
        "locality": ""
      }
    },
    {
      "type": "Feature",
      "geometry": {
        "type": "Polygon",
        "coordinates": [
          [
            [
              29.02797,
              45.20005
            ],
            [
              29.02797,
              45.21505
            ],
            [
              29.01297,
              45.21505
            ],
            [
              29.01297,
              45.20005
            ],
            [
              29.02797,
              45.20005
            ]
          ]
        ]
      },
      "properties": {
        "frp": 5.96,
        "acq_date": "2026-09-28",
        "acq_time": "132",
        "satellite": "N",
        "brightness": null,
        "NAME_1": "",
        "locality": ""
      }
    },
    {
      "type": "Feature",
      "geometry": {
        "type": "Polygon",
        "coordinates": [
          [
            [
              29.032230000000002,
              45.20609
            ],
            [
              29.032230000000002,
              45.221090000000004
            ],
            [
              29.01723,
              45.221090000000004
            ],
            [
              29.01723,
              45.20609
            ],
            [
              29.032230000000002,
              45.20609
            ]
          ]
        ]
      },
      "properties": {
        "frp": 1.91,
        "acq_date": "2026-09-28",
        "acq_time": "132",
        "satellite": "N",
        "brightness": null,
        "NAME_1": "",
        "locality": ""
      }
    }
  ]
}