{
  "type": "FeatureCollection",
  "features": [
    {
      "type": "Feature",
      "geometry": {
        "type": "Point",
        "coordinates": [
          25.53863,
          50.7069
        ]
      },
      "properties": {
        "frp": 0.45,
        "acq_date": "2026-09-26",
        "acq_time": "132",
        "satellite": "N21",
        "brightness": null,
        "NAME_1": "Volyn",
        "locality": "Luts'kyi"
      }
    },
    {
      "type": "Feature",
      "geometry": {
        "type": "Point",
        "coordinates": [
          37.75011,
          45.1736
        ]
      },
      "properties": {
        "frp": 9.34,
        "acq_date": "2026-09-26",
        "acq_time": "934",
        "satellite": "N21",
        "brightness": null,
        "NAME_1": "Krasnodar",
        "locality": "Krymskiy rayon"
      }
    },
    {
      "type": "Feature",
      "geometry": {
        "type": "Point",
        "coordinates": [
          37.75678,
          45.17533
        ]
      },
      "properties": {
        "frp": 3.34,
        "acq_date": "2026-09-26",
        "acq_time": "934",
        "satellite": "N21",
        "brightness": null,
        "NAME_1": "Krasnodar",
        "locality": "Krymskiy rayon"
      }
    },
    {
      "type": "Feature",
      "geometry": {
        "type": "Point",
        "coordinates": [
          37.95141,
          45.19179
        ]
      },
      "properties": {
        "frp": 4.08,
        "acq_date": "2026-09-26",
        "acq_time": "934",
        "satellite": "N21",
        "brightness": null,
        "NAME_1": "Krasnodar",
        "locality": "Krymskiy rayon"
      }
    },
    {
      "type": "Feature",
      "geometry": {
        "type": "Point",
        "coordinates": [
          37.84494,
          45.23827
        ]
      },
      "properties": {
        "frp": 4.88,
        "acq_date": "2026-09-26",
        "acq_time": "934",
        "satellite": "N21",
        "brightness": null,
        "NAME_1": "Krasnodar",
        "locality": "Slavyanskiy rayon"
      }
    },
    {
      "type": "Feature",
      "geometry": {
        "type": "Point",
        "coordinates": [
          37.78311,
          45.24253
        ]
      },
      "properties": {
        "frp": 5.67,
        "acq_date": "2026-09-26",
        "acq_time": "934",
        "satellite": "N21",
        "brightness": null,
        "NAME_1": "Krasnodar",
        "locality": "Slavyanskiy rayon"
      }
    },
    {
      "type": "Feature",
      "geometry": {
        "type": "Point",
        "coordinates": [
          37.78975,
          45.24422
        ]
      },
      "properties": {
        "frp": 5.67,
        "acq_date": "2026-09-26",
        "acq_time": "934",
        "satellite": "N21",
        "brightness": null,
        "NAME_1": "Krasnodar",
        "locality": "Slavyanskiy rayon"
      }
    },
    {
      "type": "Feature",
      "geometry": {
        "type": "Point",
        "coordinates": [
          37.86459,
          45.2583
        ]
      },
      "properties": {
        "frp": 3.01,
        "acq_date": "2026-09-26",
        "acq_time": "934",
        "satellite": "N21",
        "brightness": null,
        "NAME_1": "Krasnodar",
        "locality": "Slavyanskiy rayon"
      }
    },
    {
      "type": "Feature",
      "geometry": {
        "type": "Point",
        "coordinates": [
          37.88431,
          45.26333
        ]
      },
      "properties": {
        "frp": 5.82,
        "acq_date": "2026-09-26",
        "acq_time": "934",
        "satellite": "N21",
        "brightness": null,
        "NAME_1": "Krasnodar",
        "locality": "Slavyansk-na-Kubani"
      }
    },
    {
      "type": "Feature",
      "geometry": {
        "type": "Point",
        "coordinates": [
          37.99749,
          45.27222
        ]
      },
      "properties": {
        "frp": 5.11,
        "acq_date": "2026-09-26",
        "acq_time": "934",
        "satellite": "N21",
        "brightness": null,
        "NAME_1": "Krasnodar",
        "locality": "Slavyansk-na-Kubani"
      }
    },
    {
      "type": "Feature",
      "geometry": {
        "type": "Point",
        "coordinates": [
          37.85976,
          45.46954
        ]
      },
      "properties": {
        "frp": 4.26,
        "acq_date": "2026-09-26",
        "acq_time": "934",
        "satellite": "N21",
        "brightness": null,
        "NAME_1": "Krasnodar",
        "locality": "Slavyanskiy rayon"
      }
    },
    {
      "type": "Feature",
      "geometry": {
        "type": "Point",
        "coordinates": [
          37.9445,
          45.61478
        ]
      },
      "properties": {
        "frp": 11.48,
        "acq_date": "2026-09-26",
        "acq_time": "934",
        "satellite": "N21",
        "brightness": null,
        "NAME_1": "Krasnodar",
        "locality": "Slavyanskiy rayon"
      }
    },
    {
      "type": "Feature",
      "geometry": {
        "type": "Point",
        "coordinates": [
          37.95092,
          45.61641
        ]
      },
      "properties": {
        "frp": 7.4,
        "acq_date": "2026-09-26",
        "acq_time": "934",
        "satellite": "N21",
        "brightness": null,
        "NAME_1": "Krasnodar",
        "locality": "Slavyanskiy rayon"
      }
    },
    {
      "type": "Feature",
      "geometry": {
        "type": "Point",
        "coordinates": [
          37.9423,
          45.61916
        ]
      },
      "properties": {
        "frp": 11.04,
        "acq_date": "2026-09-26",
        "acq_time": "934",
        "satellite": "N21",
        "brightness": null,
        "NAME_1": "Krasnodar",
        "locality": "Slavyanskiy rayon"
      }
    },
    {
      "type": "Feature",
      "geometry": {
        "type": "Point",
        "coordinates": [
          37.59289,
          47.85118
        ]
      },
      "properties": {
        "frp": 7.71,
        "acq_date": "2026-09-26",
        "acq_time": "937",
        "satellite": "N21",
        "brightness": null,
        "NAME_1": "Donets'k",
        "locality": "Mar\u2039ns'kyi"
      }
    },
    {
      "type": "Feature",
      "geometry": {
        "type": "Point",
        "coordinates": [
          37.58868,
          47.85528
        ]
      },
      "properties": {
        "frp": 21.84,
        "acq_date": "2026-09-26",
        "acq_time": "937",
        "satellite": "N21",
        "brightness": null,
        "NAME_1": "Donets'k",
        "locality": "Mar\u2039ns'kyi"
      }
    },
    {
      "type": "Feature",
      "geometry": {
        "type": "Point",
        "coordinates": [
          37.58045,
          47.85795
        ]
      },
      "properties": {
        "frp": 59.3,
        "acq_date": "2026-09-26",
        "acq_time": "937",
        "satellite": "N21",
        "brightness": null,
        "NAME_1": "Donets'k",
        "locality": "Mar\u2039ns'kyi"
      }
    },
    {
      "type": "Feature",
      "geometry": {
        "type": "Point",
        "coordinates": [
          37.58245,
          47.85807
        ]
      },
      "properties": {
        "frp": 51.4,
        "acq_date": "2026-09-26",
        "acq_time": "937",
        "satellite": "N21",
        "brightness": null,
        "NAME_1": "Donets'k",
        "locality": "Mar\u2039ns'kyi"
      }
    },
    {
      "type": "Feature",
      "geometry": {
        "type": "Point",
        "coordinates": [
          37.57832,
          47.86215
        ]
      },
      "properties": {
        "frp": 3.33,
        "acq_date": "2026-09-26",
        "acq_time": "937",
        "satellite": "N21",
        "brightness": null,
        "NAME_1": "Donets'k",
        "locality": "Mar\u2039ns'kyi"
      }
    },
    {
      "type": "Feature",
      "geometry": {
        "type": "Point",
        "coordinates": [
          37.58031,
          47.86227
        ]
      },
      "properties": {
        "frp": 2.8,
        "acq_date": "2026-09-26",
        "acq_time": "937",
        "satellite": "N21",
        "brightness": null,
        "NAME_1": "Donets'k",
        "locality": "Mar\u2039ns'kyi"
      }
    },
    {
      "type": "Feature",
      "geometry": {
        "type": "Point",
        "coordinates": [
          36.94904,
          48.50414
        ]
      },
      "properties": {
        "frp": 2.86,
        "acq_date": "2026-09-26",
        "acq_time": "937",
        "satellite": "N21",
        "brightness": null,
        "NAME_1": "Donets'k",
        "locality": "Dobropil's'kyi"
      }
    },
    {
      "type": "Feature",
      "geometry": {
        "type": "Point",
        "coordinates": [
          36.9497,
          48.50479
        ]
      },
      "properties": {
        "frp": 4.25,
        "acq_date": "2026-09-26",
        "acq_time": "937",
        "satellite": "N21",
        "brightness": null,
        "NAME_1": "Donets'k",
        "locality": "Dobropil's'kyi"
      }
    },
    {
      "type": "Feature",
      "geometry": {
        "type": "Point",
        "coordinates": [
          34.13905,
          52.14393
        ]
      },
      "properties": {
        "frp": 3.86,
        "acq_date": "2026-09-26",
        "acq_time": "937",
        "satellite": "N21",
        "brightness": null,
        "NAME_1": "Bryansk",
        "locality": "Sevskiy rayon"
      }
    },
    {
      "type": "Feature",
      "geometry": {
        "type": "Point",
        "coordinates": [
          32.30607,
          52.19059
        ]
      },
      "properties": {
        "frp": 6.15,
        "acq_date": "2026-09-26",
        "acq_time": "937",
        "satellite": "N21",
        "brightness": null,
        "NAME_1": "Bryansk",
        "locality": "Klimovskiy rayon"
      }
    },
    {
      "type": "Feature",
      "geometry": {
        "type": "Point",
        "coordinates": [
          34.10085,
          52.35652
        ]
      },
      "properties": {
        "frp": 7.07,
        "acq_date": "2026-09-26",
        "acq_time": "937",
        "satellite": "N21",
        "brightness": null,
        "NAME_1": "Bryansk",
        "locality": "Suzemskiy rayon"
      }
    },
    {
      "type": "Feature",
      "geometry": {
        "type": "Point",
        "coordinates": [
          34.09801,
          52.36067
        ]
      },
      "properties": {
        "frp": 7.07,
        "acq_date": "2026-09-26",
        "acq_time": "937",
        "satellite": "N21",
        "brightness": null,
        "NAME_1": "Bryansk",
        "locality": "Suzemskiy rayon"
      }
    },
    {
      "type": "Feature",
      "geometry": {
        "type": "Point",
        "coordinates": [
          34.25904,
          52.4121
        ]
      },
      "properties": {
        "frp": 10.98,
        "acq_date": "2026-09-26",
        "acq_time": "937",
        "satellite": "N21",
        "brightness": null,
        "NAME_1": "Bryansk",
        "locality": "Suzemskiy rayon"
      }
    },
    {
      "type": "Feature",
      "geometry": {
        "type": "Point",
        "coordinates": [
          39.63103,
          52.53207
        ]
      },
      "properties": {
        "frp": 11.49,
        "acq_date": "2026-09-26",
        "acq_time": "937",
        "satellite": "N21",
        "brightness": null,
        "NAME_1": "Lipetsk",
        "locality": "Lipetskiy rayon"
      }
    },
    {
      "type": "Feature",
      "geometry": {
        "type": "Point",
        "coordinates": [
          39.57193,
          52.55859
        ]
      },
      "properties": {
        "frp": 11.58,
        "acq_date": "2026-09-26",
        "acq_time": "937",
        "satellite": "N21",
        "brightness": null,
        "NAME_1": "Lipetsk",
        "locality": "Lipetsk"
      }
    },
    {
      "type": "Feature",
      "geometry": {
        "type": "Point",
        "coordinates": [
          34.38625,
          52.61917
        ]
      },
      "properties": {
        "frp": 2.56,
        "acq_date": "2026-09-26",
        "acq_time": "937",
        "satellite": "N21",
        "brightness": null,
        "NAME_1": "Bryansk",
        "locality": "Brasovskiy rayon"
      }
    },
    {
      "type": "Feature",
      "geometry": {
        "type": "Point",
        "coordinates": [
          34.74275,
          47.5997
        ]
      },
      "properties": {
        "frp": 7.28,
        "acq_date": "2026-09-26",
        "acq_time": "1117",
        "satellite": "N21",
        "brightness": null,
        "NAME_1": "Dnipropetrovs'k",
        "locality": "Tomakivs'kyi"
      }
    },
    {
      "type": "Feature",
      "geometry": {
        "type": "Point",
        "coordinates": [
          34.7473,
          47.59989
        ]
      },
      "properties": {
        "frp": 7.49,
        "acq_date": "2026-09-26",
        "acq_time": "1117",
        "satellite": "N21",
        "brightness": null,
        "NAME_1": "Dnipropetrovs'k",
        "locality": "Tomakivs'kyi"
      }
    },
    {
      "type": "Feature",
      "geometry": {
        "type": "Point",
        "coordinates": [
          36.03804,
          47.70164
        ]
      },
      "properties": {
        "frp": 13.16,
        "acq_date": "2026-09-26",
        "acq_time": "1117",
        "satellite": "N21",
        "brightness": null,
        "NAME_1": "Zaporizhia",
        "locality": "Huliaipil's'kyi"
      }
    },
    {
      "type": "Feature",
      "geometry": {
        "type": "Point",
        "coordinates": [
          36.04332,
          47.70182
        ]
      },
      "properties": {
        "frp": 18.27,
        "acq_date": "2026-09-26",
        "acq_time": "1117",
        "satellite": "N21",
        "brightness": null,
        "NAME_1": "Zaporizhia",
        "locality": "Huliaipil's'kyi"
      }
    },
    {
      "type": "Feature",
      "geometry": {
        "type": "Point",
        "coordinates": [
          35.89148,
          48.0447
        ]
      },
      "properties": {
        "frp": 19.17,
        "acq_date": "2026-09-26",
        "acq_time": "1117",
        "satellite": "N21",
        "brightness": null,
        "NAME_1": "Zaporizhia",
        "locality": "Novomykola\u2039vs'kyi"
      }
    },
    {
      "type": "Feature",
      "geometry": {
        "type": "Point",
        "coordinates": [
          35.89678,
          48.04486
        ]
      },
      "properties": {
        "frp": 15.25,
        "acq_date": "2026-09-26",
        "acq_time": "1117",
        "satellite": "N21",
        "brightness": null,
        "NAME_1": "Zaporizhia",
        "locality": "Novomykola\u2039vs'kyi"
      }
    },
    {
      "type": "Feature",
      "geometry": {
        "type": "Point",
        "coordinates": [
          22.36385,
          48.41742
        ]
      },
      "properties": {
        "frp": 2.72,
        "acq_date": "2026-09-26",
        "acq_time": "1117",
        "satellite": "N21",
        "brightness": null,
        "NAME_1": "Zakarpattia",
        "locality": "Uzhhorods'kyi"
      }
    },
    {
      "type": "Feature",
      "geometry": {
        "type": "Point",
        "coordinates": [
          23.09826,
          44.28987
        ]
      },
      "properties": {
        "frp": 2.3,
        "acq_date": "2026-09-26",
        "acq_time": "1119",
        "satellite": "N21",
        "brightness": null,
        "NAME_1": "",
        "locality": ""
      }
    },
    {
      "type": "Feature",
      "geometry": {
        "type": "Point",
        "coordinates": [
          37.75791,
          45.16899
        ]
      },
      "properties": {
        "frp": 3.32,
        "acq_date": "2026-09-26",
        "acq_time": "1119",
        "satellite": "N21",
        "brightness": null,
        "NAME_1": "Krasnodar",
        "locality": "Krymskiy rayon"
      }
    },
    {
      "type": "Feature",
      "geometry": {
        "type": "Point",
        "coordinates": [
          37.75691,
          45.17037
        ]
      },
      "properties": {
        "frp": 4.1,
        "acq_date": "2026-09-26",
        "acq_time": "1119",
        "satellite": "N21",
        "brightness": null,
        "NAME_1": "Krasnodar",
        "locality": "Krymskiy rayon"
      }
    },
    {
      "type": "Feature",
      "geometry": {
        "type": "Point",
        "coordinates": [
          37.80799,
          45.23506
        ]
      },
      "properties": {
        "frp": 5.2,
        "acq_date": "2026-09-26",
        "acq_time": "1119",
        "satellite": "N21",
        "brightness": null,
        "NAME_1": "Krasnodar",
        "locality": "Slavyanskiy rayon"
      }
    },
    {
      "type": "Feature",
      "geometry": {
        "type": "Point",
        "coordinates": [
          37.81396,
          45.23521
        ]
      },
      "properties": {
        "frp": 5.2,
        "acq_date": "2026-09-26",
        "acq_time": "1119",
        "satellite": "N21",
        "brightness": null,
        "NAME_1": "Krasnodar",
        "locality": "Slavyanskiy rayon"
      }
    },
    {
      "type": "Feature",
      "geometry": {
        "type": "Point",
        "coordinates": [
          31.67126,
          45.25663
        ]
      },
      "properties": {
        "frp": 8.78,
        "acq_date": "2026-09-26",
        "acq_time": "1119",
        "satellite": "N21",
        "brightness": null,
        "NAME_1": "",
        "locality": ""
      }
    },
    {
      "type": "Feature",
      "geometry": {
        "type": "Point",
        "coordinates": [
          37.89578,
          45.2586
        ]
      },
      "properties": {
        "frp": 5.27,
        "acq_date": "2026-09-26",
        "acq_time": "1119",
        "satellite": "N21",
        "brightness": null,
        "NAME_1": "Krasnodar",
        "locality": "Slavyansk-na-Kubani"
      }
    },
    {
      "type": "Feature",
      "geometry": {
        "type": "Point",
        "coordinates": [
          30.90226,
          45.35584
        ]
      },
      "properties": {
        "frp": 2.21,
        "acq_date": "2026-09-26",
        "acq_time": "1119",
        "satellite": "N21",
        "brightness": null,
        "NAME_1": "",
        "locality": ""
      }
    },
    {
      "type": "Feature",
      "geometry": {
        "type": "Point",
        "coordinates": [
          39.82408,
          46.39665
        ]
      },
      "properties": {
        "frp": 20.92,
        "acq_date": "2026-09-26",
        "acq_time": "1119",
        "satellite": "N21",
        "brightness": null,
        "NAME_1": "Krasnodar",
        "locality": "Krylovskiy rayon"
      }
    },
    {
      "type": "Feature",
      "geometry": {
        "type": "Point",
        "coordinates": [
          39.82364,
          46.40313
        ]
      },
      "properties": {
        "frp": 7.64,
        "acq_date": "2026-09-26",
        "acq_time": "1119",
        "satellite": "N21",
        "brightness": null,
        "NAME_1": "Krasnodar",
        "locality": "Krylovskiy rayon"
      }
    },
    {
      "type": "Feature",
      "geometry": {
        "type": "Point",
        "coordinates": [
          29.61053,
          50.52551
        ]
      },
      "properties": {
        "frp": 5.41,
        "acq_date": "2026-09-26",
        "acq_time": "1119",
        "satellite": "N21",
        "brightness": null,
        "NAME_1": "Kiev",
        "locality": "Makarivs'kyi"
      }
    },
    {
      "type": "Feature",
      "geometry": {
        "type": "Point",
        "coordinates": [
          34.13461,
          52.14515
        ]
      },
      "properties": {
        "frp": 2.53,
        "acq_date": "2026-09-26",
        "acq_time": "1119",
        "satellite": "N21",
        "brightness": null,
        "NAME_1": "Bryansk",
        "locality": "Sevskiy rayon"
      }
    },
    {
      "type": "Feature",
      "geometry": {
        "type": "Point",
        "coordinates": [
          34.58393,
          46.28449
        ]
      },
      "properties": {
        "frp": 0.82,
        "acq_date": "2026-09-26",
        "acq_time": "2331",
        "satellite": "N21",
        "brightness": null,
        "NAME_1": "Kherson",
        "locality": "Novotro\u2039ts'kyi"
      }
    },
    {
      "type": "Feature",
      "geometry": {
        "type": "Point",
        "coordinates": [
          34.57866,
          46.28519
        ]
      },
      "properties": {
        "frp": 0.82,
        "acq_date": "2026-09-26",
        "acq_time": "2331",
        "satellite": "N21",
        "brightness": null,
        "NAME_1": "Kherson",
        "locality": "Novotro\u2039ts'kyi"
      }
    },
    {
      "type": "Feature",
      "geometry": {
        "type": "Point",
        "coordinates": [
          33.22897,
          46.35971
        ]
      },
      "properties": {
        "frp": 1.06,
        "acq_date": "2026-09-26",
        "acq_time": "2331",
        "satellite": "N21",
        "brightness": null,
        "NAME_1": "Kherson",
        "locality": "Tsiurupyns'kyi"
      }
    },
    {
      "type": "Feature",
      "geometry": {
        "type": "Point",
        "coordinates": [
          33.22322,
          46.36041
        ]
      },
      "properties": {
        "frp": 1.0,
        "acq_date": "2026-09-26",
        "acq_time": "2331",
        "satellite": "N21",
        "brightness": null,
        "NAME_1": "Kherson",
        "locality": "Tsiurupyns'kyi"
      }
    },
    {
      "type": "Feature",
      "geometry": {
        "type": "Point",
        "coordinates": [
          32.74284,
          46.58618
        ]
      },
      "properties": {
        "frp": 0.77,
        "acq_date": "2026-09-26",
        "acq_time": "2331",
        "satellite": "N21",
        "brightness": null,
        "NAME_1": "Kherson",
        "locality": "Tsiurupyns'kyi"
      }
    },
    {
      "type": "Feature",
      "geometry": {
        "type": "Point",
        "coordinates": [
          35.14965,
          46.69691
        ]
      },
      "properties": {
        "frp": 3.09,
        "acq_date": "2026-09-26",
        "acq_time": "2331",
        "satellite": "N21",
        "brightness": null,
        "NAME_1": "Zaporizhia",
        "locality": "Melitopol's'kyi"
      }
    },
    {
      "type": "Feature",
      "geometry": {
        "type": "Point",
        "coordinates": [
          35.1506,
          46.70026
        ]
      },
      "properties": {
        "frp": 12.75,
        "acq_date": "2026-09-26",
        "acq_time": "2331",
        "satellite": "N21",
        "brightness": null,
        "NAME_1": "Zaporizhia",
        "locality": "Melitopol's'kyi"
      }
    },
    {
      "type": "Feature",
      "geometry": {
        "type": "Point",
        "coordinates": [
          33.25966,
          46.74927
        ]
      },
      "properties": {
        "frp": 1.4,
        "acq_date": "2026-09-26",
        "acq_time": "2331",
        "satellite": "N21",
        "brightness": null,
        "NAME_1": "Kherson",
        "locality": "Beryslavs'kyi"
      }
    },
    {
      "type": "Feature",
      "geometry": {
        "type": "Point",
        "coordinates": [
          22.32936,
          47.03664
        ]
      },
      "properties": {
        "frp": 1.12,
        "acq_date": "2026-09-26",
        "acq_time": "2331",
        "satellite": "N21",
        "brightness": null,
        "NAME_1": "",
        "locality": ""
      }
    },
    {
      "type": "Feature",
      "geometry": {
        "type": "Point",
        "coordinates": [
          22.3294,
          47.03783
        ]
      },
      "properties": {
        "frp": 0.79,
        "acq_date": "2026-09-26",
        "acq_time": "2331",
        "satellite": "N21",
        "brightness": null,
        "NAME_1": "",
        "locality": ""
      }
    },
    {
      "type": "Feature",
      "geometry": {
        "type": "Point",
        "coordinates": [
          35.23233,
          47.23376
        ]
      },
      "properties": {
        "frp": 0.97,
        "acq_date": "2026-09-26",
        "acq_time": "2331",
        "satellite": "N21",
        "brightness": null,
        "NAME_1": "Zaporizhia",
        "locality": "Mykhailivs'kyi"
      }
    },
    {
      "type": "Feature",
      "geometry": {
        "type": "Point",
        "coordinates": [
          33.87376,
          47.25955
        ]
      },
      "properties": {
        "frp": 0.86,
        "acq_date": "2026-09-26",
        "acq_time": "2331",
        "satellite": "N21",
        "brightness": null,
        "NAME_1": "Kherson",
        "locality": "Novovorontsovs'kyi"
      }
    },
    {
      "type": "Feature",
      "geometry": {
        "type": "Point",
        "coordinates": [
          27.76264,
          47.50733
        ]
      },
      "properties": {
        "frp": 0.86,
        "acq_date": "2026-09-26",
        "acq_time": "2331",
        "satellite": "N21",
        "brightness": null,
        "NAME_1": "",
        "locality": ""
      }
    },
    {
      "type": "Feature",
      "geometry": {
        "type": "Point",
        "coordinates": [
          34.96272,
          47.82081
        ]
      },
      "properties": {
        "frp": 1.82,
        "acq_date": "2026-09-26",
        "acq_time": "2331",
        "satellite": "N21",
        "brightness": null,
        "NAME_1": "Zaporizhia",
        "locality": "Zaporiz'kyi"
      }
    },
    {
      "type": "Feature",
      "geometry": {
        "type": "Point",
        "coordinates": [
          35.14371,
          47.86016
        ]
      },
      "properties": {
        "frp": 0.92,
        "acq_date": "2026-09-26",
        "acq_time": "2331",
        "satellite": "N21",
        "brightness": null,
        "NAME_1": "Zaporizhia",
        "locality": "Zaporiz'ka"
      }
    },
    {
      "type": "Feature",
      "geometry": {
        "type": "Point",
        "coordinates": [
          35.6208,
          47.89751
        ]
      },
      "properties": {
        "frp": 0.51,
        "acq_date": "2026-09-26",
        "acq_time": "2331",
        "satellite": "N21",
        "brightness": null,
        "NAME_1": "Zaporizhia",
        "locality": "Vil'nians'kyi"
      }
    },
    {
      "type": "Feature",
      "geometry": {
        "type": "Point",
        "coordinates": [
          37.95365,
          48.05765
        ]
      },
      "properties": {
        "frp": 1.63,
        "acq_date": "2026-09-26",
        "acq_time": "2331",
        "satellite": "N21",
        "brightness": null,
        "NAME_1": "Donets'k",
        "locality": "Maki\u2039vs'ka"
      }
    },
    {
      "type": "Feature",
      "geometry": {
        "type": "Point",
        "coordinates": [
          26.6069,
          48.74885
        ]
      },
      "properties": {
        "frp": 1.22,
        "acq_date": "2026-09-26",
        "acq_time": "2331",
        "satellite": "N21",
        "brightness": null,
        "NAME_1": "Khmel'nyts'kyy",
        "locality": "Kamianets'-Podil's'kyi"
      }
    },
    {
      "type": "Feature",
      "geometry": {
        "type": "Point",
        "coordinates": [
          24.70963,
          48.97688
        ]
      },
      "properties": {
        "frp": 1.83,
        "acq_date": "2026-09-26",
        "acq_time": "2331",
        "satellite": "N21",
        "brightness": null,
        "NAME_1": "Ivano-Frankivs'k",
        "locality": "Tysmenyts'kyi"
      }
    },
    {
      "type": "Feature",
      "geometry": {
        "type": "Point",
        "coordinates": [
          37.76223,
          51.25851
        ]
      },
      "properties": {
        "frp": 1.79,
        "acq_date": "2026-09-26",
        "acq_time": "2331",
        "satellite": "N21",
        "brightness": null,
        "NAME_1": "Belgorod",
        "locality": "Starooskol'skiy rayon"
      }
    },
    {
      "type": "Feature",
      "geometry": {
        "type": "Point",
        "coordinates": [
          29.34188,
          51.89242
        ]
      },
      "properties": {
        "frp": 1.58,
        "acq_date": "2026-09-26",
        "acq_time": "2331",
        "satellite": "N21",
        "brightness": null,
        "NAME_1": "Gomel",
        "locality": "Mazyr"
      }
    },
    {
      "type": "Feature",
      "geometry": {
        "type": "Point",
        "coordinates": [
          28.30717,
          44.23861
        ]
      },
      "properties": {
        "frp": 0.87,
        "acq_date": "2026-09-26",
        "acq_time": "2333",
        "satellite": "N21",
        "brightness": null,
        "NAME_1": "",
        "locality": ""
      }
    },
    {
      "type": "Feature",
      "geometry": {
        "type": "Point",
        "coordinates": [
          37.80792,
          44.73317
        ]
      },
      "properties": {
        "frp": 0.58,
        "acq_date": "2026-09-26",
        "acq_time": "2333",
        "satellite": "N21",
        "brightness": null,
        "NAME_1": "Krasnodar",
        "locality": "Gelendzhik gorsovet"
      }
    },
    {
      "type": "Feature",
      "geometry": {
        "type": "Point",
        "coordinates": [
          33.86197,
          44.77047
        ]
      },
      "properties": {
        "frp": 0.43,
        "acq_date": "2026-09-26",
        "acq_time": "2333",
        "satellite": "N21",
        "brightness": null,
        "NAME_1": "Crimea",
        "locality": "Bakhchysarais'kyi"
      }
    },
    {
      "type": "Feature",
      "geometry": {
        "type": "Point",
        "coordinates": [
          33.85924,
          44.77394
        ]
      },
      "properties": {
        "frp": 0.8,
        "acq_date": "2026-09-26",
        "acq_time": "2333",
        "satellite": "N21",
        "brightness": null,
        "NAME_1": "Crimea",
        "locality": "Bakhchysarais'kyi"
      }
    },
    {
      "type": "Feature",
      "geometry": {
        "type": "Point",
        "coordinates": [
          37.67893,
          44.83735
        ]
      },
      "properties": {
        "frp": 0.54,
        "acq_date": "2026-09-26",
        "acq_time": "2333",
        "satellite": "N21",
        "brightness": null,
        "NAME_1": "Krasnodar",
        "locality": "Novorossiysk gorsovet"
      }
    },
    {
      "type": "Feature",
      "geometry": {
        "type": "Point",
        "coordinates": [
          25.89063,
          44.84363
        ]
      },
      "properties": {
        "frp": 1.67,
        "acq_date": "2026-09-26",
        "acq_time": "2333",
        "satellite": "N21",
        "brightness": null,
        "NAME_1": "",
        "locality": ""
      }
    },
    {
      "type": "Feature",
      "geometry": {
        "type": "Point",
        "coordinates": [
          38.11711,
          44.8845
        ]
      },
      "properties": {
        "frp": 0.57,
        "acq_date": "2026-09-26",
        "acq_time": "2333",
        "satellite": "N21",
        "brightness": null,
        "NAME_1": "Krasnodar",
        "locality": "Abinskiy rayon"
      }
    },
    {
      "type": "Feature",
      "geometry": {
        "type": "Point",
        "coordinates": [
          25.11136,
          45.29049
        ]
      },
      "properties": {
        "frp": 1.26,
        "acq_date": "2026-09-26",
        "acq_time": "2333",
        "satellite": "N21",
        "brightness": null,
        "NAME_1": "",
        "locality": ""
      }
    },
    {
      "type": "Feature",
      "geometry": {
        "type": "Point",
        "coordinates": [
          30.90145,
          45.35412
        ]
      },
      "properties": {
        "frp": 1.65,
        "acq_date": "2026-09-26",
        "acq_time": "2333",
        "satellite": "N21",
        "brightness": null,
        "NAME_1": "",
        "locality": ""
      }
    },
    {
      "type": "Feature",
      "geometry": {
        "type": "Point",
        "coordinates": [
          30.92621,
          45.37498
        ]
      },
      "properties": {
        "frp": 1.81,
        "acq_date": "2026-09-26",
        "acq_time": "2333",
        "satellite": "N21",
        "brightness": null,
        "NAME_1": "",
        "locality": ""
      }
    },
    {
      "type": "Feature",
      "geometry": {
        "type": "Point",
        "coordinates": [
          25.2823,
          45.95046
        ]
      },
      "properties": {
        "frp": 1.05,
        "acq_date": "2026-09-26",
        "acq_time": "2333",
        "satellite": "N21",
        "brightness": null,
        "NAME_1": "",
        "locality": ""
      }
    },
    {
      "type": "Feature",
      "geometry": {
        "type": "Point",
        "coordinates": [
          22.86681,
          45.95334
        ]
      },
      "properties": {
        "frp": 0.91,
        "acq_date": "2026-09-26",
        "acq_time": "2333",
        "satellite": "N21",
        "brightness": null,
        "NAME_1": "",
        "locality": ""
      }
    },
    {
      "type": "Feature",
      "geometry": {
        "type": "Point",
        "coordinates": [
          26.6035,
          48.74543
        ]
      },
      "properties": {
        "frp": 1.01,
        "acq_date": "2026-09-27",
        "acq_time": "111",
        "satellite": "N21",
        "brightness": null,
        "NAME_1": "Khmel'nyts'kyy",
        "locality": "Kamianets'-Podil's'kyi"
      }
    },
    {
      "type": "Feature",
      "geometry": {
        "type": "Point",
        "coordinates": [
          30.90266,
          50.52246
        ]
      },
      "properties": {
        "frp": 15.16,
        "acq_date": "2026-09-27",
        "acq_time": "111",
        "satellite": "N21",
        "brightness": null,
        "NAME_1": "Kiev",
        "locality": "Brovars'kyi"
      }
    },
    {
      "type": "Feature",
      "geometry": {
        "type": "Point",
        "coordinates": [
          30.89693,
          50.52433
        ]
      },
      "properties": {
        "frp": 15.16,
        "acq_date": "2026-09-27",
        "acq_time": "111",
        "satellite": "N21",
        "brightness": null,
        "NAME_1": "Kiev",
        "locality": "Brovars'kyi"
      }
    },
    {
      "type": "Feature",
      "geometry": {
        "type": "Point",
        "coordinates": [
          30.90694,
          50.52762
        ]
      },
      "properties": {
        "frp": 15.16,
        "acq_date": "2026-09-27",
        "acq_time": "111",
        "satellite": "N21",
        "brightness": null,
        "NAME_1": "Kiev",
        "locality": "Brovars'kyi"
      }
    },
    {
      "type": "Feature",
      "geometry": {
        "type": "Point",
        "coordinates": [
          30.90118,
          50.5295
        ]
      },
      "properties": {
        "frp": 15.16,
        "acq_date": "2026-09-27",
        "acq_time": "111",
        "satellite": "N21",
        "brightness": null,
        "NAME_1": "Kiev",
        "locality": "Brovars'kyi"
      }
    },
    {
      "type": "Feature",
      "geometry": {
        "type": "Point",
        "coordinates": [
          25.4152,
          45.12055
        ]
      },
      "properties": {
        "frp": 1.51,
        "acq_date": "2026-09-27",
        "acq_time": "113",
        "satellite": "N21",
        "brightness": null,
        "NAME_1": "",
        "locality": ""
      }
    },
    {
      "type": "Feature",
      "geometry": {
        "type": "Point",
        "coordinates": [
          25.41958,
          45.12362
        ]
      },
      "properties": {
        "frp": 2.03,
        "acq_date": "2026-09-27",
        "acq_time": "113",
        "satellite": "N21",
        "brightness": null,
        "NAME_1": "",
        "locality": ""
      }
    },
    {
      "type": "Feature",
      "geometry": {
        "type": "Point",
        "coordinates": [
          25.28252,
          45.9503
        ]
      },
      "properties": {
        "frp": 1.54,
        "acq_date": "2026-09-27",
        "acq_time": "113",
        "satellite": "N21",
        "brightness": null,
        "NAME_1": "",
        "locality": ""
      }
    },
    {
      "type": "Feature",
      "geometry": {
        "type": "Point",
        "coordinates": [
          25.28252,
          45.9508
        ]
      },
      "properties": {
        "frp": 1.08,
        "acq_date": "2026-09-27",
        "acq_time": "113",
        "satellite": "N21",
        "brightness": null,
        "NAME_1": "",
        "locality": ""
      }
    },
    {
      "type": "Feature",
      "geometry": {
        "type": "Point",
        "coordinates": [
          22.86566,
          45.95315
        ]
      },
      "properties": {
        "frp": 1.3,
        "acq_date": "2026-09-27",
        "acq_time": "113",
        "satellite": "N21",
        "brightness": null,
        "NAME_1": "",
        "locality": ""
      }
    },
    {
      "type": "Feature",
      "geometry": {
        "type": "Point",
        "coordinates": [
          40.83459,
          46.64486
        ]
      },
      "properties": {
        "frp": 10.92,
        "acq_date": "2026-09-27",
        "acq_time": "917",
        "satellite": "N21",
        "brightness": null,
        "NAME_1": "Rostov",
        "locality": "Tselinskiy rayon"
      }
    },
    {
      "type": "Feature",
      "geometry": {
        "type": "Point",
        "coordinates": [
          40.83268,
          46.64572
        ]
      },
      "properties": {
        "frp": 9.18,
        "acq_date": "2026-09-27",
        "acq_time": "917",
        "satellite": "N21",
        "brightness": null,
        "NAME_1": "Rostov",
        "locality": "Tselinskiy rayon"
      }
    },
    {
      "type": "Feature",
      "geometry": {
        "type": "Point",
        "coordinates": [
          39.07784,
          46.81001
        ]
      },
      "properties": {
        "frp": 1.72,
        "acq_date": "2026-09-27",
        "acq_time": "917",
        "satellite": "N21",
        "brightness": null,
        "NAME_1": "Rostov",
        "locality": "Azovskiy rayon"
      }
    },
    {
      "type": "Feature",
      "geometry": {
        "type": "Point",
        "coordinates": [
          38.29639,
          47.14577
        ]
      },
      "properties": {
        "frp": 2.78,
        "acq_date": "2026-09-27",
        "acq_time": "917",
        "satellite": "N21",
        "brightness": null,
        "NAME_1": "Rostov",
        "locality": "Neklinovskiy rayon"
      }
    },
    {
      "type": "Feature",
      "geometry": {
        "type": "Point",
        "coordinates": [
          29.63777,
          50.50743
        ]
      },
      "properties": {
        "frp": 12.29,
        "acq_date": "2026-09-27",
        "acq_time": "920",
        "satellite": "N21",
        "brightness": null,
        "NAME_1": "Kiev",
        "locality": "Makarivs'kyi"
      }
    },
    {
      "type": "Feature",
      "geometry": {
        "type": "Point",
        "coordinates": [
          29.63895,
          50.50952
        ]
      },
      "properties": {
        "frp": 14.18,
        "acq_date": "2026-09-27",
        "acq_time": "920",
        "satellite": "N21",
        "brightness": null,
        "NAME_1": "Kiev",
        "locality": "Makarivs'kyi"
      }
    },
    {
      "type": "Feature",
      "geometry": {
        "type": "Point",
        "coordinates": [
          24.20297,
          44.00112
        ]
      },
      "properties": {
        "frp": 4.52,
        "acq_date": "2026-09-27",
        "acq_time": "1058",
        "satellite": "N21",
        "brightness": null,
        "NAME_1": "",
        "locality": ""
      }
    },
    {
      "type": "Feature",
      "geometry": {
        "type": "Point",
        "coordinates": [
          25.91082,
          44.0561
        ]
      },
      "properties": {
        "frp": 5.2,
        "acq_date": "2026-09-27",
        "acq_time": "1058",
        "satellite": "N21",
        "brightness": null,
        "NAME_1": "",
        "locality": ""
      }
    },
    {
      "type": "Feature",
      "geometry": {
        "type": "Point",
        "coordinates": [
          27.71457,
          44.05736
        ]
      },
      "properties": {
        "frp": 3.79,
        "acq_date": "2026-09-27",
        "acq_time": "1058",
        "satellite": "N21",
        "brightness": null,
        "NAME_1": "",
        "locality": ""
      }
    },
    {
      "type": "Feature",
      "geometry": {
        "type": "Point",
        "coordinates": [
          25.90971,
          44.05942
        ]
      },
      "properties": {
        "frp": 5.2,
        "acq_date": "2026-09-27",
        "acq_time": "1058",
        "satellite": "N21",
        "brightness": null,
        "NAME_1": "",
        "locality": ""
      }
    },
    {
      "type": "Feature",
      "geometry": {
        "type": "Point",
        "coordinates": [
          23.22188,
          44.07034
        ]
      },
      "properties": {
        "frp": 8.49,
        "acq_date": "2026-09-27",
        "acq_time": "1058",
        "satellite": "N21",
        "brightness": null,
        "NAME_1": "",
        "locality": ""
      }
    },
    {
      "type": "Feature",
      "geometry": {
        "type": "Point",
        "coordinates": [
          23.21964,
          44.07331
        ]
      },
      "properties": {
        "frp": 4.08,
        "acq_date": "2026-09-27",
        "acq_time": "1058",
        "satellite": "N21",
        "brightness": null,
        "NAME_1": "",
        "locality": ""
      }
    },
    {
      "type": "Feature",
      "geometry": {
        "type": "Point",
        "coordinates": [
          23.22052,
          44.07392
        ]
      },
      "properties": {
        "frp": 8.49,
        "acq_date": "2026-09-27",
        "acq_time": "1058",
        "satellite": "N21",
        "brightness": null,
        "NAME_1": "",
        "locality": ""
      }
    },
    {
      "type": "Feature",
      "geometry": {
        "type": "Point",
        "coordinates": [
          22.95838,
          44.20161
        ]
      },
      "properties": {
        "frp": 15.0,
        "acq_date": "2026-09-27",
        "acq_time": "1058",
        "satellite": "N21",
        "brightness": null,
        "NAME_1": "",
        "locality": ""
      }
    },
    {
      "type": "Feature",
      "geometry": {
        "type": "Point",
        "coordinates": [
          22.72401,
          44.34562
        ]
      },
      "properties": {
        "frp": 5.87,
        "acq_date": "2026-09-27",
        "acq_time": "1058",
        "satellite": "N21",
        "brightness": null,
        "NAME_1": "",
        "locality": ""
      }
    },
    {
      "type": "Feature",
      "geometry": {
        "type": "Point",
        "coordinates": [
          22.7226,
          44.34924
        ]
      },
      "properties": {
        "frp": 5.87,
        "acq_date": "2026-09-27",
        "acq_time": "1058",
        "satellite": "N21",
        "brightness": null,
        "NAME_1": "",
        "locality": ""
      }
    },
    {
      "type": "Feature",
      "geometry": {
        "type": "Point",
        "coordinates": [
          22.68802,
          44.35392
        ]
      },
      "properties": {
        "frp": 7.52,
        "acq_date": "2026-09-27",
        "acq_time": "1058",
        "satellite": "N21",
        "brightness": null,
        "NAME_1": "",
        "locality": ""
      }
    },
    {
      "type": "Feature",
      "geometry": {
        "type": "Point",
        "coordinates": [
          25.47532,
          44.50631
        ]
      },
      "properties": {
        "frp": 2.37,
        "acq_date": "2026-09-27",
        "acq_time": "1058",
        "satellite": "N21",
        "brightness": null,
        "NAME_1": "",
        "locality": ""
      }
    },
    {
      "type": "Feature",
      "geometry": {
        "type": "Point",
        "coordinates": [
          25.48425,
          44.51144
        ]
      },
      "properties": {
        "frp": 12.53,
        "acq_date": "2026-09-27",
        "acq_time": "1058",
        "satellite": "N21",
        "brightness": null,
        "NAME_1": "",
        "locality": ""
      }
    },
    {
      "type": "Feature",
      "geometry": {
        "type": "Point",
        "coordinates": [
          26.56219,
          44.55001
        ]
      },
      "properties": {
        "frp": 8.13,
        "acq_date": "2026-09-27",
        "acq_time": "1058",
        "satellite": "N21",
        "brightness": null,
        "NAME_1": "",
        "locality": ""
      }
    },
    {
      "type": "Feature",
      "geometry": {
        "type": "Point",
        "coordinates": [
          26.56112,
          44.5533
        ]
      },
      "properties": {
        "frp": 6.38,
        "acq_date": "2026-09-27",
        "acq_time": "1058",
        "satellite": "N21",
        "brightness": null,
        "NAME_1": "",
        "locality": ""
      }
    },
    {
      "type": "Feature",
      "geometry": {
        "type": "Point",
        "coordinates": [
          22.8112,
          44.86724
        ]
      },
      "properties": {
        "frp": 4.39,
        "acq_date": "2026-09-27",
        "acq_time": "1058",
        "satellite": "N21",
        "brightness": null,
        "NAME_1": "",
        "locality": ""
      }
    },
    {
      "type": "Feature",
      "geometry": {
        "type": "Point",
        "coordinates": [
          31.67563,
          45.25814
        ]
      },
      "properties": {
        "frp": 5.37,
        "acq_date": "2026-09-27",
        "acq_time": "1058",
        "satellite": "N21",
        "brightness": null,
        "NAME_1": "",
        "locality": ""
      }
    },
    {
      "type": "Feature",
      "geometry": {
        "type": "Point",
        "coordinates": [
          28.03825,
          45.33291
        ]
      },
      "properties": {
        "frp": 52.3,
        "acq_date": "2026-09-27",
        "acq_time": "1058",
        "satellite": "N21",
        "brightness": null,
        "NAME_1": "",
        "locality": ""
      }
    },
    {
      "type": "Feature",
      "geometry": {
        "type": "Point",
        "coordinates": [
          29.56765,
          45.45763
        ]
      },
      "properties": {
        "frp": 3.04,
        "acq_date": "2026-09-27",
        "acq_time": "1058",
        "satellite": "N21",
        "brightness": null,
        "NAME_1": "Odessa",
        "locality": "Kiliis'kyi"
      }
    },
    {
      "type": "Feature",
      "geometry": {
        "type": "Point",
        "coordinates": [
          29.57177,
          45.46165
        ]
      },
      "properties": {
        "frp": 83.11,
        "acq_date": "2026-09-27",
        "acq_time": "1058",
        "satellite": "N21",
        "brightness": null,
        "NAME_1": "Odessa",
        "locality": "Kiliis'kyi"
      }
    },
    {
      "type": "Feature",
      "geometry": {
        "type": "Point",
        "coordinates": [
          29.57681,
          45.46235
        ]
      },
      "properties": {
        "frp": 83.11,
        "acq_date": "2026-09-27",
        "acq_time": "1058",
        "satellite": "N21",
        "brightness": null,
        "NAME_1": "Odessa",
        "locality": "Kiliis'kyi"
      }
    },
    {
      "type": "Feature",
      "geometry": {
        "type": "Point",
        "coordinates": [
          29.58185,
          45.46304
        ]
      },
      "properties": {
        "frp": 14.45,
        "acq_date": "2026-09-27",
        "acq_time": "1058",
        "satellite": "N21",
        "brightness": null,
        "NAME_1": "Odessa",
        "locality": "Kiliis'kyi"
      }
    },
    {
      "type": "Feature",
      "geometry": {
        "type": "Point",
        "coordinates": [
          29.57085,
          45.46498
        ]
      },
      "properties": {
        "frp": 83.11,
        "acq_date": "2026-09-27",
        "acq_time": "1058",
        "satellite": "N21",
        "brightness": null,
        "NAME_1": "Odessa",
        "locality": "Kiliis'kyi"
      }
    },
    {
      "type": "Feature",
      "geometry": {
        "type": "Point",
        "coordinates": [
          29.57589,
          45.46567
        ]
      },
      "properties": {
        "frp": 83.11,
        "acq_date": "2026-09-27",
        "acq_time": "1058",
        "satellite": "N21",
        "brightness": null,
        "NAME_1": "Odessa",
        "locality": "Kiliis'kyi"
      }
    },
    {
      "type": "Feature",
      "geometry": {
        "type": "Point",
        "coordinates": [
          29.58093,
          45.46637
        ]
      },
      "properties": {
        "frp": 14.45,
        "acq_date": "2026-09-27",
        "acq_time": "1058",
        "satellite": "N21",
        "brightness": null,
        "NAME_1": "Odessa",
        "locality": "Kiliis'kyi"
      }
    },
    {
      "type": "Feature",
      "geometry": {
        "type": "Point",
        "coordinates": [
          29.58598,
          45.46706
        ]
      },
      "properties": {
        "frp": 14.45,
        "acq_date": "2026-09-27",
        "acq_time": "1058",
        "satellite": "N21",
        "brightness": null,
        "NAME_1": "Odessa",
        "locality": "Kiliis'kyi"
      }
    },
    {
      "type": "Feature",
      "geometry": {
        "type": "Point",
        "coordinates": [
          29.01386,
          45.52633
        ]
      },
      "properties": {
        "frp": 6.32,
        "acq_date": "2026-09-27",
        "acq_time": "1058",
        "satellite": "N21",
        "brightness": null,
        "NAME_1": "Odessa",
        "locality": "Izma\u2039l's'ka"
      }
    },
    {
      "type": "Feature",
      "geometry": {
        "type": "Point",
        "coordinates": [
          29.01292,
          45.52963
        ]
      },
      "properties": {
        "frp": 6.32,
        "acq_date": "2026-09-27",
        "acq_time": "1058",
        "satellite": "N21",
        "brightness": null,
        "NAME_1": "Odessa",
        "locality": "Izma\u2039l's'ka"
      }
    },
    {
      "type": "Feature",
      "geometry": {
        "type": "Point",
        "coordinates": [
          29.02283,
          45.53102
        ]
      },
      "properties": {
        "frp": 4.73,
        "acq_date": "2026-09-27",
        "acq_time": "1058",
        "satellite": "N21",
        "brightness": null,
        "NAME_1": "Odessa",
        "locality": "Izma\u2039l's'ka"
      }
    },
    {
      "type": "Feature",
      "geometry": {
        "type": "Point",
        "coordinates": [
          28.9361,
          45.60736
        ]
      },
      "properties": {
        "frp": 2.29,
        "acq_date": "2026-09-27",
        "acq_time": "1058",
        "satellite": "N21",
        "brightness": null,
        "NAME_1": "Odessa",
        "locality": "Izma\u2039l's'ka"
      }
    },
    {
      "type": "Feature",
      "geometry": {
        "type": "Point",
        "coordinates": [
          29.53684,
          45.64705
        ]
      },
      "properties": {
        "frp": 2.19,
        "acq_date": "2026-09-27",
        "acq_time": "1058",
        "satellite": "N21",
        "brightness": null,
        "NAME_1": "Odessa",
        "locality": "Tatarbunars'kyi"
      }
    },
    {
      "type": "Feature",
      "geometry": {
        "type": "Point",
        "coordinates": [
          25.59371,
          45.73629
        ]
      },
      "properties": {
        "frp": 20.55,
        "acq_date": "2026-09-27",
        "acq_time": "1058",
        "satellite": "N21",
        "brightness": null,
        "NAME_1": "",
        "locality": ""
      }
    },
    {
      "type": "Feature",
      "geometry": {
        "type": "Point",
        "coordinates": [
          25.59017,
          45.73779
        ]
      },
      "properties": {
        "frp": 4.98,
        "acq_date": "2026-09-27",
        "acq_time": "1058",
        "satellite": "N21",
        "brightness": null,
        "NAME_1": "",
        "locality": ""
      }
    },
    {
      "type": "Feature",
      "geometry": {
        "type": "Point",
        "coordinates": [
          25.59518,
          45.73865
        ]
      },
      "properties": {
        "frp": 8.6,
        "acq_date": "2026-09-27",
        "acq_time": "1058",
        "satellite": "N21",
        "brightness": null,
        "NAME_1": "",
        "locality": ""
      }
    },
    {
      "type": "Feature",
      "geometry": {
        "type": "Point",
        "coordinates": [
          25.6002,
          45.73952
        ]
      },
      "properties": {
        "frp": 8.6,
        "acq_date": "2026-09-27",
        "acq_time": "1058",
        "satellite": "N21",
        "brightness": null,
        "NAME_1": "",
        "locality": ""
      }
    },
    {
      "type": "Feature",
      "geometry": {
        "type": "Point",
        "coordinates": [
          32.41787,
          46.1919
        ]
      },
      "properties": {
        "frp": 9.14,
        "acq_date": "2026-09-27",
        "acq_time": "1058",
        "satellite": "N21",
        "brightness": null,
        "NAME_1": "Kherson",
        "locality": "Holoprystans'kyi"
      }
    },
    {
      "type": "Feature",
      "geometry": {
        "type": "Point",
        "coordinates": [
          32.42408,
          46.19258
        ]
      },
      "properties": {
        "frp": 17.36,
        "acq_date": "2026-09-27",
        "acq_time": "1058",
        "satellite": "N21",
        "brightness": null,
        "NAME_1": "Kherson",
        "locality": "Holoprystans'kyi"
      }
    },
    {
      "type": "Feature",
      "geometry": {
        "type": "Point",
        "coordinates": [
          32.42324,
          46.19624
        ]
      },
      "properties": {
        "frp": 28.23,
        "acq_date": "2026-09-27",
        "acq_time": "1058",
        "satellite": "N21",
        "brightness": null,
        "NAME_1": "Kherson",
        "locality": "Holoprystans'kyi"
      }
    },
    {
      "type": "Feature",
      "geometry": {
        "type": "Point",
        "coordinates": [
          32.4666,
          46.30879
        ]
      },
      "properties": {
        "frp": 5.37,
        "acq_date": "2026-09-27",
        "acq_time": "1058",
        "satellite": "N21",
        "brightness": null,
        "NAME_1": "Kherson",
        "locality": "Holoprystans'kyi"
      }
    },
    {
      "type": "Feature",
      "geometry": {
        "type": "Point",
        "coordinates": [
          31.21717,
          46.63601
        ]
      },
      "properties": {
        "frp": 8.37,
        "acq_date": "2026-09-27",
        "acq_time": "1058",
        "satellite": "N21",
        "brightness": null,
        "NAME_1": "Mykolayiv",
        "locality": "Berezans'kyi"
      }
    },
    {
      "type": "Feature",
      "geometry": {
        "type": "Point",
        "coordinates": [
          33.04317,
          46.78055
        ]
      },
      "properties": {
        "frp": 45.39,
        "acq_date": "2026-09-27",
        "acq_time": "1058",
        "satellite": "N21",
        "brightness": null,
        "NAME_1": "Kherson",
        "locality": "Bilozers'kyi"
      }
    },
    {
      "type": "Feature",
      "geometry": {
        "type": "Point",
        "coordinates": [
          32.92129,
          46.89887
        ]
      },
      "properties": {
        "frp": 4.0,
        "acq_date": "2026-09-27",
        "acq_time": "1058",
        "satellite": "N21",
        "brightness": null,
        "NAME_1": "Mykolayiv",
        "locality": "Snihurivs'kyi"
      }
    },
    {
      "type": "Feature",
      "geometry": {
        "type": "Point",
        "coordinates": [
          32.92799,
          46.89956
        ]
      },
      "properties": {
        "frp": 4.0,
        "acq_date": "2026-09-27",
        "acq_time": "1058",
        "satellite": "N21",
        "brightness": null,
        "NAME_1": "Mykolayiv",
        "locality": "Snihurivs'kyi"
      }
    },
    {
      "type": "Feature",
      "geometry": {
        "type": "Point",
        "coordinates": [
          40.4537,
          47.18912
        ]
      },
      "properties": {
        "frp": 3.22,
        "acq_date": "2026-09-27",
        "acq_time": "1058",
        "satellite": "N21",
        "brightness": null,
        "NAME_1": "Rostov",
        "locality": "Bagaevskiy rayon"
      }
    },
    {
      "type": "Feature",
      "geometry": {
        "type": "Point",
        "coordinates": [
          37.58559,
          47.32687
        ]
      },
      "properties": {
        "frp": 12.13,
        "acq_date": "2026-09-27",
        "acq_time": "1058",
        "satellite": "N21",
        "brightness": null,
        "NAME_1": "Donets'k",
        "locality": "Volodars'kyi"
      }
    },
    {
      "type": "Feature",
      "geometry": {
        "type": "Point",
        "coordinates": [
          37.59285,
          47.32729
        ]
      },
      "properties": {
        "frp": 12.13,
        "acq_date": "2026-09-27",
        "acq_time": "1058",
        "satellite": "N21",
        "brightness": null,
        "NAME_1": "Donets'k",
        "locality": "Volodars'kyi"
      }
    },
    {
      "type": "Feature",
      "geometry": {
        "type": "Point",
        "coordinates": [
          37.58561,
          47.3302
        ]
      },
      "properties": {
        "frp": 27.93,
        "acq_date": "2026-09-27",
        "acq_time": "1058",
        "satellite": "N21",
        "brightness": null,
        "NAME_1": "Donets'k",
        "locality": "Volodars'kyi"
      }
    },
    {
      "type": "Feature",
      "geometry": {
        "type": "Point",
        "coordinates": [
          37.59284,
          47.33065
        ]
      },
      "properties": {
        "frp": 11.42,
        "acq_date": "2026-09-27",
        "acq_time": "1058",
        "satellite": "N21",
        "brightness": null,
        "NAME_1": "Donets'k",
        "locality": "Volodars'kyi"
      }
    },
    {
      "type": "Feature",
      "geometry": {
        "type": "Point",
        "coordinates": [
          37.585,
          47.33159
        ]
      },
      "properties": {
        "frp": 10.19,
        "acq_date": "2026-09-27",
        "acq_time": "1058",
        "satellite": "N21",
        "brightness": null,
        "NAME_1": "Donets'k",
        "locality": "Volodars'kyi"
      }
    },
    {
      "type": "Feature",
      "geometry": {
        "type": "Point",
        "coordinates": [
          24.68305,
          46.75455
        ]
      },
      "properties": {
        "frp": 8.57,
        "acq_date": "2026-09-27",
        "acq_time": "1100",
        "satellite": "N21",
        "brightness": null,
        "NAME_1": "",
        "locality": ""
      }
    },
    {
      "type": "Feature",
      "geometry": {
        "type": "Point",
        "coordinates": [
          22.80585,
          47.19653
        ]
      },
      "properties": {
        "frp": 5.9,
        "acq_date": "2026-09-27",
        "acq_time": "1100",
        "satellite": "N21",
        "brightness": null,
        "NAME_1": "",
        "locality": ""
      }
    },
    {
      "type": "Feature",
      "geometry": {
        "type": "Point",
        "coordinates": [
          28.97045,
          49.19591
        ]
      },
      "properties": {
        "frp": 1.89,
        "acq_date": "2026-09-27",
        "acq_time": "1100",
        "satellite": "N21",
        "brightness": null,
        "NAME_1": "Vinnytsya",
        "locality": "Lypovets'kyi"
      }
    },
    {
      "type": "Feature",
      "geometry": {
        "type": "Point",
        "coordinates": [
          29.64083,
          50.50767
        ]
      },
      "properties": {
        "frp": 6.43,
        "acq_date": "2026-09-27",
        "acq_time": "1100",
        "satellite": "N21",
        "brightness": null,
        "NAME_1": "Kiev",
        "locality": "Makarivs'kyi"
      }
    },
    {
      "type": "Feature",
      "geometry": {
        "type": "Point",
        "coordinates": [
          23.72893,
          50.66792
        ]
      },
      "properties": {
        "frp": 2.37,
        "acq_date": "2026-09-27",
        "acq_time": "1100",
        "satellite": "N21",
        "brightness": null,
        "NAME_1": "",
        "locality": ""
      }
    },
    {
      "type": "Feature",
      "geometry": {
        "type": "Point",
        "coordinates": [
          23.00703,
          50.71015
        ]
      },
      "properties": {
        "frp": 4.63,
        "acq_date": "2026-09-27",
        "acq_time": "1100",
        "satellite": "N21",
        "brightness": null,
        "NAME_1": "",
        "locality": ""
      }
    },
    {
      "type": "Feature",
      "geometry": {
        "type": "Point",
        "coordinates": [
          23.21753,
          50.71877
        ]
      },
      "properties": {
        "frp": 18.72,
        "acq_date": "2026-09-27",
        "acq_time": "1100",
        "satellite": "N21",
        "brightness": null,
        "NAME_1": "",
        "locality": ""
      }
    },
    {
      "type": "Feature",
      "geometry": {
        "type": "Point",
        "coordinates": [
          23.21611,
          50.72205
        ]
      },
      "properties": {
        "frp": 9.41,
        "acq_date": "2026-09-27",
        "acq_time": "1100",
        "satellite": "N21",
        "brightness": null,
        "NAME_1": "",
        "locality": ""
      }
    },
    {
      "type": "Feature",
      "geometry": {
        "type": "Point",
        "coordinates": [
          22.3552,
          50.73721
        ]
      },
      "properties": {
        "frp": 3.6,
        "acq_date": "2026-09-27",
        "acq_time": "1100",
        "satellite": "N21",
        "brightness": null,
        "NAME_1": "",
        "locality": ""
      }
    },
    {
      "type": "Feature",
      "geometry": {
        "type": "Point",
        "coordinates": [
          23.40344,
          51.10829
        ]
      },
      "properties": {
        "frp": 6.57,
        "acq_date": "2026-09-27",
        "acq_time": "1100",
        "satellite": "N21",
        "brightness": null,
        "NAME_1": "",
        "locality": ""
      }
    },
    {
      "type": "Feature",
      "geometry": {
        "type": "Point",
        "coordinates": [
          23.40202,
          51.11155
        ]
      },
      "properties": {
        "frp": 6.57,
        "acq_date": "2026-09-27",
        "acq_time": "1100",
        "satellite": "N21",
        "brightness": null,
        "NAME_1": "",
        "locality": ""
      }
    },
    {
      "type": "Feature",
      "geometry": {
        "type": "Point",
        "coordinates": [
          23.40442,
          51.11439
        ]
      },
      "properties": {
        "frp": 6.43,
        "acq_date": "2026-09-27",
        "acq_time": "1100",
        "satellite": "N21",
        "brightness": null,
        "NAME_1": "",
        "locality": ""
      }
    },
    {
      "type": "Feature",
      "geometry": {
        "type": "Point",
        "coordinates": [
          23.5249,
          51.14905
        ]
      },
      "properties": {
        "frp": 6.21,
        "acq_date": "2026-09-27",
        "acq_time": "1100",
        "satellite": "N21",
        "brightness": null,
        "NAME_1": "",
        "locality": ""
      }
    },
    {
      "type": "Feature",
      "geometry": {
        "type": "Point",
        "coordinates": [
          22.99338,
          51.32494
        ]
      },
      "properties": {
        "frp": 2.6,
        "acq_date": "2026-09-27",
        "acq_time": "1100",
        "satellite": "N21",
        "brightness": null,
        "NAME_1": "",
        "locality": ""
      }
    },
    {
      "type": "Feature",
      "geometry": {
        "type": "Point",
        "coordinates": [
          22.67419,
          51.56709
        ]
      },
      "properties": {
        "frp": 3.49,
        "acq_date": "2026-09-27",
        "acq_time": "1100",
        "satellite": "N21",
        "brightness": null,
        "NAME_1": "",
        "locality": ""
      }
    },
    {
      "type": "Feature",
      "geometry": {
        "type": "Point",
        "coordinates": [
          22.5717,
          51.72052
        ]
      },
      "properties": {
        "frp": 21.05,
        "acq_date": "2026-09-27",
        "acq_time": "1100",
        "satellite": "N21",
        "brightness": null,
        "NAME_1": "",
        "locality": ""
      }
    },
    {
      "type": "Feature",
      "geometry": {
        "type": "Point",
        "coordinates": [
          22.58297,
          51.72251
        ]
      },
      "properties": {
        "frp": 13.72,
        "acq_date": "2026-09-27",
        "acq_time": "1100",
        "satellite": "N21",
        "brightness": null,
        "NAME_1": "",
        "locality": ""
      }
    },
    {
      "type": "Feature",
      "geometry": {
        "type": "Point",
        "coordinates": [
          22.57585,
          51.72479
        ]
      },
      "properties": {
        "frp": 13.72,
        "acq_date": "2026-09-27",
        "acq_time": "1100",
        "satellite": "N21",
        "brightness": null,
        "NAME_1": "",
        "locality": ""
      }
    },
    {
      "type": "Feature",
      "geometry": {
        "type": "Point",
        "coordinates": [
          22.57136,
          51.83874
        ]
      },
      "properties": {
        "frp": 4.79,
        "acq_date": "2026-09-27",
        "acq_time": "1100",
        "satellite": "N21",
        "brightness": null,
        "NAME_1": "",
        "locality": ""
      }
    },
    {
      "type": "Feature",
      "geometry": {
        "type": "Point",
        "coordinates": [
          22.69822,
          51.96865
        ]
      },
      "properties": {
        "frp": 3.3,
        "acq_date": "2026-09-27",
        "acq_time": "1100",
        "satellite": "N21",
        "brightness": null,
        "NAME_1": "",
        "locality": ""
      }
    },
    {
      "type": "Feature",
      "geometry": {
        "type": "Point",
        "coordinates": [
          23.01426,
          52.06754
        ]
      },
      "properties": {
        "frp": 5.92,
        "acq_date": "2026-09-27",
        "acq_time": "1100",
        "satellite": "N21",
        "brightness": null,
        "NAME_1": "",
        "locality": ""
      }
    },
    {
      "type": "Feature",
      "geometry": {
        "type": "Point",
        "coordinates": [
          22.17811,
          52.14001
        ]
      },
      "properties": {
        "frp": 3.41,
        "acq_date": "2026-09-27",
        "acq_time": "1100",
        "satellite": "N21",
        "brightness": null,
        "NAME_1": "",
        "locality": ""
      }
    },
    {
      "type": "Feature",
      "geometry": {
        "type": "Point",
        "coordinates": [
          22.8838,
          52.3961
        ]
      },
      "properties": {
        "frp": 3.06,
        "acq_date": "2026-09-27",
        "acq_time": "1100",
        "satellite": "N21",
        "brightness": null,
        "NAME_1": "",
        "locality": ""
      }
    },
    {
      "type": "Feature",
      "geometry": {
        "type": "Point",
        "coordinates": [
          29.99303,
          52.84515
        ]
      },
      "properties": {
        "frp": 2.58,
        "acq_date": "2026-09-27",
        "acq_time": "1100",
        "satellite": "N21",
        "brightness": null,
        "NAME_1": "Gomel",
        "locality": "\u017dlobin"
      }
    },
    {
      "type": "Feature",
      "geometry": {
        "type": "Point",
        "coordinates": [
          29.99196,
          52.84877
        ]
      },
      "properties": {
        "frp": 5.57,
        "acq_date": "2026-09-27",
        "acq_time": "1100",
        "satellite": "N21",
        "brightness": null,
        "NAME_1": "Gomel",
        "locality": "\u017dlobin"
      }
    },
    {
      "type": "Feature",
      "geometry": {
        "type": "Point",
        "coordinates": [
          22.31598,
          52.94796
        ]
      },
      "properties": {
        "frp": 3.05,
        "acq_date": "2026-09-27",
        "acq_time": "1102",
        "satellite": "N21",
        "brightness": null,
        "NAME_1": "",
        "locality": ""
      }
    },
    {
      "type": "Feature",
      "geometry": {
        "type": "Point",
        "coordinates": [
          29.33639,
          51.8875
        ]
      },
      "properties": {
        "frp": 0.8,
        "acq_date": "2026-09-27",
        "acq_time": "2312",
        "satellite": "N21",
        "brightness": null,
        "NAME_1": "Gomel",
        "locality": "Mazyr"
      }
    },
    {
      "type": "Feature",
      "geometry": {
        "type": "Point",
        "coordinates": [
          29.34251,
          51.89281
        ]
      },
      "properties": {
        "frp": 2.28,
        "acq_date": "2026-09-27",
        "acq_time": "2312",
        "satellite": "N21",
        "brightness": null,
        "NAME_1": "Gomel",
        "locality": "Mazyr"
      }
    },
    {
      "type": "Feature",
      "geometry": {
        "type": "Point",
        "coordinates": [
          29.33681,
          51.89296
        ]
      },
      "properties": {
        "frp": 2.28,
        "acq_date": "2026-09-27",
        "acq_time": "2312",
        "satellite": "N21",
        "brightness": null,
        "NAME_1": "Gomel",
        "locality": "Mazyr"
      }
    },
    {
      "type": "Feature",
      "geometry": {
        "type": "Point",
        "coordinates": [
          29.98872,
          52.84431
        ]
      },
      "properties": {
        "frp": 9.1,
        "acq_date": "2026-09-27",
        "acq_time": "2312",
        "satellite": "N21",
        "brightness": null,
        "NAME_1": "Gomel",
        "locality": "\u017dlobin"
      }
    },
    {
      "type": "Feature",
      "geometry": {
        "type": "Point",
        "coordinates": [
          29.99299,
          52.84727
        ]
      },
      "properties": {
        "frp": 6.84,
        "acq_date": "2026-09-27",
        "acq_time": "2312",
        "satellite": "N21",
        "brightness": null,
        "NAME_1": "Gomel",
        "locality": "\u017dlobin"
      }
    },
    {
      "type": "Feature",
      "geometry": {
        "type": "Point",
        "coordinates": [
          29.98753,
          52.84742
        ]
      },
      "properties": {
        "frp": 9.34,
        "acq_date": "2026-09-27",
        "acq_time": "2312",
        "satellite": "N21",
        "brightness": null,
        "NAME_1": "Gomel",
        "locality": "\u017dlobin"
      }
    },
    {
      "type": "Feature",
      "geometry": {
        "type": "Point",
        "coordinates": [
          37.66751,
          44.84378
        ]
      },
      "properties": {
        "frp": 2.38,
        "acq_date": "2026-09-27",
        "acq_time": "2314",
        "satellite": "N21",
        "brightness": null,
        "NAME_1": "Krasnodar",
        "locality": "Novorossiysk gorsovet"
      }
    },
    {
      "type": "Feature",
      "geometry": {
        "type": "Point",
        "coordinates": [
          38.11567,
          44.8826
        ]
      },
      "properties": {
        "frp": 0.59,
        "acq_date": "2026-09-27",
        "acq_time": "2314",
        "satellite": "N21",
        "brightness": null,
        "NAME_1": "Krasnodar",
        "locality": "Abinskiy rayon"
      }
    },
    {
      "type": "Feature",
      "geometry": {
        "type": "Point",
        "coordinates": [
          22.41741,
          44.88387
        ]
      },
      "properties": {
        "frp": 2.52,
        "acq_date": "2026-09-27",
        "acq_time": "2314",
        "satellite": "N21",
        "brightness": null,
        "NAME_1": "",
        "locality": ""
      }
    },
    {
      "type": "Feature",
      "geometry": {
        "type": "Point",
        "coordinates": [
          29.02135,
          45.20483
        ]
      },
      "properties": {
        "frp": 5.54,
        "acq_date": "2026-09-27",
        "acq_time": "2314",
        "satellite": "N21",
        "brightness": null,
        "NAME_1": "",
        "locality": ""
      }
    },
    {
      "type": "Feature",
      "geometry": {
        "type": "Point",
        "coordinates": [
          29.02178,
          45.21012
        ]
      },
      "properties": {
        "frp": 5.54,
        "acq_date": "2026-09-27",
        "acq_time": "2314",
        "satellite": "N21",
        "brightness": null,
        "NAME_1": "",
        "locality": ""
      }
    },
    {
      "type": "Feature",
      "geometry": {
        "type": "Point",
        "coordinates": [
          25.10837,
          45.28995
        ]
      },
      "properties": {
        "frp": 1.39,
        "acq_date": "2026-09-27",
        "acq_time": "2314",
        "satellite": "N21",
        "brightness": null,
        "NAME_1": "",
        "locality": ""
      }
    },
    {
      "type": "Feature",
      "geometry": {
        "type": "Point",
        "coordinates": [
          40.76902,
          45.56198
        ]
      },
      "properties": {
        "frp": 0.34,
        "acq_date": "2026-09-27",
        "acq_time": "2314",
        "satellite": "N21",
        "brightness": null,
        "NAME_1": "Krasnodar",
        "locality": "Kavkazskiy rayon"
      }
    },
    {
      "type": "Feature",
      "geometry": {
        "type": "Point",
        "coordinates": [
          40.76511,
          45.56599
        ]
      },
      "properties": {
        "frp": 0.6,
        "acq_date": "2026-09-27",
        "acq_time": "2314",
        "satellite": "N21",
        "brightness": null,
        "NAME_1": "Krasnodar",
        "locality": "Kavkazskiy rayon"
      }
    },
    {
      "type": "Feature",
      "geometry": {
        "type": "Point",
        "coordinates": [
          25.27981,
          45.94955
        ]
      },
      "properties": {
        "frp": 1.99,
        "acq_date": "2026-09-27",
        "acq_time": "2314",
        "satellite": "N21",
        "brightness": null,
        "NAME_1": "",
        "locality": ""
      }
    },
    {
      "type": "Feature",
      "geometry": {
        "type": "Point",
        "coordinates": [
          25.2815,
          45.95229
        ]
      },
      "properties": {
        "frp": 1.81,
        "acq_date": "2026-09-27",
        "acq_time": "2314",
        "satellite": "N21",
        "brightness": null,
        "NAME_1": "",
        "locality": ""
      }
    },
    {
      "type": "Feature",
      "geometry": {
        "type": "Point",
        "coordinates": [
          39.3429,
          46.09754
        ]
      },
      "properties": {
        "frp": 0.51,
        "acq_date": "2026-09-27",
        "acq_time": "2314",
        "satellite": "N21",
        "brightness": null,
        "NAME_1": "Krasnodar",
        "locality": "Leningradskiy rayon"
      }
    },
    {
      "type": "Feature",
      "geometry": {
        "type": "Point",
        "coordinates": [
          38.38198,
          46.53663
        ]
      },
      "properties": {
        "frp": 0.37,
        "acq_date": "2026-09-27",
        "acq_time": "2314",
        "satellite": "N21",
        "brightness": null,
        "NAME_1": "Krasnodar",
        "locality": "Eyskiy rayon"
      }
    },
    {
      "type": "Feature",
      "geometry": {
        "type": "Point",
        "coordinates": [
          29.85657,
          46.66273
        ]
      },
      "properties": {
        "frp": 0.54,
        "acq_date": "2026-09-27",
        "acq_time": "2314",
        "satellite": "N21",
        "brightness": null,
        "NAME_1": "",
        "locality": ""
      }
    },
    {
      "type": "Feature",
      "geometry": {
        "type": "Point",
        "coordinates": [
          37.56887,
          47.17478
        ]
      },
      "properties": {
        "frp": 1.61,
        "acq_date": "2026-09-27",
        "acq_time": "2314",
        "satellite": "N21",
        "brightness": null,
        "NAME_1": "Donets'k",
        "locality": "Mariupol's'ka"
      }
    },
    {
      "type": "Feature",
      "geometry": {
        "type": "Point",
        "coordinates": [
          40.13347,
          47.37852
        ]
      },
      "properties": {
        "frp": 1.02,
        "acq_date": "2026-09-27",
        "acq_time": "2314",
        "satellite": "N21",
        "brightness": null,
        "NAME_1": "Rostov",
        "locality": "Novocherkassk"
      }
    },
    {
      "type": "Feature",
      "geometry": {
        "type": "Point",
        "coordinates": [
          40.12819,
          47.37924
        ]
      },
      "properties": {
        "frp": 0.79,
        "acq_date": "2026-09-27",
        "acq_time": "2314",
        "satellite": "N21",
        "brightness": null,
        "NAME_1": "Rostov",
        "locality": "Novocherkassk"
      }
    },
    {
      "type": "Feature",
      "geometry": {
        "type": "Point",
        "coordinates": [
          40.13445,
          47.38187
        ]
      },
      "properties": {
        "frp": 3.52,
        "acq_date": "2026-09-27",
        "acq_time": "2314",
        "satellite": "N21",
        "brightness": null,
        "NAME_1": "Rostov",
        "locality": "Novocherkassk"
      }
    },
    {
      "type": "Feature",
      "geometry": {
        "type": "Point",
        "coordinates": [
          40.12917,
          47.38259
        ]
      },
      "properties": {
        "frp": 1.45,
        "acq_date": "2026-09-27",
        "acq_time": "2314",
        "satellite": "N21",
        "brightness": null,
        "NAME_1": "Rostov",
        "locality": "Novocherkassk"
      }
    },
    {
      "type": "Feature",
      "geometry": {
        "type": "Point",
        "coordinates": [
          40.13543,
          47.38521
        ]
      },
      "properties": {
        "frp": 3.52,
        "acq_date": "2026-09-27",
        "acq_time": "2314",
        "satellite": "N21",
        "brightness": null,
        "NAME_1": "Rostov",
        "locality": "Novocherkassk"
      }
    },
    {
      "type": "Feature",
      "geometry": {
        "type": "Point",
        "coordinates": [
          40.13015,
          47.38594
        ]
      },
      "properties": {
        "frp": 1.45,
        "acq_date": "2026-09-27",
        "acq_time": "2314",
        "satellite": "N21",
        "brightness": null,
        "NAME_1": "Rostov",
        "locality": "Novocherkassk"
      }
    },
    {
      "type": "Feature",
      "geometry": {
        "type": "Point",
        "coordinates": [
          29.01402,
          47.78576
        ]
      },
      "properties": {
        "frp": 1.49,
        "acq_date": "2026-09-27",
        "acq_time": "2314",
        "satellite": "N21",
        "brightness": null,
        "NAME_1": "",
        "locality": ""
      }
    },
    {
      "type": "Feature",
      "geometry": {
        "type": "Point",
        "coordinates": [
          39.54528,
          48.09151
        ]
      },
      "properties": {
        "frp": 5.2,
        "acq_date": "2026-09-27",
        "acq_time": "2314",
        "satellite": "N21",
        "brightness": null,
        "NAME_1": "Luhans'k",
        "locality": "Sverdlovs'kyi"
      }
    },
    {
      "type": "Feature",
      "geometry": {
        "type": "Point",
        "coordinates": [
          26.60192,
          48.74724
        ]
      },
      "properties": {
        "frp": 1.84,
        "acq_date": "2026-09-27",
        "acq_time": "2314",
        "satellite": "N21",
        "brightness": null,
        "NAME_1": "Khmel'nyts'kyy",
        "locality": "Kamianets'-Podil's'kyi"
      }
    },
    {
      "type": "Feature",
      "geometry": {
        "type": "Point",
        "coordinates": [
          26.60178,
          48.74856
        ]
      },
      "properties": {
        "frp": 1.43,
        "acq_date": "2026-09-27",
        "acq_time": "2314",
        "satellite": "N21",
        "brightness": null,
        "NAME_1": "Khmel'nyts'kyy",
        "locality": "Kamianets'-Podil's'kyi"
      }
    },
    {
      "type": "Feature",
      "geometry": {
        "type": "Point",
        "coordinates": [
          24.70967,
          48.973
        ]
      },
      "properties": {
        "frp": 2.48,
        "acq_date": "2026-09-27",
        "acq_time": "2314",
        "satellite": "N21",
        "brightness": null,
        "NAME_1": "Ivano-Frankivs'k",
        "locality": "Tysmenyts'kyi"
      }
    },
    {
      "type": "Feature",
      "geometry": {
        "type": "Point",
        "coordinates": [
          24.71121,
          48.97423
        ]
      },
      "properties": {
        "frp": 2.25,
        "acq_date": "2026-09-27",
        "acq_time": "2314",
        "satellite": "N21",
        "brightness": null,
        "NAME_1": "Ivano-Frankivs'k",
        "locality": "Tysmenyts'kyi"
      }
    },
    {
      "type": "Feature",
      "geometry": {
        "type": "Point",
        "coordinates": [
          26.25773,
          50.54365
        ]
      },
      "properties": {
        "frp": 1.89,
        "acq_date": "2026-09-27",
        "acq_time": "2314",
        "satellite": "N21",
        "brightness": null,
        "NAME_1": "Rivne",
        "locality": "Zdolbunivs'kyi"
      }
    },
    {
      "type": "Feature",
      "geometry": {
        "type": "Point",
        "coordinates": [
          29.33954,
          51.88681
        ]
      },
      "properties": {
        "frp": 1.36,
        "acq_date": "2026-09-28",
        "acq_time": "52",
        "satellite": "N21",
        "brightness": null,
        "NAME_1": "Gomel",
        "locality": "Mazyr"
      }
    },
    {
      "type": "Feature",
      "geometry": {
        "type": "Point",
        "coordinates": [
          29.3422,
          51.89086
        ]
      },
      "properties": {
        "frp": 3.78,
        "acq_date": "2026-09-28",
        "acq_time": "52",
        "satellite": "N21",
        "brightness": null,
        "NAME_1": "Gomel",
        "locality": "Mazyr"
      }
    },
    {
      "type": "Feature",
      "geometry": {
        "type": "Point",
        "coordinates": [
          33.33716,
          52.36821
        ]
      },
      "properties": {
        "frp": 1.13,
        "acq_date": "2026-09-28",
        "acq_time": "52",
        "satellite": "N21",
        "brightness": null,
        "NAME_1": "Bryansk",
        "locality": "Pogarskiy rayon"
      }
    },
    {
      "type": "Feature",
      "geometry": {
        "type": "Point",
        "coordinates": [
          29.98827,
          52.84443
        ]
      },
      "properties": {
        "frp": 3.32,
        "acq_date": "2026-09-28",
        "acq_time": "52",
        "satellite": "N21",
        "brightness": null,
        "NAME_1": "Gomel",
        "locality": "\u017dlobin"
      }
    },
    {
      "type": "Feature",
      "geometry": {
        "type": "Point",
        "coordinates": [
          29.98848,
          52.84706
        ]
      },
      "properties": {
        "frp": 3.72,
        "acq_date": "2026-09-28",
        "acq_time": "52",
        "satellite": "N21",
        "brightness": null,
        "NAME_1": "Gomel",
        "locality": "\u017dlobin"
      }
    },
    {
      "type": "Feature",
      "geometry": {
        "type": "Point",
        "coordinates": [
          36.82983,
          45.16691
        ]
      },
      "properties": {
        "frp": 0.58,
        "acq_date": "2026-09-28",
        "acq_time": "54",
        "satellite": "N21",
        "brightness": null,
        "NAME_1": "Krasnodar",
        "locality": "Temryukskiy rayon"
      }
    },
    {
      "type": "Feature",
      "geometry": {
        "type": "Point",
        "coordinates": [
          29.02436,
          45.20243
        ]
      },
      "properties": {
        "frp": 2.58,
        "acq_date": "2026-09-28",
        "acq_time": "54",
        "satellite": "N21",
        "brightness": null,
        "NAME_1": "",
        "locality": ""
      }
    },
    {
      "type": "Feature",
      "geometry": {
        "type": "Point",
        "coordinates": [
          29.02017,
          45.2036
        ]
      },
      "properties": {
        "frp": 2.58,
        "acq_date": "2026-09-28",
        "acq_time": "54",
        "satellite": "N21",
        "brightness": null,
        "NAME_1": "",
        "locality": ""
      }
    },
    {
      "type": "Feature",
      "geometry": {
        "type": "Point",
        "coordinates": [
          29.02714,
          45.20729
        ]
      },
      "properties": {
        "frp": 9.88,
        "acq_date": "2026-09-28",
        "acq_time": "54",
        "satellite": "N21",
        "brightness": null,
        "NAME_1": "",
        "locality": ""
      }
    },
    {
      "type": "Feature",
      "geometry": {
        "type": "Point",
        "coordinates": [
          29.02297,
          45.20845
        ]
      },
      "properties": {
        "frp": 9.88,
        "acq_date": "2026-09-28",
        "acq_time": "54",
        "satellite": "N21",
        "brightness": null,
        "NAME_1": "",
        "locality": ""
      }
    },
    {
      "type": "Feature",
      "geometry": {
        "type": "Point",
        "coordinates": [
          25.28167,
          45.95135
        ]
      },
      "properties": {
        "frp": 1.4,
        "acq_date": "2026-09-28",
        "acq_time": "54",
        "satellite": "N21",
        "brightness": null,
        "NAME_1": "",
        "locality": ""
      }
    },
    {
      "type": "Feature",
      "geometry": {
        "type": "Point",
        "coordinates": [
          26.60546,
          48.74514
        ]
      },
      "properties": {
        "frp": 0.95,
        "acq_date": "2026-09-28",
        "acq_time": "54",
        "satellite": "N21",
        "brightness": null,
        "NAME_1": "Khmel'nyts'kyy",
        "locality": "Kamianets'-Podil's'kyi"
      }
    },
    {
      "type": "Feature",
      "geometry": {
        "type": "Point",
        "coordinates": [
          24.70901,
          48.97339
        ]
      },
      "properties": {
        "frp": 1.9,
        "acq_date": "2026-09-28",
        "acq_time": "54",
        "satellite": "N21",
        "brightness": null,
        "NAME_1": "Ivano-Frankivs'k",
        "locality": "Tysmenyts'kyi"
      }
    },
    {
      "type": "Feature",
      "geometry": {
        "type": "Point",
        "coordinates": [
          26.26117,
          50.54208
        ]
      },
      "properties": {
        "frp": 2.73,
        "acq_date": "2026-09-28",
        "acq_time": "54",
        "satellite": "N21",
        "brightness": null,
        "NAME_1": "Rivne",
        "locality": "Zdolbunivs'kyi"
      }
    },
    {
      "type": "Feature",
      "geometry": {
        "type": "Point",
        "coordinates": [
          23.55209,
          51.13814
        ]
      },
      "properties": {
        "frp": 1.35,
        "acq_date": "2026-09-28",
        "acq_time": "54",
        "satellite": "N21",
        "brightness": null,
        "NAME_1": "",
        "locality": ""
      }
    },
    {
      "type": "Feature",
      "geometry": {
        "type": "Point",
        "coordinates": [
          22.75038,
          44.30824
        ]
      },
      "properties": {
        "frp": 0.51,
        "acq_date": "2026-09-28",
        "acq_time": "56",
        "satellite": "N21",
        "brightness": null,
        "NAME_1": "",
        "locality": ""
      }
    },
    {
      "type": "Feature",
      "geometry": {
        "type": "Point",
        "coordinates": [
          22.43301,
          44.87924
        ]
      },
      "properties": {
        "frp": 2.93,
        "acq_date": "2026-09-28",
        "acq_time": "56",
        "satellite": "N21",
        "brightness": null,
        "NAME_1": "",
        "locality": ""
      }
    },
    {
      "type": "Feature",
      "geometry": {
        "type": "Point",
        "coordinates": [
          22.43494,
          44.88291
        ]
      },
      "properties": {
        "frp": 2.93,
        "acq_date": "2026-09-28",
        "acq_time": "56",
        "satellite": "N21",
        "brightness": null,
        "NAME_1": "",
        "locality": ""
      }
    },
    {
      "type": "Feature",
      "geometry": {
        "type": "Point",
        "coordinates": [
          22.42977,
          44.88403
        ]
      },
      "properties": {
        "frp": 5.43,
        "acq_date": "2026-09-28",
        "acq_time": "56",
        "satellite": "N21",
        "brightness": null,
        "NAME_1": "",
        "locality": ""
      }
    },
    {
      "type": "Feature",
      "geometry": {
        "type": "Point",
        "coordinates": [
          39.56831,
          46.12139
        ]
      },
      "properties": {
        "frp": 3.31,
        "acq_date": "2026-09-28",
        "acq_time": "900",
        "satellite": "N21",
        "brightness": null,
        "NAME_1": "Krasnodar",
        "locality": "Pavlovskiy rayon"
      }
    },
    {
      "type": "Feature",
      "geometry": {
        "type": "Point",
        "coordinates": [
          39.77669,
          46.12763
        ]
      },
      "properties": {
        "frp": 7.75,
        "acq_date": "2026-09-28",
        "acq_time": "900",
        "satellite": "N21",
        "brightness": null,
        "NAME_1": "Krasnodar",
        "locality": "Pavlovskiy rayon"
      }
    },
    {
      "type": "Feature",
      "geometry": {
        "type": "Point",
        "coordinates": [
          39.77696,
          46.13012
        ]
      },
      "properties": {
        "frp": 10.52,
        "acq_date": "2026-09-28",
        "acq_time": "900",
        "satellite": "N21",
        "brightness": null,
        "NAME_1": "Krasnodar",
        "locality": "Pavlovskiy rayon"
      }
    },
    {
      "type": "Feature",
      "geometry": {
        "type": "Point",
        "coordinates": [
          38.55146,
          47.2775
        ]
      },
      "properties": {
        "frp": 4.03,
        "acq_date": "2026-09-28",
        "acq_time": "900",
        "satellite": "N21",
        "brightness": null,
        "NAME_1": "Rostov",
        "locality": "Neklinovskiy rayon"
      }
    },
    {
      "type": "Feature",
      "geometry": {
        "type": "Point",
        "coordinates": [
          38.56533,
          47.28227
        ]
      },
      "properties": {
        "frp": 16.4,
        "acq_date": "2026-09-28",
        "acq_time": "900",
        "satellite": "N21",
        "brightness": null,
        "NAME_1": "Rostov",
        "locality": "Neklinovskiy rayon"
      }
    },
    {
      "type": "Feature",
      "geometry": {
        "type": "Point",
        "coordinates": [
          38.5723,
          47.28468
        ]
      },
      "properties": {
        "frp": 14.92,
        "acq_date": "2026-09-28",
        "acq_time": "900",
        "satellite": "N21",
        "brightness": null,
        "NAME_1": "Rostov",
        "locality": "Neklinovskiy rayon"
      }
    },
    {
      "type": "Feature",
      "geometry": {
        "type": "Point",
        "coordinates": [
          39.38742,
          47.68576
        ]
      },
      "properties": {
        "frp": 9.99,
        "acq_date": "2026-09-28",
        "acq_time": "900",
        "satellite": "N21",
        "brightness": null,
        "NAME_1": "Rostov",
        "locality": "Rodionovo-Nesvetayskiy rayon"
      }
    },
    {
      "type": "Feature",
      "geometry": {
        "type": "Point",
        "coordinates": [
          35.7624,
          47.68678
        ]
      },
      "properties": {
        "frp": 6.93,
        "acq_date": "2026-09-28",
        "acq_time": "900",
        "satellite": "N21",
        "brightness": null,
        "NAME_1": "Zaporizhia",
        "locality": "Orikhivs'kyi"
      }
    },
    {
      "type": "Feature",
      "geometry": {
        "type": "Point",
        "coordinates": [
          39.39353,
          47.68779
        ]
      },
      "properties": {
        "frp": 11.12,
        "acq_date": "2026-09-28",
        "acq_time": "900",
        "satellite": "N21",
        "brightness": null,
        "NAME_1": "Rostov",
        "locality": "Rodionovo-Nesvetayskiy rayon"
      }
    },
    {
      "type": "Feature",
      "geometry": {
        "type": "Point",
        "coordinates": [
          34.31354,
          51.19556
        ]
      },
      "properties": {
        "frp": 8.43,
        "acq_date": "2026-09-28",
        "acq_time": "902",
        "satellite": "N21",
        "brightness": null,
        "NAME_1": "Sumy",
        "locality": "Bilopils'kyi"
      }
    },
    {
      "type": "Feature",
      "geometry": {
        "type": "Point",
        "coordinates": [
          24.21053,
          44.00044
        ]
      },
      "properties": {
        "frp": 8.58,
        "acq_date": "2026-09-28",
        "acq_time": "1041",
        "satellite": "N21",
        "brightness": null,
        "NAME_1": "",
        "locality": ""
      }
    },
    {
      "type": "Feature",
      "geometry": {
        "type": "Point",
        "coordinates": [
          24.20858,
          44.00172
        ]
      },
      "properties": {
        "frp": 5.17,
        "acq_date": "2026-09-28",
        "acq_time": "1041",
        "satellite": "N21",
        "brightness": null,
        "NAME_1": "",
        "locality": ""
      }
    },
    {
      "type": "Feature",
      "geometry": {
        "type": "Point",
        "coordinates": [
          24.52851,
          44.04259
        ]
      },
      "properties": {
        "frp": 5.96,
        "acq_date": "2026-09-28",
        "acq_time": "1041",
        "satellite": "N21",
        "brightness": null,
        "NAME_1": "",
        "locality": ""
      }
    },
    {
      "type": "Feature",
      "geometry": {
        "type": "Point",
        "coordinates": [
          24.6174,
          44.08125
        ]
      },
      "properties": {
        "frp": 4.42,
        "acq_date": "2026-09-28",
        "acq_time": "1041",
        "satellite": "N21",
        "brightness": null,
        "NAME_1": "",
        "locality": ""
      }
    },
    {
      "type": "Feature",
      "geometry": {
        "type": "Point",
        "coordinates": [
          23.24698,
          44.12991
        ]
      },
      "properties": {
        "frp": 17.87,
        "acq_date": "2026-09-28",
        "acq_time": "1041",
        "satellite": "N21",
        "brightness": null,
        "NAME_1": "",
        "locality": ""
      }
    },
    {
      "type": "Feature",
      "geometry": {
        "type": "Point",
        "coordinates": [
          23.25307,
          44.13142
        ]
      },
      "properties": {
        "frp": 12.17,
        "acq_date": "2026-09-28",
        "acq_time": "1041",
        "satellite": "N21",
        "brightness": null,
        "NAME_1": "",
        "locality": ""
      }
    },
    {
      "type": "Feature",
      "geometry": {
        "type": "Point",
        "coordinates": [
          22.99244,
          44.15948
        ]
      },
      "properties": {
        "frp": 5.52,
        "acq_date": "2026-09-28",
        "acq_time": "1041",
        "satellite": "N21",
        "brightness": null,
        "NAME_1": "",
        "locality": ""
      }
    },
    {
      "type": "Feature",
      "geometry": {
        "type": "Point",
        "coordinates": [
          22.99655,
          44.16097
        ]
      },
      "properties": {
        "frp": 3.35,
        "acq_date": "2026-09-28",
        "acq_time": "1041",
        "satellite": "N21",
        "brightness": null,
        "NAME_1": "",
        "locality": ""
      }
    },
    {
      "type": "Feature",
      "geometry": {
        "type": "Point",
        "coordinates": [
          22.6258,
          44.38344
        ]
      },
      "properties": {
        "frp": 14.04,
        "acq_date": "2026-09-28",
        "acq_time": "1041",
        "satellite": "N21",
        "brightness": null,
        "NAME_1": "",
        "locality": ""
      }
    },
    {
      "type": "Feature",
      "geometry": {
        "type": "Point",
        "coordinates": [
          22.73245,
          44.40017
        ]
      },
      "properties": {
        "frp": 20.13,
        "acq_date": "2026-09-28",
        "acq_time": "1041",
        "satellite": "N21",
        "brightness": null,
        "NAME_1": "",
        "locality": ""
      }
    },
    {
      "type": "Feature",
      "geometry": {
        "type": "Point",
        "coordinates": [
          22.7809,
          44.47147
        ]
      },
      "properties": {
        "frp": 4.12,
        "acq_date": "2026-09-28",
        "acq_time": "1041",
        "satellite": "N21",
        "brightness": null,
        "NAME_1": "",
        "locality": ""
      }
    },
    {
      "type": "Feature",
      "geometry": {
        "type": "Point",
        "coordinates": [
          25.6264,
          44.82639
        ]
      },
      "properties": {
        "frp": 3.29,
        "acq_date": "2026-09-28",
        "acq_time": "1041",
        "satellite": "N21",
        "brightness": null,
        "NAME_1": "",
        "locality": ""
      }
    },
    {
      "type": "Feature",
      "geometry": {
        "type": "Point",
        "coordinates": [
          22.4292,
          44.88609
        ]
      },
      "properties": {
        "frp": 6.27,
        "acq_date": "2026-09-28",
        "acq_time": "1041",
        "satellite": "N21",
        "brightness": null,
        "NAME_1": "",
        "locality": ""
      }
    },
    {
      "type": "Feature",
      "geometry": {
        "type": "Point",
        "coordinates": [
          38.36434,
          45.67839
        ]
      },
      "properties": {
        "frp": 12.88,
        "acq_date": "2026-09-28",
        "acq_time": "1041",
        "satellite": "N21",
        "brightness": null,
        "NAME_1": "Krasnodar",
        "locality": "Kalininskiy rayon"
      }
    },
    {
      "type": "Feature",
      "geometry": {
        "type": "Point",
        "coordinates": [
          39.77793,
          46.13056
        ]
      },
      "properties": {
        "frp": 3.49,
        "acq_date": "2026-09-28",
        "acq_time": "1041",
        "satellite": "N21",
        "brightness": null,
        "NAME_1": "Krasnodar",
        "locality": "Pavlovskiy rayon"
      }
    },
    {
      "type": "Feature",
      "geometry": {
        "type": "Point",
        "coordinates": [
          40.07048,
          46.55379
        ]
      },
      "properties": {
        "frp": 5.58,
        "acq_date": "2026-09-28",
        "acq_time": "1041",
        "satellite": "N21",
        "brightness": null,
        "NAME_1": "Rostov",
        "locality": "Zernogradskiy rayon"
      }
    },
    {
      "type": "Feature",
      "geometry": {
        "type": "Point",
        "coordinates": [
          40.07602,
          46.55424
        ]
      },
      "properties": {
        "frp": 10.63,
        "acq_date": "2026-09-28",
        "acq_time": "1041",
        "satellite": "N21",
        "brightness": null,
        "NAME_1": "Rostov",
        "locality": "Zernogradskiy rayon"
      }
    },
    {
      "type": "Feature",
      "geometry": {
        "type": "Point",
        "coordinates": [
          40.06967,
          46.55796
        ]
      },
      "properties": {
        "frp": 8.86,
        "acq_date": "2026-09-28",
        "acq_time": "1041",
        "satellite": "N21",
        "brightness": null,
        "NAME_1": "Rostov",
        "locality": "Zernogradskiy rayon"
      }
    },
    {
      "type": "Feature",
      "geometry": {
        "type": "Point",
        "coordinates": [
          40.07523,
          46.55843
        ]
      },
      "properties": {
        "frp": 15.28,
        "acq_date": "2026-09-28",
        "acq_time": "1041",
        "satellite": "N21",
        "brightness": null,
        "NAME_1": "Rostov",
        "locality": "Zernogradskiy rayon"
      }
    },
    {
      "type": "Feature",
      "geometry": {
        "type": "Point",
        "coordinates": [
          40.0694,
          46.59192
        ]
      },
      "properties": {
        "frp": 4.9,
        "acq_date": "2026-09-28",
        "acq_time": "1041",
        "satellite": "N21",
        "brightness": null,
        "NAME_1": "Rostov",
        "locality": "Zernogradskiy rayon"
      }
    },
    {
      "type": "Feature",
      "geometry": {
        "type": "Point",
        "coordinates": [
          34.77012,
          46.63636
        ]
      },
      "properties": {
        "frp": 5.71,
        "acq_date": "2026-09-28",
        "acq_time": "1041",
        "satellite": "N21",
        "brightness": null,
        "NAME_1": "Zaporizhia",
        "locality": "Iakymivs'kyi"
      }
    },
    {
      "type": "Feature",
      "geometry": {
        "type": "Point",
        "coordinates": [
          34.77362,
          46.64384
        ]
      },
      "properties": {
        "frp": 6.15,
        "acq_date": "2026-09-28",
        "acq_time": "1041",
        "satellite": "N21",
        "brightness": null,
        "NAME_1": "Zaporizhia",
        "locality": "Iakymivs'kyi"
      }
    },
    {
      "type": "Feature",
      "geometry": {
        "type": "Point",
        "coordinates": [
          39.15762,
          46.65183
        ]
      },
      "properties": {
        "frp": 2.54,
        "acq_date": "2026-09-28",
        "acq_time": "1041",
        "satellite": "N21",
        "brightness": null,
        "NAME_1": "Krasnodar",
        "locality": "Starominskiy rayon"
      }
    },
    {
      "type": "Feature",
      "geometry": {
        "type": "Point",
        "coordinates": [
          36.63181,
          46.81543
        ]
      },
      "properties": {
        "frp": 11.98,
        "acq_date": "2026-09-28",
        "acq_time": "1041",
        "satellite": "N21",
        "brightness": null,
        "NAME_1": "Zaporizhia",
        "locality": "Berdians'kyi"
      }
    },
    {
      "type": "Feature",
      "geometry": {
        "type": "Point",
        "coordinates": [
          35.24164,
          47.3144
        ]
      },
      "properties": {
        "frp": 15.55,
        "acq_date": "2026-09-28",
        "acq_time": "1041",
        "satellite": "N21",
        "brightness": null,
        "NAME_1": "Zaporizhia",
        "locality": "Mykhailivs'kyi"
      }
    },
    {
      "type": "Feature",
      "geometry": {
        "type": "Point",
        "coordinates": [
          36.991,
          47.48004
        ]
      },
      "properties": {
        "frp": 2.96,
        "acq_date": "2026-09-28",
        "acq_time": "1041",
        "satellite": "N21",
        "brightness": null,
        "NAME_1": "Zaporizhia",
        "locality": "Rozivs'kyi"
      }
    },
    {
      "type": "Feature",
      "geometry": {
        "type": "Point",
        "coordinates": [
          36.99006,
          47.48372
        ]
      },
      "properties": {
        "frp": 5.39,
        "acq_date": "2026-09-28",
        "acq_time": "1041",
        "satellite": "N21",
        "brightness": null,
        "NAME_1": "Zaporizhia",
        "locality": "Rozivs'kyi"
      }
    },
    {
      "type": "Feature",
      "geometry": {
        "type": "Point",
        "coordinates": [
          36.98975,
          47.4855
        ]
      },
      "properties": {
        "frp": 3.79,
        "acq_date": "2026-09-28",
        "acq_time": "1041",
        "satellite": "N21",
        "brightness": null,
        "NAME_1": "Zaporizhia",
        "locality": "Rozivs'kyi"
      }
    },
    {
      "type": "Feature",
      "geometry": {
        "type": "Point",
        "coordinates": [
          37.57513,
          47.51072
        ]
      },
      "properties": {
        "frp": 5.96,
        "acq_date": "2026-09-28",
        "acq_time": "1041",
        "satellite": "N21",
        "brightness": null,
        "NAME_1": "Donets'k",
        "locality": "Volnovas'kyi"
      }
    },
    {
      "type": "Feature",
      "geometry": {
        "type": "Point",
        "coordinates": [
          37.5819,
          47.5114
        ]
      },
      "properties": {
        "frp": 9.04,
        "acq_date": "2026-09-28",
        "acq_time": "1041",
        "satellite": "N21",
        "brightness": null,
        "NAME_1": "Donets'k",
        "locality": "Volnovas'kyi"
      }
    },
    {
      "type": "Feature",
      "geometry": {
        "type": "Point",
        "coordinates": [
          37.42406,
          47.99456
        ]
      },
      "properties": {
        "frp": 7.54,
        "acq_date": "2026-09-28",
        "acq_time": "1041",
        "satellite": "N21",
        "brightness": null,
        "NAME_1": "Donets'k",
        "locality": "Mar\u2039ns'kyi"
      }
    },
    {
      "type": "Feature",
      "geometry": {
        "type": "Point",
        "coordinates": [
          36.43792,
          48.01468
        ]
      },
      "properties": {
        "frp": 3.71,
        "acq_date": "2026-09-28",
        "acq_time": "1041",
        "satellite": "N21",
        "brightness": null,
        "NAME_1": "Dnipropetrovs'k",
        "locality": "Pokrovs'kyi"
      }
    },
    {
      "type": "Feature",
      "geometry": {
        "type": "Point",
        "coordinates": [
          37.39335,
          48.03782
        ]
      },
      "properties": {
        "frp": 6.56,
        "acq_date": "2026-09-28",
        "acq_time": "1041",
        "satellite": "N21",
        "brightness": null,
        "NAME_1": "Donets'k",
        "locality": "Mar\u2039ns'kyi"
      }
    },
    {
      "type": "Feature",
      "geometry": {
        "type": "Point",
        "coordinates": [
          40.51078,
          48.07706
        ]
      },
      "properties": {
        "frp": 34.97,
        "acq_date": "2026-09-28",
        "acq_time": "1041",
        "satellite": "N21",
        "brightness": null,
        "NAME_1": "Rostov",
        "locality": "Krasnosulinskiy rayon"
      }
    },
    {
      "type": "Feature",
      "geometry": {
        "type": "Point",
        "coordinates": [
          37.44414,
          48.11967
        ]
      },
      "properties": {
        "frp": 16.02,
        "acq_date": "2026-09-28",
        "acq_time": "1041",
        "satellite": "N21",
        "brightness": null,
        "NAME_1": "Donets'k",
        "locality": "Mar\u2039ns'kyi"
      }
    },
    {
      "type": "Feature",
      "geometry": {
        "type": "Point",
        "coordinates": [
          30.5891,
          48.4735
        ]
      },
      "properties": {
        "frp": 3.29,
        "acq_date": "2026-09-28",
        "acq_time": "1041",
        "satellite": "N21",
        "brightness": null,
        "NAME_1": "Kirovohrad",
        "locality": "Holovanivs'kyi"
      }
    },
    {
      "type": "Feature",
      "geometry": {
        "type": "Point",
        "coordinates": [
          37.54489,
          48.63566
        ]
      },
      "properties": {
        "frp": 2.3,
        "acq_date": "2026-09-28",
        "acq_time": "1041",
        "satellite": "N21",
        "brightness": null,
        "NAME_1": "Donets'k",
        "locality": "Kramators'ka"
      }
    },
    {
      "type": "Feature",
      "geometry": {
        "type": "Point",
        "coordinates": [
          35.09326,
          49.06981
        ]
      },
      "properties": {
        "frp": 4.61,
        "acq_date": "2026-09-28",
        "acq_time": "1041",
        "satellite": "N21",
        "brightness": null,
        "NAME_1": "Dnipropetrovs'k",
        "locality": "Mahdalynivs'kyi"
      }
    },
    {
      "type": "Feature",
      "geometry": {
        "type": "Point",
        "coordinates": [
          26.79826,
          49.12402
        ]
      },
      "properties": {
        "frp": 8.15,
        "acq_date": "2026-09-28",
        "acq_time": "1041",
        "satellite": "N21",
        "brightness": null,
        "NAME_1": "Khmel'nyts'kyy",
        "locality": "Iarmolynets'kyi"
      }
    },
    {
      "type": "Feature",
      "geometry": {
        "type": "Point",
        "coordinates": [
          25.73609,
          49.67643
        ]
      },
      "properties": {
        "frp": 6.16,
        "acq_date": "2026-09-28",
        "acq_time": "1041",
        "satellite": "N21",
        "brightness": null,
        "NAME_1": "Ternopil'",
        "locality": "Zbaraz'kyi"
      }
    },
    {
      "type": "Feature",
      "geometry": {
        "type": "Point",
        "coordinates": [
          37.56268,
          50.29501
        ]
      },
      "properties": {
        "frp": 3.69,
        "acq_date": "2026-09-28",
        "acq_time": "1041",
        "satellite": "N21",
        "brightness": null,
        "NAME_1": "Kharkiv",
        "locality": "Velykoburluts'kyi"
      }
    },
    {
      "type": "Feature",
      "geometry": {
        "type": "Point",
        "coordinates": [
          30.5111,
          50.44508
        ]
      },
      "properties": {
        "frp": 6.17,
        "acq_date": "2026-09-28",
        "acq_time": "1041",
        "satellite": "N21",
        "brightness": null,
        "NAME_1": "Kiev City",
        "locality": "Shevchenkivs'kyi"
      }
    },
    {
      "type": "Feature",
      "geometry": {
        "type": "Point",
        "coordinates": [
          30.86235,
          50.55318
        ]
      },
      "properties": {
        "frp": 3.62,
        "acq_date": "2026-09-28",
        "acq_time": "1041",
        "satellite": "N21",
        "brightness": null,
        "NAME_1": "Kiev",
        "locality": "Brovars'kyi"
      }
    },
    {
      "type": "Feature",
      "geometry": {
        "type": "Point",
        "coordinates": [
          37.93178,
          51.14015
        ]
      },
      "properties": {
        "frp": 9.92,
        "acq_date": "2026-09-28",
        "acq_time": "1041",
        "satellite": "N21",
        "brightness": null,
        "NAME_1": "Belgorod",
        "locality": "Starooskol'skiy rayon"
      }
    },
    {
      "type": "Feature",
      "geometry": {
        "type": "Point",
        "coordinates": [
          24.87493,
          52.26375
        ]
      },
      "properties": {
        "frp": 3.13,
        "acq_date": "2026-09-28",
        "acq_time": "1041",
        "satellite": "N21",
        "brightness": null,
        "NAME_1": "Brest",
        "locality": "Drahichyn"
      }
    },
    {
      "type": "Feature",
      "geometry": {
        "type": "Point",
        "coordinates": [
          27.25807,
          50.65193
        ]
      },
      "properties": {
        "frp": 2.0,
        "acq_date": "2026-09-28",
        "acq_time": "1043",
        "satellite": "N21",
        "brightness": null,
        "NAME_1": "Zhytomyr",
        "locality": "Novohrad-Volyns'kyi"
      }
    },
    {
      "type": "Feature",
      "geometry": {
        "type": "Point",
        "coordinates": [
          25.33223,
          50.84497
        ]
      },
      "properties": {
        "frp": 5.02,
        "acq_date": "2026-09-28",
        "acq_time": "1043",
        "satellite": "N21",
        "brightness": null,
        "NAME_1": "Volyn",
        "locality": "Kivertsivs'kyi"
      }
    },
    {
      "type": "Feature",
      "geometry": {
        "type": "Point",
        "coordinates": [
          26.84793,
          50.99397
        ]
      },
      "properties": {
        "frp": 3.74,
        "acq_date": "2026-09-28",
        "acq_time": "1043",
        "satellite": "N21",
        "brightness": null,
        "NAME_1": "Rivne",
        "locality": "Bereznivs'kyi"
      }
    },
    {
      "type": "Feature",
      "geometry": {
        "type": "Point",
        "coordinates": [
          28.79659,
          51.05086
        ]
      },
      "properties": {
        "frp": 3.11,
        "acq_date": "2026-09-28",
        "acq_time": "1043",
        "satellite": "N21",
        "brightness": null,
        "NAME_1": "Zhytomyr",
        "locality": "Korostens'kyi"
      }
    },
    {
      "type": "Feature",
      "geometry": {
        "type": "Point",
        "coordinates": [
          38.29053,
          52.34449
        ]
      },
      "properties": {
        "frp": 4.93,
        "acq_date": "2026-09-28",
        "acq_time": "1043",
        "satellite": "N21",
        "brightness": null,
        "NAME_1": "Lipetsk",
        "locality": "Dolgorukovskiy rayon"
      }
    },
    {
      "type": "Feature",
      "geometry": {
        "type": "Point",
        "coordinates": [
          38.29662,
          52.34496
        ]
      },
      "properties": {
        "frp": 7.12,
        "acq_date": "2026-09-28",
        "acq_time": "1043",
        "satellite": "N21",
        "brightness": null,
        "NAME_1": "Lipetsk",
        "locality": "Dolgorukovskiy rayon"
      }
    },
    {
      "type": "Feature",
      "geometry": {
        "type": "Point",
        "coordinates": [
          29.99216,
          52.84852
        ]
      },
      "properties": {
        "frp": 3.8,
        "acq_date": "2026-09-28",
        "acq_time": "1043",
        "satellite": "N21",
        "brightness": null,
        "NAME_1": "Gomel",
        "locality": "\u017dlobin"
      }
    },
    {
      "type": "Feature",
      "geometry": {
        "type": "Point",
        "coordinates": [
          22.9928,
          44.15733
        ]
      },
      "properties": {
        "frp": 8.87,
        "acq_date": "2026-09-28",
        "acq_time": "1219",
        "satellite": "N21",
        "brightness": null,
        "NAME_1": "",
        "locality": ""
      }
    },
    {
      "type": "Feature",
      "geometry": {
        "type": "Point",
        "coordinates": [
          22.63433,
          44.38276
        ]
      },
      "properties": {
        "frp": 9.25,
        "acq_date": "2026-09-28",
        "acq_time": "1219",
        "satellite": "N21",
        "brightness": null,
        "NAME_1": "",
        "locality": ""
      }
    },
    {
      "type": "Feature",
      "geometry": {
        "type": "Point",
        "coordinates": [
          25.3084,
          44.40594
        ]
      },
      "properties": {
        "frp": 6.03,
        "acq_date": "2026-09-28",
        "acq_time": "1219",
        "satellite": "N21",
        "brightness": null,
        "NAME_1": "",
        "locality": ""
      }
    },
    {
      "type": "Feature",
      "geometry": {
        "type": "Point",
        "coordinates": [
          23.10805,
          44.68008
        ]
      },
      "properties": {
        "frp": 14.6,
        "acq_date": "2026-09-28",
        "acq_time": "1219",
        "satellite": "N21",
        "brightness": null,
        "NAME_1": "",
        "locality": ""
      }
    },
    {
      "type": "Feature",
      "geometry": {
        "type": "Point",
        "coordinates": [
          22.42504,
          44.88191
        ]
      },
      "properties": {
        "frp": 8.21,
        "acq_date": "2026-09-28",
        "acq_time": "1219",
        "satellite": "N21",
        "brightness": null,
        "NAME_1": "",
        "locality": ""
      }
    },
    {
      "type": "Feature",
      "geometry": {
        "type": "Point",
        "coordinates": [
          22.42855,
          44.88199
        ]
      },
      "properties": {
        "frp": 8.21,
        "acq_date": "2026-09-28",
        "acq_time": "1219",
        "satellite": "N21",
        "brightness": null,
        "NAME_1": "",
        "locality": ""
      }
    },
    {
      "type": "Feature",
      "geometry": {
        "type": "Point",
        "coordinates": [
          22.4323,
          44.88208
        ]
      },
      "properties": {
        "frp": 6.76,
        "acq_date": "2026-09-28",
        "acq_time": "1219",
        "satellite": "N21",
        "brightness": null,
        "NAME_1": "",
        "locality": ""
      }
    },
    {
      "type": "Feature",
      "geometry": {
        "type": "Point",
        "coordinates": [
          39.1355,
          46.64759
        ]
      },
      "properties": {
        "frp": 0.99,
        "acq_date": "2026-09-28",
        "acq_time": "2254",
        "satellite": "N21",
        "brightness": null,
        "NAME_1": "Krasnodar",
        "locality": "Starominskiy rayon"
      }
    },
    {
      "type": "Feature",
      "geometry": {
        "type": "Point",
        "coordinates": [
          37.25251,
          47.04413
        ]
      },
      "properties": {
        "frp": 3.85,
        "acq_date": "2026-09-28",
        "acq_time": "2254",
        "satellite": "N21",
        "brightness": null,
        "NAME_1": "Donets'k",
        "locality": "Pershotravnevyi"
      }
    },
    {
      "type": "Feature",
      "geometry": {
        "type": "Point",
        "coordinates": [
          37.24579,
          47.04461
        ]
      },
      "properties": {
        "frp": 3.62,
        "acq_date": "2026-09-28",
        "acq_time": "2254",
        "satellite": "N21",
        "brightness": null,
        "NAME_1": "Donets'k",
        "locality": "Pershotravnevyi"
      }
    },
    {
      "type": "Feature",
      "geometry": {
        "type": "Point",
        "coordinates": [
          37.2532,
          47.04866
        ]
      },
      "properties": {
        "frp": 4.8,
        "acq_date": "2026-09-28",
        "acq_time": "2254",
        "satellite": "N21",
        "brightness": null,
        "NAME_1": "Donets'k",
        "locality": "Pershotravnevyi"
      }
    },
    {
      "type": "Feature",
      "geometry": {
        "type": "Point",
        "coordinates": [
          37.97639,
          47.18151
        ]
      },
      "properties": {
        "frp": 0.75,
        "acq_date": "2026-09-28",
        "acq_time": "2254",
        "satellite": "N21",
        "brightness": null,
        "NAME_1": "Donets'k",
        "locality": "Novoazovs'kyi"
      }
    },
    {
      "type": "Feature",
      "geometry": {
        "type": "Point",
        "coordinates": [
          36.2026,
          47.20031
        ]
      },
      "properties": {
        "frp": 2.18,
        "acq_date": "2026-09-28",
        "acq_time": "2254",
        "satellite": "N21",
        "brightness": null,
        "NAME_1": "Zaporizhia",
        "locality": "Chernihivs'kyi"
      }
    },
    {
      "type": "Feature",
      "geometry": {
        "type": "Point",
        "coordinates": [
          34.6671,
          47.30299
        ]
      },
      "properties": {
        "frp": 1.2,
        "acq_date": "2026-09-28",
        "acq_time": "2254",
        "satellite": "N21",
        "brightness": null,
        "NAME_1": "Zaporizhia",
        "locality": "Kamians'ko-Dniprovs'kyi"
      }
    },
    {
      "type": "Feature",
      "geometry": {
        "type": "Point",
        "coordinates": [
          40.13297,
          47.38629
        ]
      },
      "properties": {
        "frp": 2.62,
        "acq_date": "2026-09-28",
        "acq_time": "2254",
        "satellite": "N21",
        "brightness": null,
        "NAME_1": "Rostov",
        "locality": "Novocherkassk"
      }
    },
    {
      "type": "Feature",
      "geometry": {
        "type": "Point",
        "coordinates": [
          29.01713,
          47.78618
        ]
      },
      "properties": {
        "frp": 1.44,
        "acq_date": "2026-09-28",
        "acq_time": "2254",
        "satellite": "N21",
        "brightness": null,
        "NAME_1": "",
        "locality": ""
      }
    },
    {
      "type": "Feature",
      "geometry": {
        "type": "Point",
        "coordinates": [
          35.15461,
          47.87637
        ]
      },
      "properties": {
        "frp": 0.45,
        "acq_date": "2026-09-28",
        "acq_time": "2254",
        "satellite": "N21",
        "brightness": null,
        "NAME_1": "Zaporizhia",
        "locality": "Zaporiz'ka"
      }
    },
    {
      "type": "Feature",
      "geometry": {
        "type": "Point",
        "coordinates": [
          37.95225,
          48.05733
        ]
      },
      "properties": {
        "frp": 0.73,
        "acq_date": "2026-09-28",
        "acq_time": "2254",
        "satellite": "N21",
        "brightness": null,
        "NAME_1": "Donets'k",
        "locality": "Maki\u2039vs'ka"
      }
    },
    {
      "type": "Feature",
      "geometry": {
        "type": "Point",
        "coordinates": [
          37.36308,
          48.08529
        ]
      },
      "properties": {
        "frp": 1.98,
        "acq_date": "2026-09-28",
        "acq_time": "2254",
        "satellite": "N21",
        "brightness": null,
        "NAME_1": "Donets'k",
        "locality": "Mar\u2039ns'kyi"
      }
    },
    {
      "type": "Feature",
      "geometry": {
        "type": "Point",
        "coordinates": [
          38.83512,
          48.12497
        ]
      },
      "properties": {
        "frp": 0.8,
        "acq_date": "2026-09-28",
        "acq_time": "2254",
        "satellite": "N21",
        "brightness": null,
        "NAME_1": "Luhans'k",
        "locality": "Briankivs'ka"
      }
    },
    {
      "type": "Feature",
      "geometry": {
        "type": "Point",
        "coordinates": [
          38.51021,
          48.15655
        ]
      },
      "properties": {
        "frp": 0.79,
        "acq_date": "2026-09-28",
        "acq_time": "2254",
        "satellite": "N21",
        "brightness": null,
        "NAME_1": "Donets'k",
        "locality": "Shakhtars'kyi"
      }
    },
    {
      "type": "Feature",
      "geometry": {
        "type": "Point",
        "coordinates": [
          38.51312,
          48.15808
        ]
      },
      "properties": {
        "frp": 0.91,
        "acq_date": "2026-09-28",
        "acq_time": "2254",
        "satellite": "N21",
        "brightness": null,
        "NAME_1": "Donets'k",
        "locality": "Shakhtars'kyi"
      }
    },
    {
      "type": "Feature",
      "geometry": {
        "type": "Point",
        "coordinates": [
          38.50693,
          48.15854
        ]
      },
      "properties": {
        "frp": 2.03,
        "acq_date": "2026-09-28",
        "acq_time": "2254",
        "satellite": "N21",
        "brightness": null,
        "NAME_1": "Donets'k",
        "locality": "Shakhtars'kyi"
      }
    },
    {
      "type": "Feature",
      "geometry": {
        "type": "Point",
        "coordinates": [
          40.25333,
          48.31797
        ]
      },
      "properties": {
        "frp": 0.53,
        "acq_date": "2026-09-28",
        "acq_time": "2254",
        "satellite": "N21",
        "brightness": null,
        "NAME_1": "Rostov",
        "locality": "Kamensk-Shakhtinskiy"
      }
    },
    {
      "type": "Feature",
      "geometry": {
        "type": "Point",
        "coordinates": [
          34.62984,
          48.47369
        ]
      },
      "properties": {
        "frp": 1.17,
        "acq_date": "2026-09-28",
        "acq_time": "2254",
        "satellite": "N21",
        "brightness": null,
        "NAME_1": "Dnipropetrovs'k",
        "locality": "Dniprodzerzhyns'ka"
      }
    },
    {
      "type": "Feature",
      "geometry": {
        "type": "Point",
        "coordinates": [
          39.58699,
          48.60305
        ]
      },
      "properties": {
        "frp": 0.87,
        "acq_date": "2026-09-28",
        "acq_time": "2254",
        "satellite": "N21",
        "brightness": null,
        "NAME_1": "Luhans'k",
        "locality": "Stanychno-Luhans'kyi"
      }
    },
    {
      "type": "Feature",
      "geometry": {
        "type": "Point",
        "coordinates": [
          39.5878,
          48.60717
        ]
      },
      "properties": {
        "frp": 0.87,
        "acq_date": "2026-09-28",
        "acq_time": "2254",
        "satellite": "N21",
        "brightness": null,
        "NAME_1": "Luhans'k",
        "locality": "Stanychno-Luhans'kyi"
      }
    },
    {
      "type": "Feature",
      "geometry": {
        "type": "Point",
        "coordinates": [
          37.81278,
          48.99278
        ]
      },
      "properties": {
        "frp": 0.93,
        "acq_date": "2026-09-28",
        "acq_time": "2254",
        "satellite": "N21",
        "brightness": null,
        "NAME_1": "Donets'k",
        "locality": "Krasnolymans'kyi"
      }
    },
    {
      "type": "Feature",
      "geometry": {
        "type": "Point",
        "coordinates": [
          37.81348,
          48.99728
        ]
      },
      "properties": {
        "frp": 0.93,
        "acq_date": "2026-09-28",
        "acq_time": "2254",
        "satellite": "N21",
        "brightness": null,
        "NAME_1": "Donets'k",
        "locality": "Krasnolymans'kyi"
      }
    },
    {
      "type": "Feature",
      "geometry": {
        "type": "Point",
        "coordinates": [
          35.03942,
          49.28752
        ]
      },
      "properties": {
        "frp": 0.42,
        "acq_date": "2026-09-28",
        "acq_time": "2254",
        "satellite": "N21",
        "brightness": null,
        "NAME_1": "Kharkiv",
        "locality": "Zachepylivs'kyi"
      }
    },
    {
      "type": "Feature",
      "geometry": {
        "type": "Point",
        "coordinates": [
          37.71901,
          49.65912
        ]
      },
      "properties": {
        "frp": 0.52,
        "acq_date": "2026-09-28",
        "acq_time": "2254",
        "satellite": "N21",
        "brightness": null,
        "NAME_1": "Kharkiv",
        "locality": "Kupians'kyi"
      }
    },
    {
      "type": "Feature",
      "geometry": {
        "type": "Point",
        "coordinates": [
          37.93026,
          51.14049
        ]
      },
      "properties": {
        "frp": 2.81,
        "acq_date": "2026-09-28",
        "acq_time": "2254",
        "satellite": "N21",
        "brightness": null,
        "NAME_1": "Belgorod",
        "locality": "Starooskol'skiy rayon"
      }
    },
    {
      "type": "Feature",
      "geometry": {
        "type": "Point",
        "coordinates": [
          37.93983,
          51.15375
        ]
      },
      "properties": {
        "frp": 2.24,
        "acq_date": "2026-09-28",
        "acq_time": "2254",
        "satellite": "N21",
        "brightness": null,
        "NAME_1": "Belgorod",
        "locality": "Starooskol'skiy rayon"
      }
    },
    {
      "type": "Feature",
      "geometry": {
        "type": "Point",
        "coordinates": [
          37.76688,
          51.25671
        ]
      },
      "properties": {
        "frp": 2.38,
        "acq_date": "2026-09-28",
        "acq_time": "2254",
        "satellite": "N21",
        "brightness": null,
        "NAME_1": "Belgorod",
        "locality": "Starooskol'skiy rayon"
      }
    },
    {
      "type": "Feature",
      "geometry": {
        "type": "Point",
        "coordinates": [
          37.75931,
          51.25717
        ]
      },
      "properties": {
        "frp": 2.53,
        "acq_date": "2026-09-28",
        "acq_time": "2254",
        "satellite": "N21",
        "brightness": null,
        "NAME_1": "Belgorod",
        "locality": "Starooskol'skiy rayon"
      }
    },
    {
      "type": "Feature",
      "geometry": {
        "type": "Point",
        "coordinates": [
          34.38356,
          51.50344
        ]
      },
      "properties": {
        "frp": 0.46,
        "acq_date": "2026-09-28",
        "acq_time": "2254",
        "satellite": "N21",
        "brightness": null,
        "NAME_1": "Kursk",
        "locality": "Glushkovskiy rayon"
      }
    },
    {
      "type": "Feature",
      "geometry": {
        "type": "Point",
        "coordinates": [
          29.33432,
          51.88598
        ]
      },
      "properties": {
        "frp": 1.92,
        "acq_date": "2026-09-28",
        "acq_time": "2254",
        "satellite": "N21",
        "brightness": null,
        "NAME_1": "Gomel",
        "locality": "Mazyr"
      }
    },
    {
      "type": "Feature",
      "geometry": {
        "type": "Point",
        "coordinates": [
          29.33675,
          51.88839
        ]
      },
      "properties": {
        "frp": 2.18,
        "acq_date": "2026-09-28",
        "acq_time": "2254",
        "satellite": "N21",
        "brightness": null,
        "NAME_1": "Gomel",
        "locality": "Mazyr"
      }
    },
    {
      "type": "Feature",
      "geometry": {
        "type": "Point",
        "coordinates": [
          29.33419,
          51.8926
        ]
      },
      "properties": {
        "frp": 1.92,
        "acq_date": "2026-09-28",
        "acq_time": "2254",
        "satellite": "N21",
        "brightness": null,
        "NAME_1": "Gomel",
        "locality": "Mazyr"
      }
    },
    {
      "type": "Feature",
      "geometry": {
        "type": "Point",
        "coordinates": [
          29.33654,
          51.895
        ]
      },
      "properties": {
        "frp": 2.18,
        "acq_date": "2026-09-28",
        "acq_time": "2254",
        "satellite": "N21",
        "brightness": null,
        "NAME_1": "Gomel",
        "locality": "Mazyr"
      }
    },
    {
      "type": "Feature",
      "geometry": {
        "type": "Point",
        "coordinates": [
          34.52996,
          52.26542
        ]
      },
      "properties": {
        "frp": 1.01,
        "acq_date": "2026-09-28",
        "acq_time": "2254",
        "satellite": "N21",
        "brightness": null,
        "NAME_1": "Bryansk",
        "locality": "Sevskiy rayon"
      }
    },
    {
      "type": "Feature",
      "geometry": {
        "type": "Point",
        "coordinates": [
          34.53273,
          52.26794
        ]
      },
      "properties": {
        "frp": 1.47,
        "acq_date": "2026-09-28",
        "acq_time": "2254",
        "satellite": "N21",
        "brightness": null,
        "NAME_1": "Bryansk",
        "locality": "Sevskiy rayon"
      }
    },
    {
      "type": "Feature",
      "geometry": {
        "type": "Point",
        "coordinates": [
          39.61385,
          52.55534
        ]
      },
      "properties": {
        "frp": 2.85,
        "acq_date": "2026-09-28",
        "acq_time": "2254",
        "satellite": "N21",
        "brightness": null,
        "NAME_1": "Lipetsk",
        "locality": "Lipetsk"
      }
    },
    {
      "type": "Feature",
      "geometry": {
        "type": "Point",
        "coordinates": [
          29.9896,
          52.84559
        ]
      },
      "properties": {
        "frp": 1.69,
        "acq_date": "2026-09-28",
        "acq_time": "2254",
        "satellite": "N21",
        "brightness": null,
        "NAME_1": "Gomel",
        "locality": "\u017dlobin"
      }
    },
    {
      "type": "Feature",
      "geometry": {
        "type": "Point",
        "coordinates": [
          31.67379,
          45.25824
        ]
      },
      "properties": {
        "frp": 6.83,
        "acq_date": "2026-09-28",
        "acq_time": "2257",
        "satellite": "N21",
        "brightness": null,
        "NAME_1": "",
        "locality": ""
      }
    },
    {
      "type": "Feature",
      "geometry": {
        "type": "Point",
        "coordinates": [
          31.66792,
          45.25839
        ]
      },
      "properties": {
        "frp": 6.83,
        "acq_date": "2026-09-28",
        "acq_time": "2257",
        "satellite": "N21",
        "brightness": null,
        "NAME_1": "",
        "locality": ""
      }
    },
    {
      "type": "Feature",
      "geometry": {
        "type": "Point",
        "coordinates": [
          30.9035,
          45.3542
        ]
      },
      "properties": {
        "frp": 2.92,
        "acq_date": "2026-09-28",
        "acq_time": "2257",
        "satellite": "N21",
        "brightness": null,
        "NAME_1": "",
        "locality": ""
      }
    },
    {
      "type": "Feature",
      "geometry": {
        "type": "Point",
        "coordinates": [
          30.26093,
          46.14881
        ]
      },
      "properties": {
        "frp": 3.81,
        "acq_date": "2026-09-28",
        "acq_time": "2257",
        "satellite": "N21",
        "brightness": null,
        "NAME_1": "Odessa",
        "locality": "Bilhorod-Dnistrovs'kyi"
      }
    },
    {
      "type": "Feature",
      "geometry": {
        "type": "Point",
        "coordinates": [
          30.54583,
          46.32847
        ]
      },
      "properties": {
        "frp": 1.23,
        "acq_date": "2026-09-28",
        "acq_time": "2257",
        "satellite": "N21",
        "brightness": null,
        "NAME_1": "Odessa",
        "locality": "Ovidiopol's'kyi"
      }
    },
    {
      "type": "Feature",
      "geometry": {
        "type": "Point",
        "coordinates": [
          22.99029,
          44.15548
        ]
      },
      "properties": {
        "frp": 0.66,
        "acq_date": "2026-09-29",
        "acq_time": "35",
        "satellite": "N21",
        "brightness": null,
        "NAME_1": "",
        "locality": ""
      }
    },
    {
      "type": "Feature",
      "geometry": {
        "type": "Point",
        "coordinates": [
          22.72544,
          44.44458
        ]
      },
      "properties": {
        "frp": 0.63,
        "acq_date": "2026-09-29",
        "acq_time": "35",
        "satellite": "N21",
        "brightness": null,
        "NAME_1": "",
        "locality": ""
      }
    },
    {
      "type": "Feature",
      "geometry": {
        "type": "Point",
        "coordinates": [
          22.72656,
          44.44789
        ]
      },
      "properties": {
        "frp": 0.63,
        "acq_date": "2026-09-29",
        "acq_time": "35",
        "satellite": "N21",
        "brightness": null,
        "NAME_1": "",
        "locality": ""
      }
    },
    {
      "type": "Feature",
      "geometry": {
        "type": "Point",
        "coordinates": [
          22.36915,
          44.74791
        ]
      },
      "properties": {
        "frp": 0.48,
        "acq_date": "2026-09-29",
        "acq_time": "35",
        "satellite": "N21",
        "brightness": null,
        "NAME_1": "",
        "locality": ""
      }
    },
    {
      "type": "Feature",
      "geometry": {
        "type": "Point",
        "coordinates": [
          22.36416,
          44.74876
        ]
      },
      "properties": {
        "frp": 0.48,
        "acq_date": "2026-09-29",
        "acq_time": "35",
        "satellite": "N21",
        "brightness": null,
        "NAME_1": "",
        "locality": ""
      }
    },
    {
      "type": "Feature",
      "geometry": {
        "type": "Point",
        "coordinates": [
          22.37525,
          44.75034
        ]
      },
      "properties": {
        "frp": 0.66,
        "acq_date": "2026-09-29",
        "acq_time": "35",
        "satellite": "N21",
        "brightness": null,
        "NAME_1": "",
        "locality": ""
      }
    },
    {
      "type": "Feature",
      "geometry": {
        "type": "Point",
        "coordinates": [
          22.3703,
          44.75119
        ]
      },
      "properties": {
        "frp": 0.48,
        "acq_date": "2026-09-29",
        "acq_time": "35",
        "satellite": "N21",
        "brightness": null,
        "NAME_1": "",
        "locality": ""
      }
    },
    {
      "type": "Feature",
      "geometry": {
        "type": "Point",
        "coordinates": [
          22.34451,
          44.78333
        ]
      },
      "properties": {
        "frp": 0.74,
        "acq_date": "2026-09-29",
        "acq_time": "35",
        "satellite": "N21",
        "brightness": null,
        "NAME_1": "",
        "locality": ""
      }
    },
    {
      "type": "Feature",
      "geometry": {
        "type": "Point",
        "coordinates": [
          22.44864,
          44.87234
        ]
      },
      "properties": {
        "frp": 0.44,
        "acq_date": "2026-09-29",
        "acq_time": "35",
        "satellite": "N21",
        "brightness": null,
        "NAME_1": "",
        "locality": ""
      }
    },
    {
      "type": "Feature",
      "geometry": {
        "type": "Point",
        "coordinates": [
          22.43055,
          44.87891
        ]
      },
      "properties": {
        "frp": 3.6,
        "acq_date": "2026-09-29",
        "acq_time": "35",
        "satellite": "N21",
        "brightness": null,
        "NAME_1": "",
        "locality": ""
      }
    },
    {
      "type": "Feature",
      "geometry": {
        "type": "Point",
        "coordinates": [
          22.42603,
          44.8797
        ]
      },
      "properties": {
        "frp": 3.6,
        "acq_date": "2026-09-29",
        "acq_time": "35",
        "satellite": "N21",
        "brightness": null,
        "NAME_1": "",
        "locality": ""
      }
    },
    {
      "type": "Feature",
      "geometry": {
        "type": "Point",
        "coordinates": [
          22.43642,
          44.88137
        ]
      },
      "properties": {
        "frp": 0.7,
        "acq_date": "2026-09-29",
        "acq_time": "35",
        "satellite": "N21",
        "brightness": null,
        "NAME_1": "",
        "locality": ""
      }
    },
    {
      "type": "Feature",
      "geometry": {
        "type": "Point",
        "coordinates": [
          22.42723,
          44.88297
        ]
      },
      "properties": {
        "frp": 1.37,
        "acq_date": "2026-09-29",
        "acq_time": "35",
        "satellite": "N21",
        "brightness": null,
        "NAME_1": "",
        "locality": ""
      }
    },
    {
      "type": "Feature",
      "geometry": {
        "type": "Point",
        "coordinates": [
          22.47307,
          44.89939
        ]
      },
      "properties": {
        "frp": 0.45,
        "acq_date": "2026-09-29",
        "acq_time": "35",
        "satellite": "N21",
        "brightness": null,
        "NAME_1": "",
        "locality": ""
      }
    },
    {
      "type": "Feature",
      "geometry": {
        "type": "Point",
        "coordinates": [
          22.47558,
          44.90153
        ]
      },
      "properties": {
        "frp": 2.22,
        "acq_date": "2026-09-29",
        "acq_time": "35",
        "satellite": "N21",
        "brightness": null,
        "NAME_1": "",
        "locality": ""
      }
    },
    {
      "type": "Feature",
      "geometry": {
        "type": "Point",
        "coordinates": [
          22.43415,
          44.91211
        ]
      },
      "properties": {
        "frp": 1.08,
        "acq_date": "2026-09-29",
        "acq_time": "35",
        "satellite": "N21",
        "brightness": null,
        "NAME_1": "",
        "locality": ""
      }
    },
    {
      "type": "Feature",
      "geometry": {
        "type": "Point",
        "coordinates": [
          31.67653,
          45.25738
        ]
      },
      "properties": {
        "frp": 7.44,
        "acq_date": "2026-09-29",
        "acq_time": "35",
        "satellite": "N21",
        "brightness": null,
        "NAME_1": "",
        "locality": ""
      }
    },
    {
      "type": "Feature",
      "geometry": {
        "type": "Point",
        "coordinates": [
          31.6698,
          45.25909
        ]
      },
      "properties": {
        "frp": 7.44,
        "acq_date": "2026-09-29",
        "acq_time": "35",
        "satellite": "N21",
        "brightness": null,
        "NAME_1": "",
        "locality": ""
      }
    },
    {
      "type": "Feature",
      "geometry": {
        "type": "Point",
        "coordinates": [
          22.25547,
          45.29746
        ]
      },
      "properties": {
        "frp": 1.66,
        "acq_date": "2026-09-29",
        "acq_time": "35",
        "satellite": "N21",
        "brightness": null,
        "NAME_1": "",
        "locality": ""
      }
    },
    {
      "type": "Feature",
      "geometry": {
        "type": "Point",
        "coordinates": [
          22.25054,
          45.29829
        ]
      },
      "properties": {
        "frp": 1.43,
        "acq_date": "2026-09-29",
        "acq_time": "35",
        "satellite": "N21",
        "brightness": null,
        "NAME_1": "",
        "locality": ""
      }
    },
    {
      "type": "Feature",
      "geometry": {
        "type": "Point",
        "coordinates": [
          30.90248,
          45.35365
        ]
      },
      "properties": {
        "frp": 2.79,
        "acq_date": "2026-09-29",
        "acq_time": "35",
        "satellite": "N21",
        "brightness": null,
        "NAME_1": "",
        "locality": ""
      }
    },
    {
      "type": "Feature",
      "geometry": {
        "type": "Point",
        "coordinates": [
          30.92608,
          45.37383
        ]
      },
      "properties": {
        "frp": 2.14,
        "acq_date": "2026-09-29",
        "acq_time": "35",
        "satellite": "N21",
        "brightness": null,
        "NAME_1": "",
        "locality": ""
      }
    },
    {
      "type": "Feature",
      "geometry": {
        "type": "Point",
        "coordinates": [
          25.28401,
          45.95101
        ]
      },
      "properties": {
        "frp": 0.73,
        "acq_date": "2026-09-29",
        "acq_time": "35",
        "satellite": "N21",
        "brightness": null,
        "NAME_1": "",
        "locality": ""
      }
    },
    {
      "type": "Feature",
      "geometry": {
        "type": "Point",
        "coordinates": [
          22.86699,
          45.95474
        ]
      },
      "properties": {
        "frp": 0.91,
        "acq_date": "2026-09-29",
        "acq_time": "35",
        "satellite": "N21",
        "brightness": null,
        "NAME_1": "",
        "locality": ""
      }
    },
    {
      "type": "Feature",
      "geometry": {
        "type": "Point",
        "coordinates": [
          39.77971,
          46.12918
        ]
      },
      "properties": {
        "frp": 1.95,
        "acq_date": "2026-09-29",
        "acq_time": "35",
        "satellite": "N21",
        "brightness": null,
        "NAME_1": "Krasnodar",
        "locality": "Pavlovskiy rayon"
      }
    },
    {
      "type": "Feature",
      "geometry": {
        "type": "Point",
        "coordinates": [
          22.33171,
          47.03653
        ]
      },
      "properties": {
        "frp": 1.01,
        "acq_date": "2026-09-29",
        "acq_time": "35",
        "satellite": "N21",
        "brightness": null,
        "NAME_1": "",
        "locality": ""
      }
    },
    {
      "type": "Feature",
      "geometry": {
        "type": "Point",
        "coordinates": [
          37.25573,
          47.04517
        ]
      },
      "properties": {
        "frp": 1.37,
        "acq_date": "2026-09-29",
        "acq_time": "35",
        "satellite": "N21",
        "brightness": null,
        "NAME_1": "Donets'k",
        "locality": "Pershotravnevyi"
      }
    },
    {
      "type": "Feature",
      "geometry": {
        "type": "Point",
        "coordinates": [
          37.25049,
          47.04678
        ]
      },
      "properties": {
        "frp": 1.8,
        "acq_date": "2026-09-29",
        "acq_time": "35",
        "satellite": "N21",
        "brightness": null,
        "NAME_1": "Donets'k",
        "locality": "Pershotravnevyi"
      }
    },
    {
      "type": "Feature",
      "geometry": {
        "type": "Point",
        "coordinates": [
          37.25636,
          47.04799
        ]
      },
      "properties": {
        "frp": 0.97,
        "acq_date": "2026-09-29",
        "acq_time": "35",
        "satellite": "N21",
        "brightness": null,
        "NAME_1": "Donets'k",
        "locality": "Pershotravnevyi"
      }
    },
    {
      "type": "Feature",
      "geometry": {
        "type": "Point",
        "coordinates": [
          37.25112,
          47.04963
        ]
      },
      "properties": {
        "frp": 0.97,
        "acq_date": "2026-09-29",
        "acq_time": "35",
        "satellite": "N21",
        "brightness": null,
        "NAME_1": "Donets'k",
        "locality": "Pershotravnevyi"
      }
    },
    {
      "type": "Feature",
      "geometry": {
        "type": "Point",
        "coordinates": [
          35.70326,
          47.22813
        ]
      },
      "properties": {
        "frp": 0.73,
        "acq_date": "2026-09-29",
        "acq_time": "35",
        "satellite": "N21",
        "brightness": null,
        "NAME_1": "Zaporizhia",
        "locality": "Tokmats'ka"
      }
    },
    {
      "type": "Feature",
      "geometry": {
        "type": "Point",
        "coordinates": [
          38.17547,
          47.37639
        ]
      },
      "properties": {
        "frp": 0.68,
        "acq_date": "2026-09-29",
        "acq_time": "35",
        "satellite": "N21",
        "brightness": null,
        "NAME_1": "Donets'k",
        "locality": "Tel'manivs'kyi"
      }
    },
    {
      "type": "Feature",
      "geometry": {
        "type": "Point",
        "coordinates": [
          37.95436,
          48.05926
        ]
      },
      "properties": {
        "frp": 0.71,
        "acq_date": "2026-09-29",
        "acq_time": "35",
        "satellite": "N21",
        "brightness": null,
        "NAME_1": "Donets'k",
        "locality": "Maki\u2039vs'ka"
      }
    },
    {
      "type": "Feature",
      "geometry": {
        "type": "Point",
        "coordinates": [
          38.51252,
          48.15721
        ]
      },
      "properties": {
        "frp": 4.5,
        "acq_date": "2026-09-29",
        "acq_time": "35",
        "satellite": "N21",
        "brightness": null,
        "NAME_1": "Donets'k",
        "locality": "Shakhtars'kyi"
      }
    },
    {
      "type": "Feature",
      "geometry": {
        "type": "Point",
        "coordinates": [
          37.6113,
          48.24594
        ]
      },
      "properties": {
        "frp": 2.92,
        "acq_date": "2026-09-29",
        "acq_time": "35",
        "satellite": "N21",
        "brightness": null,
        "NAME_1": "Donets'k",
        "locality": "Iasynuvats'kyi"
      }
    },
    {
      "type": "Feature",
      "geometry": {
        "type": "Point",
        "coordinates": [
          37.25705,
          48.35493
        ]
      },
      "properties": {
        "frp": 0.95,
        "acq_date": "2026-09-29",
        "acq_time": "35",
        "satellite": "N21",
        "brightness": null,
        "NAME_1": "Donets'k",
        "locality": "Krasnoarmiis'kyi"
      }
    },
    {
      "type": "Feature",
      "geometry": {
        "type": "Point",
        "coordinates": [
          38.75418,
          48.45998
        ]
      },
      "properties": {
        "frp": 0.92,
        "acq_date": "2026-09-29",
        "acq_time": "35",
        "satellite": "N21",
        "brightness": null,
        "NAME_1": "Luhans'k",
        "locality": "Alchevs'ka"
      }
    },
    {
      "type": "Feature",
      "geometry": {
        "type": "Point",
        "coordinates": [
          38.75412,
          48.46096
        ]
      },
      "properties": {
        "frp": 1.28,
        "acq_date": "2026-09-29",
        "acq_time": "35",
        "satellite": "N21",
        "brightness": null,
        "NAME_1": "Luhans'k",
        "locality": "Alchevs'ka"
      }
    },
    {
      "type": "Feature",
      "geometry": {
        "type": "Point",
        "coordinates": [
          38.75821,
          48.46518
        ]
      },
      "properties": {
        "frp": 1.47,
        "acq_date": "2026-09-29",
        "acq_time": "35",
        "satellite": "N21",
        "brightness": null,
        "NAME_1": "Luhans'k",
        "locality": "Alchevs'ka"
      }
    },
    {
      "type": "Feature",
      "geometry": {
        "type": "Point",
        "coordinates": [
          38.75813,
          48.46618
        ]
      },
      "properties": {
        "frp": 1.08,
        "acq_date": "2026-09-29",
        "acq_time": "35",
        "satellite": "N21",
        "brightness": null,
        "NAME_1": "Luhans'k",
        "locality": "Alchevs'ka"
      }
    },
    {
      "type": "Feature",
      "geometry": {
        "type": "Point",
        "coordinates": [
          37.55206,
          48.59801
        ]
      },
      "properties": {
        "frp": 1.02,
        "acq_date": "2026-09-29",
        "acq_time": "35",
        "satellite": "N21",
        "brightness": null,
        "NAME_1": "Donets'k",
        "locality": "Kostiantynivs'kyi"
      }
    },
    {
      "type": "Feature",
      "geometry": {
        "type": "Point",
        "coordinates": [
          39.58577,
          48.60545
        ]
      },
      "properties": {
        "frp": 4.65,
        "acq_date": "2026-09-29",
        "acq_time": "35",
        "satellite": "N21",
        "brightness": null,
        "NAME_1": "Luhans'k",
        "locality": "Stanychno-Luhans'kyi"
      }
    },
    {
      "type": "Feature",
      "geometry": {
        "type": "Point",
        "coordinates": [
          37.53241,
          48.60918
        ]
      },
      "properties": {
        "frp": 0.91,
        "acq_date": "2026-09-29",
        "acq_time": "35",
        "satellite": "N21",
        "brightness": null,
        "NAME_1": "Donets'k",
        "locality": "Kramators'ka"
      }
    },
    {
      "type": "Feature",
      "geometry": {
        "type": "Point",
        "coordinates": [
          37.56174,
          48.61953
        ]
      },
      "properties": {
        "frp": 0.88,
        "acq_date": "2026-09-29",
        "acq_time": "35",
        "satellite": "N21",
        "brightness": null,
        "NAME_1": "Donets'k",
        "locality": "Kostiantynivs'kyi"
      }
    },
    {
      "type": "Feature",
      "geometry": {
        "type": "Point",
        "coordinates": [
          37.71702,
          48.96106
        ]
      },
      "properties": {
        "frp": 0.79,
        "acq_date": "2026-09-29",
        "acq_time": "35",
        "satellite": "N21",
        "brightness": null,
        "NAME_1": "Donets'k",
        "locality": "Slovians'kyi"
      }
    },
    {
      "type": "Feature",
      "geometry": {
        "type": "Point",
        "coordinates": [
          37.81373,
          48.98653
        ]
      },
      "properties": {
        "frp": 1.07,
        "acq_date": "2026-09-29",
        "acq_time": "35",
        "satellite": "N21",
        "brightness": null,
        "NAME_1": "Donets'k",
        "locality": "Krasnolymans'kyi"
      }
    },
    {
      "type": "Feature",
      "geometry": {
        "type": "Point",
        "coordinates": [
          37.814,
          48.98762
        ]
      },
      "properties": {
        "frp": 1.22,
        "acq_date": "2026-09-29",
        "acq_time": "35",
        "satellite": "N21",
        "brightness": null,
        "NAME_1": "Donets'k",
        "locality": "Krasnolymans'kyi"
      }
    },
    {
      "type": "Feature",
      "geometry": {
        "type": "Point",
        "coordinates": [
          37.81268,
          48.99416
        ]
      },
      "properties": {
        "frp": 1.28,
        "acq_date": "2026-09-29",
        "acq_time": "35",
        "satellite": "N21",
        "brightness": null,
        "NAME_1": "Donets'k",
        "locality": "Krasnolymans'kyi"
      }
    },
    {
      "type": "Feature",
      "geometry": {
        "type": "Point",
        "coordinates": [
          37.78656,
          49.00835
        ]
      },
      "properties": {
        "frp": 1.26,
        "acq_date": "2026-09-29",
        "acq_time": "35",
        "satellite": "N21",
        "brightness": null,
        "NAME_1": "Donets'k",
        "locality": "Krasnolymans'kyi"
      }
    },
    {
      "type": "Feature",
      "geometry": {
        "type": "Point",
        "coordinates": [
          25.89767,
          49.98094
        ]
      },
      "properties": {
        "frp": 1.72,
        "acq_date": "2026-09-29",
        "acq_time": "35",
        "satellite": "N21",
        "brightness": null,
        "NAME_1": "Ternopil'",
        "locality": "Shums'kyi"
      }
    },
    {
      "type": "Feature",
      "geometry": {
        "type": "Point",
        "coordinates": [
          26.26124,
          50.54306
        ]
      },
      "properties": {
        "frp": 2.23,
        "acq_date": "2026-09-29",
        "acq_time": "35",
        "satellite": "N21",
        "brightness": null,
        "NAME_1": "Rivne",
        "locality": "Zdolbunivs'kyi"
      }
    },
    {
      "type": "Feature",
      "geometry": {
        "type": "Point",
        "coordinates": [
          26.25979,
          50.54319
        ]
      },
      "properties": {
        "frp": 2.38,
        "acq_date": "2026-09-29",
        "acq_time": "35",
        "satellite": "N21",
        "brightness": null,
        "NAME_1": "Rivne",
        "locality": "Zdolbunivs'kyi"
      }
    },
    {
      "type": "Feature",
      "geometry": {
        "type": "Point",
        "coordinates": [
          23.55406,
          51.13742
        ]
      },
      "properties": {
        "frp": 1.33,
        "acq_date": "2026-09-29",
        "acq_time": "35",
        "satellite": "N21",
        "brightness": null,
        "NAME_1": "",
        "locality": ""
      }
    },
    {
      "type": "Feature",
      "geometry": {
        "type": "Point",
        "coordinates": [
          37.92795,
          51.13948
        ]
      },
      "properties": {
        "frp": 4.14,
        "acq_date": "2026-09-29",
        "acq_time": "35",
        "satellite": "N21",
        "brightness": null,
        "NAME_1": "Belgorod",
        "locality": "Starooskol'skiy rayon"
      }
    },
    {
      "type": "Feature",
      "geometry": {
        "type": "Point",
        "coordinates": [
          29.34033,
          51.88894
        ]
      },
      "properties": {
        "frp": 1.27,
        "acq_date": "2026-09-29",
        "acq_time": "35",
        "satellite": "N21",
        "brightness": null,
        "NAME_1": "Gomel",
        "locality": "Mazyr"
      }
    },
    {
      "type": "Feature",
      "geometry": {
        "type": "Point",
        "coordinates": [
          29.34221,
          51.89242
        ]
      },
      "properties": {
        "frp": 1.27,
        "acq_date": "2026-09-29",
        "acq_time": "35",
        "satellite": "N21",
        "brightness": null,
        "NAME_1": "Gomel",
        "locality": "Mazyr"
      }
    },
    {
      "type": "Feature",
      "geometry": {
        "type": "Point",
        "coordinates": [
          34.53196,
          52.26683
        ]
      },
      "properties": {
        "frp": 1.38,
        "acq_date": "2026-09-29",
        "acq_time": "35",
        "satellite": "N21",
        "brightness": null,
        "NAME_1": "Bryansk",
        "locality": "Sevskiy rayon"
      }
    },
    {
      "type": "Feature",
      "geometry": {
        "type": "Point",
        "coordinates": [
          29.99226,
          52.84525
        ]
      },
      "properties": {
        "frp": 2.38,
        "acq_date": "2026-09-29",
        "acq_time": "35",
        "satellite": "N21",
        "brightness": null,
        "NAME_1": "Gomel",
        "locality": "\u017dlobin"
      }
    },
    {
      "type": "Feature",
      "geometry": {
        "type": "Point",
        "coordinates": [
          29.99193,
          52.84558
        ]
      },
      "properties": {
        "frp": 4.51,
        "acq_date": "2026-09-29",
        "acq_time": "35",
        "satellite": "N21",
        "brightness": null,
        "NAME_1": "Gomel",
        "locality": "\u017dlobin"
      }
    },
    {
      "type": "Feature",
      "geometry": {
        "type": "Point",
        "coordinates": [
          30.26059,
          46.15246
        ]
      },
      "properties": {
        "frp": 1.03,
        "acq_date": "2026-09-29",
        "acq_time": "37",
        "satellite": "N21",
        "brightness": null,
        "NAME_1": "Odessa",
        "locality": "Bilhorod-Dnistrovs'kyi"
      }
    },
    {
      "type": "Feature",
      "geometry": {
        "type": "Point",
        "coordinates": [
          34.71537,
          46.52243
        ]
      },
      "properties": {
        "frp": 0.54,
        "acq_date": "2026-09-29",
        "acq_time": "37",
        "satellite": "N21",
        "brightness": null,
        "NAME_1": "Kherson",
        "locality": "Ivanivs'kyi"
      }
    },
    {
      "type": "Feature",
      "geometry": {
        "type": "Point",
        "coordinates": [
          33.40695,
          46.83332
        ]
      },
      "properties": {
        "frp": 4.87,
        "acq_date": "2026-09-29",
        "acq_time": "37",
        "satellite": "N21",
        "brightness": null,
        "NAME_1": "Kherson",
        "locality": "Beryslavs'kyi"
      }
    },
    {
      "type": "Feature",
      "geometry": {
        "type": "Point",
        "coordinates": [
          34.66534,
          47.29906
        ]
      },
      "properties": {
        "frp": 0.63,
        "acq_date": "2026-09-29",
        "acq_time": "37",
        "satellite": "N21",
        "brightness": null,
        "NAME_1": "Zaporizhia",
        "locality": "Velykobilozers'kyi"
      }
    },
    {
      "type": "Feature",
      "geometry": {
        "type": "Point",
        "coordinates": [
          34.66826,
          47.30379
        ]
      },
      "properties": {
        "frp": 1.92,
        "acq_date": "2026-09-29",
        "acq_time": "37",
        "satellite": "N21",
        "brightness": null,
        "NAME_1": "Zaporizhia",
        "locality": "Kamians'ko-Dniprovs'kyi"
      }
    },
    {
      "type": "Feature",
      "geometry": {
        "type": "Point",
        "coordinates": [
          28.65181,
          47.9363
        ]
      },
      "properties": {
        "frp": 0.97,
        "acq_date": "2026-09-29",
        "acq_time": "37",
        "satellite": "N21",
        "brightness": null,
        "NAME_1": "",
        "locality": ""
      }
    },
    {
      "type": "Feature",
      "geometry": {
        "type": "Point",
        "coordinates": [
          28.65348,
          47.93792
        ]
      },
      "properties": {
        "frp": 0.61,
        "acq_date": "2026-09-29",
        "acq_time": "37",
        "satellite": "N21",
        "brightness": null,
        "NAME_1": "",
        "locality": ""
      }
    },
    {
      "type": "Feature",
      "geometry": {
        "type": "Point",
        "coordinates": [
          22.24684,
          48.58342
        ]
      },
      "properties": {
        "frp": 0.45,
        "acq_date": "2026-09-29",
        "acq_time": "37",
        "satellite": "N21",
        "brightness": null,
        "NAME_1": "Zakarpattia",
        "locality": "Uzhhorods'kyi"
      }
    },
    {
      "type": "Feature",
      "geometry": {
        "type": "Point",
        "coordinates": [
          26.60188,
          48.74583
        ]
      },
      "properties": {
        "frp": 0.77,
        "acq_date": "2026-09-29",
        "acq_time": "37",
        "satellite": "N21",
        "brightness": null,
        "NAME_1": "Khmel'nyts'kyy",
        "locality": "Kamianets'-Podil's'kyi"
      }
    },
    {
      "type": "Feature",
      "geometry": {
        "type": "Point",
        "coordinates": [
          26.60343,
          48.74924
        ]
      },
      "properties": {
        "frp": 0.79,
        "acq_date": "2026-09-29",
        "acq_time": "37",
        "satellite": "N21",
        "brightness": null,
        "NAME_1": "Khmel'nyts'kyy",
        "locality": "Kamianets'-Podil's'kyi"
      }
    },
    {
      "type": "Feature",
      "geometry": {
        "type": "Point",
        "coordinates": [
          23.91605,
          48.97239
        ]
      },
      "properties": {
        "frp": 1.14,
        "acq_date": "2026-09-29",
        "acq_time": "37",
        "satellite": "N21",
        "brightness": null,
        "NAME_1": "Ivano-Frankivs'k",
        "locality": "Dolyns'kyi"
      }
    },
    {
      "type": "Feature",
      "geometry": {
        "type": "Point",
        "coordinates": [
          24.70896,
          48.97665
        ]
      },
      "properties": {
        "frp": 1.49,
        "acq_date": "2026-09-29",
        "acq_time": "37",
        "satellite": "N21",
        "brightness": null,
        "NAME_1": "Ivano-Frankivs'k",
        "locality": "Tysmenyts'kyi"
      }
    },
    {
      "type": "Feature",
      "geometry": {
        "type": "Point",
        "coordinates": [
          26.51282,
          44.52361
        ]
      },
      "properties": {
        "frp": 4.7,
        "acq_date": "2026-09-29",
        "acq_time": "1019",
        "satellite": "N21",
        "brightness": null,
        "NAME_1": "",
        "locality": ""
      }
    },
    {
      "type": "Feature",
      "geometry": {
        "type": "Point",
        "coordinates": [
          33.76351,
          44.86924
        ]
      },
      "properties": {
        "frp": 1.77,
        "acq_date": "2026-09-29",
        "acq_time": "1019",
        "satellite": "N21",
        "brightness": null,
        "NAME_1": "Crimea",
        "locality": "Bakhchysarais'kyi"
      }
    },
    {
      "type": "Feature",
      "geometry": {
        "type": "Point",
        "coordinates": [
          31.67452,
          45.2573
        ]
      },
      "properties": {
        "frp": 11.84,
        "acq_date": "2026-09-29",
        "acq_time": "1019",
        "satellite": "N21",
        "brightness": null,
        "NAME_1": "",
        "locality": ""
      }
    },
    {
      "type": "Feature",
      "geometry": {
        "type": "Point",
        "coordinates": [
          33.05255,
          45.34046
        ]
      },
      "properties": {
        "frp": 15.79,
        "acq_date": "2026-09-29",
        "acq_time": "1019",
        "satellite": "N21",
        "brightness": null,
        "NAME_1": "Crimea",
        "locality": "Saks'kyi"
      }
    },
    {
      "type": "Feature",
      "geometry": {
        "type": "Point",
        "coordinates": [
          33.74688,
          45.87162
        ]
      },
      "properties": {
        "frp": 8.49,
        "acq_date": "2026-09-29",
        "acq_time": "1019",
        "satellite": "N21",
        "brightness": null,
        "NAME_1": "Crimea",
        "locality": "Krasnoperekops'kyi"
      }
    },
    {
      "type": "Feature",
      "geometry": {
        "type": "Point",
        "coordinates": [
          33.74561,
          45.875
        ]
      },
      "properties": {
        "frp": 8.49,
        "acq_date": "2026-09-29",
        "acq_time": "1019",
        "satellite": "N21",
        "brightness": null,
        "NAME_1": "Crimea",
        "locality": "Krasnoperekops'kyi"
      }
    },
    {
      "type": "Feature",
      "geometry": {
        "type": "Point",
        "coordinates": [
          33.68207,
          45.89219
        ]
      },
      "properties": {
        "frp": 8.65,
        "acq_date": "2026-09-29",
        "acq_time": "1019",
        "satellite": "N21",
        "brightness": null,
        "NAME_1": "Crimea",
        "locality": "Krasnoperekops'kyi"
      }
    },
    {
      "type": "Feature",
      "geometry": {
        "type": "Point",
        "coordinates": [
          33.68615,
          45.89656
        ]
      },
      "properties": {
        "frp": 10.11,
        "acq_date": "2026-09-29",
        "acq_time": "1019",
        "satellite": "N21",
        "brightness": null,
        "NAME_1": "Crimea",
        "locality": "Krasnoperekops'kyi"
      }
    },
    {
      "type": "Feature",
      "geometry": {
        "type": "Point",
        "coordinates": [
          33.6915,
          45.89755
        ]
      },
      "properties": {
        "frp": 8.56,
        "acq_date": "2026-09-29",
        "acq_time": "1019",
        "satellite": "N21",
        "brightness": null,
        "NAME_1": "Crimea",
        "locality": "Krasnoperekops'kyi"
      }
    },
    {
      "type": "Feature",
      "geometry": {
        "type": "Point",
        "coordinates": [
          23.26468,
          44.26366
        ]
      },
      "properties": {
        "frp": 8.41,
        "acq_date": "2026-09-29",
        "acq_time": "1021",
        "satellite": "N21",
        "brightness": null,
        "NAME_1": "",
        "locality": ""
      }
    },
    {
      "type": "Feature",
      "geometry": {
        "type": "Point",
        "coordinates": [
          23.2638,
          44.26449
        ]
      },
      "properties": {
        "frp": 8.22,
        "acq_date": "2026-09-29",
        "acq_time": "1021",
        "satellite": "N21",
        "brightness": null,
        "NAME_1": "",
        "locality": ""
      }
    },
    {
      "type": "Feature",
      "geometry": {
        "type": "Point",
        "coordinates": [
          22.73217,
          44.45319
        ]
      },
      "properties": {
        "frp": 8.65,
        "acq_date": "2026-09-29",
        "acq_time": "1021",
        "satellite": "N21",
        "brightness": null,
        "NAME_1": "",
        "locality": ""
      }
    },
    {
      "type": "Feature",
      "geometry": {
        "type": "Point",
        "coordinates": [
          33.58444,
          46.35379
        ]
      },
      "properties": {
        "frp": 3.36,
        "acq_date": "2026-09-29",
        "acq_time": "1021",
        "satellite": "N21",
        "brightness": null,
        "NAME_1": "Kherson",
        "locality": "Chaplyns'kyi"
      }
    },
    {
      "type": "Feature",
      "geometry": {
        "type": "Point",
        "coordinates": [
          33.59516,
          46.35576
        ]
      },
      "properties": {
        "frp": 4.03,
        "acq_date": "2026-09-29",
        "acq_time": "1021",
        "satellite": "N21",
        "brightness": null,
        "NAME_1": "Kherson",
        "locality": "Chaplyns'kyi"
      }
    },
    {
      "type": "Feature",
      "geometry": {
        "type": "Point",
        "coordinates": [
          33.58851,
          46.35815
        ]
      },
      "properties": {
        "frp": 15.32,
        "acq_date": "2026-09-29",
        "acq_time": "1021",
        "satellite": "N21",
        "brightness": null,
        "NAME_1": "Kherson",
        "locality": "Chaplyns'kyi"
      }
    },
    {
      "type": "Feature",
      "geometry": {
        "type": "Point",
        "coordinates": [
          33.94921,
          46.55194
        ]
      },
      "properties": {
        "frp": 5.07,
        "acq_date": "2026-09-29",
        "acq_time": "1021",
        "satellite": "N21",
        "brightness": null,
        "NAME_1": "Kherson",
        "locality": "Kakhovs'kyi"
      }
    },
    {
      "type": "Feature",
      "geometry": {
        "type": "Point",
        "coordinates": [
          33.89323,
          46.57418
        ]
      },
      "properties": {
        "frp": 2.25,
        "acq_date": "2026-09-29",
        "acq_time": "1021",
        "satellite": "N21",
        "brightness": null,
        "NAME_1": "Kherson",
        "locality": "Kakhovs'kyi"
      }
    },
    {
      "type": "Feature",
      "geometry": {
        "type": "Point",
        "coordinates": [
          33.46109,
          46.59868
        ]
      },
      "properties": {
        "frp": 4.66,
        "acq_date": "2026-09-29",
        "acq_time": "1021",
        "satellite": "N21",
        "brightness": null,
        "NAME_1": "Kherson",
        "locality": "Kakhovs'kyi"
      }
    },
    {
      "type": "Feature",
      "geometry": {
        "type": "Point",
        "coordinates": [
          33.76035,
          46.68229
        ]
      },
      "properties": {
        "frp": 3.38,
        "acq_date": "2026-09-29",
        "acq_time": "1021",
        "satellite": "N21",
        "brightness": null,
        "NAME_1": "Kherson",
        "locality": "Kakhovs'kyi"
      }
    },
    {
      "type": "Feature",
      "geometry": {
        "type": "Point",
        "coordinates": [
          33.75908,
          46.68563
        ]
      },
      "properties": {
        "frp": 4.0,
        "acq_date": "2026-09-29",
        "acq_time": "1021",
        "satellite": "N21",
        "brightness": null,
        "NAME_1": "Kherson",
        "locality": "Kakhovs'kyi"
      }
    },
    {
      "type": "Feature",
      "geometry": {
        "type": "Point",
        "coordinates": [
          33.76438,
          46.68659
        ]
      },
      "properties": {
        "frp": 4.0,
        "acq_date": "2026-09-29",
        "acq_time": "1021",
        "satellite": "N21",
        "brightness": null,
        "NAME_1": "Kherson",
        "locality": "Kakhovs'kyi"
      }
    },
    {
      "type": "Feature",
      "geometry": {
        "type": "Point",
        "coordinates": [
          34.3455,
          46.71842
        ]
      },
      "properties": {
        "frp": 3.33,
        "acq_date": "2026-09-29",
        "acq_time": "1021",
        "satellite": "N21",
        "brightness": null,
        "NAME_1": "Kherson",
        "locality": "Ivanivs'kyi"
      }
    },
    {
      "type": "Feature",
      "geometry": {
        "type": "Point",
        "coordinates": [
          35.93575,
          46.7437
        ]
      },
      "properties": {
        "frp": 4.63,
        "acq_date": "2026-09-29",
        "acq_time": "1021",
        "satellite": "N21",
        "brightness": null,
        "NAME_1": "Zaporizhia",
        "locality": "Pryazovs'kyi"
      }
    },
    {
      "type": "Feature",
      "geometry": {
        "type": "Point",
        "coordinates": [
          34.47549,
          46.83742
        ]
      },
      "properties": {
        "frp": 3.49,
        "acq_date": "2026-09-29",
        "acq_time": "1021",
        "satellite": "N21",
        "brightness": null,
        "NAME_1": "Kherson",
        "locality": "Nyzhn'osirohoz'kyi"
      }
    },
    {
      "type": "Feature",
      "geometry": {
        "type": "Point",
        "coordinates": [
          29.89756,
          46.84565
        ]
      },
      "properties": {
        "frp": 5.17,
        "acq_date": "2026-09-29",
        "acq_time": "1021",
        "satellite": "N21",
        "brightness": null,
        "NAME_1": "Odessa",
        "locality": "Rozdil'nias'kyi"
      }
    },
    {
      "type": "Feature",
      "geometry": {
        "type": "Point",
        "coordinates": [
          32.64716,
          46.91926
        ]
      },
      "properties": {
        "frp": 5.04,
        "acq_date": "2026-09-29",
        "acq_time": "1021",
        "satellite": "N21",
        "brightness": null,
        "NAME_1": "Mykolayiv",
        "locality": "Snihurivs'kyi"
      }
    },
    {
      "type": "Feature",
      "geometry": {
        "type": "Point",
        "coordinates": [
          34.68576,
          46.92475
        ]
      },
      "properties": {
        "frp": 4.44,
        "acq_date": "2026-09-29",
        "acq_time": "1021",
        "satellite": "N21",
        "brightness": null,
        "NAME_1": "Zaporizhia",
        "locality": "Veselivs'kyi"
      }
    },
    {
      "type": "Feature",
      "geometry": {
        "type": "Point",
        "coordinates": [
          30.86265,
          46.9705
        ]
      },
      "properties": {
        "frp": 2.86,
        "acq_date": "2026-09-29",
        "acq_time": "1021",
        "satellite": "N21",
        "brightness": null,
        "NAME_1": "Odessa",
        "locality": "Kominternivs'kyi"
      }
    },
    {
      "type": "Feature",
      "geometry": {
        "type": "Point",
        "coordinates": [
          34.12528,
          47.00798
        ]
      },
      "properties": {
        "frp": 3.25,
        "acq_date": "2026-09-29",
        "acq_time": "1021",
        "satellite": "N21",
        "brightness": null,
        "NAME_1": "Kherson",
        "locality": "Velykolepetys'kyi"
      }
    },
    {
      "type": "Feature",
      "geometry": {
        "type": "Point",
        "coordinates": [
          34.13049,
          47.00889
        ]
      },
      "properties": {
        "frp": 3.25,
        "acq_date": "2026-09-29",
        "acq_time": "1021",
        "satellite": "N21",
        "brightness": null,
        "NAME_1": "Kherson",
        "locality": "Velykolepetys'kyi"
      }
    },
    {
      "type": "Feature",
      "geometry": {
        "type": "Point",
        "coordinates": [
          34.12925,
          47.01221
        ]
      },
      "properties": {
        "frp": 3.25,
        "acq_date": "2026-09-29",
        "acq_time": "1021",
        "satellite": "N21",
        "brightness": null,
        "NAME_1": "Kherson",
        "locality": "Velykolepetys'kyi"
      }
    },
    {
      "type": "Feature",
      "geometry": {
        "type": "Point",
        "coordinates": [
          34.58594,
          47.05644
        ]
      },
      "properties": {
        "frp": 5.6,
        "acq_date": "2026-09-29",
        "acq_time": "1021",
        "satellite": "N21",
        "brightness": null,
        "NAME_1": "Zaporizhia",
        "locality": "Veselivs'kyi"
      }
    },
    {
      "type": "Feature",
      "geometry": {
        "type": "Point",
        "coordinates": [
          30.81489,
          47.09238
        ]
      },
      "properties": {
        "frp": 10.89,
        "acq_date": "2026-09-29",
        "acq_time": "1021",
        "satellite": "N21",
        "brightness": null,
        "NAME_1": "Odessa",
        "locality": "Berezivs'kyi"
      }
    },
    {
      "type": "Feature",
      "geometry": {
        "type": "Point",
        "coordinates": [
          33.26321,
          47.12077
        ]
      },
      "properties": {
        "frp": 3.74,
        "acq_date": "2026-09-29",
        "acq_time": "1021",
        "satellite": "N21",
        "brightness": null,
        "NAME_1": "Kherson",
        "locality": "Velykooleksandrivs'kyi"
      }
    },
    {
      "type": "Feature",
      "geometry": {
        "type": "Point",
        "coordinates": [
          33.37659,
          47.14169
        ]
      },
      "properties": {
        "frp": 3.22,
        "acq_date": "2026-09-29",
        "acq_time": "1021",
        "satellite": "N21",
        "brightness": null,
        "NAME_1": "Kherson",
        "locality": "Velykooleksandrivs'kyi"
      }
    },
    {
      "type": "Feature",
      "geometry": {
        "type": "Point",
        "coordinates": [
          33.37396,
          47.14841
        ]
      },
      "properties": {
        "frp": 8.22,
        "acq_date": "2026-09-29",
        "acq_time": "1021",
        "satellite": "N21",
        "brightness": null,
        "NAME_1": "Kherson",
        "locality": "Velykooleksandrivs'kyi"
      }
    },
    {
      "type": "Feature",
      "geometry": {
        "type": "Point",
        "coordinates": [
          35.95317,
          47.15531
        ]
      },
      "properties": {
        "frp": 2.86,
        "acq_date": "2026-09-29",
        "acq_time": "1021",
        "satellite": "N21",
        "brightness": null,
        "NAME_1": "Zaporizhia",
        "locality": "Chernihivs'kyi"
      }
    },
    {
      "type": "Feature",
      "geometry": {
        "type": "Point",
        "coordinates": [
          36.31868,
          47.17141
        ]
      },
      "properties": {
        "frp": 10.15,
        "acq_date": "2026-09-29",
        "acq_time": "1021",
        "satellite": "N21",
        "brightness": null,
        "NAME_1": "Zaporizhia",
        "locality": "Chernihivs'kyi"
      }
    },
    {
      "type": "Feature",
      "geometry": {
        "type": "Point",
        "coordinates": [
          36.32366,
          47.17218
        ]
      },
      "properties": {
        "frp": 3.4,
        "acq_date": "2026-09-29",
        "acq_time": "1021",
        "satellite": "N21",
        "brightness": null,
        "NAME_1": "Zaporizhia",
        "locality": "Chernihivs'kyi"
      }
    },
    {
      "type": "Feature",
      "geometry": {
        "type": "Point",
        "coordinates": [
          33.57539,
          47.23526
        ]
      },
      "properties": {
        "frp": 4.03,
        "acq_date": "2026-09-29",
        "acq_time": "1021",
        "satellite": "N21",
        "brightness": null,
        "NAME_1": "Kherson",
        "locality": "Velykooleksandrivs'kyi"
      }
    },
    {
      "type": "Feature",
      "geometry": {
        "type": "Point",
        "coordinates": [
          33.5741,
          47.23859
        ]
      },
      "properties": {
        "frp": 4.03,
        "acq_date": "2026-09-29",
        "acq_time": "1021",
        "satellite": "N21",
        "brightness": null,
        "NAME_1": "Kherson",
        "locality": "Velykooleksandrivs'kyi"
      }
    },
    {
      "type": "Feature",
      "geometry": {
        "type": "Point",
        "coordinates": [
          33.57942,
          47.23956
        ]
      },
      "properties": {
        "frp": 4.03,
        "acq_date": "2026-09-29",
        "acq_time": "1021",
        "satellite": "N21",
        "brightness": null,
        "NAME_1": "Kherson",
        "locality": "Velykooleksandrivs'kyi"
      }
    },
    {
      "type": "Feature",
      "geometry": {
        "type": "Point",
        "coordinates": [
          34.89923,
          47.24801
        ]
      },
      "properties": {
        "frp": 7.08,
        "acq_date": "2026-09-29",
        "acq_time": "1021",
        "satellite": "N21",
        "brightness": null,
        "NAME_1": "Zaporizhia",
        "locality": "Vasylivs'kyi"
      }
    },
    {
      "type": "Feature",
      "geometry": {
        "type": "Point",
        "coordinates": [
          30.40065,
          47.30548
        ]
      },
      "properties": {
        "frp": 2.59,
        "acq_date": "2026-09-29",
        "acq_time": "1021",
        "satellite": "N21",
        "brightness": null,
        "NAME_1": "Odessa",
        "locality": "Mykola\u2039vs'kyi"
      }
    },
    {
      "type": "Feature",
      "geometry": {
        "type": "Point",
        "coordinates": [
          34.81542,
          47.38856
        ]
      },
      "properties": {
        "frp": 2.46,
        "acq_date": "2026-09-29",
        "acq_time": "1021",
        "satellite": "N21",
        "brightness": null,
        "NAME_1": "Zaporizhia",
        "locality": "Kamians'ko-Dniprovs'kyi"
      }
    },
    {
      "type": "Feature",
      "geometry": {
        "type": "Point",
        "coordinates": [
          37.5819,
          47.44592
        ]
      },
      "properties": {
        "frp": 6.95,
        "acq_date": "2026-09-29",
        "acq_time": "1021",
        "satellite": "N21",
        "brightness": null,
        "NAME_1": "Donets'k",
        "locality": "Volnovas'kyi"
      }
    },
    {
      "type": "Feature",
      "geometry": {
        "type": "Point",
        "coordinates": [
          37.58087,
          47.44921
        ]
      },
      "properties": {
        "frp": 3.02,
        "acq_date": "2026-09-29",
        "acq_time": "1021",
        "satellite": "N21",
        "brightness": null,
        "NAME_1": "Donets'k",
        "locality": "Volnovas'kyi"
      }
    },
    {
      "type": "Feature",
      "geometry": {
        "type": "Point",
        "coordinates": [
          34.61472,
          47.48571
        ]
      },
      "properties": {
        "frp": 4.71,
        "acq_date": "2026-09-29",
        "acq_time": "1021",
        "satellite": "N21",
        "brightness": null,
        "NAME_1": "Zaporizhia",
        "locality": "Enerhodars'ka"
      }
    },
    {
      "type": "Feature",
      "geometry": {
        "type": "Point",
        "coordinates": [
          33.94294,
          47.58332
        ]
      },
      "properties": {
        "frp": 2.69,
        "acq_date": "2026-09-29",
        "acq_time": "1021",
        "satellite": "N21",
        "brightness": null,
        "NAME_1": "Dnipropetrovs'k",
        "locality": "Apostolivs'kyi"
      }
    },
    {
      "type": "Feature",
      "geometry": {
        "type": "Point",
        "coordinates": [
          34.13803,
          47.64217
        ]
      },
      "properties": {
        "frp": 2.35,
        "acq_date": "2026-09-29",
        "acq_time": "1021",
        "satellite": "N21",
        "brightness": null,
        "NAME_1": "Dnipropetrovs'k",
        "locality": "Ordzhonikidzevs'ka"
      }
    },
    {
      "type": "Feature",
      "geometry": {
        "type": "Point",
        "coordinates": [
          34.13679,
          47.64547
        ]
      },
      "properties": {
        "frp": 13.83,
        "acq_date": "2026-09-29",
        "acq_time": "1021",
        "satellite": "N21",
        "brightness": null,
        "NAME_1": "Dnipropetrovs'k",
        "locality": "Ordzhonikidzevs'ka"
      }
    },
    {
      "type": "Feature",
      "geometry": {
        "type": "Point",
        "coordinates": [
          34.142,
          47.64638
        ]
      },
      "properties": {
        "frp": 13.83,
        "acq_date": "2026-09-29",
        "acq_time": "1021",
        "satellite": "N21",
        "brightness": null,
        "NAME_1": "Dnipropetrovs'k",
        "locality": "Ordzhonikidzevs'ka"
      }
    },
    {
      "type": "Feature",
      "geometry": {
        "type": "Point",
        "coordinates": [
          34.16037,
          47.6566
        ]
      },
      "properties": {
        "frp": 5.24,
        "acq_date": "2026-09-29",
        "acq_time": "1021",
        "satellite": "N21",
        "brightness": null,
        "NAME_1": "Dnipropetrovs'k",
        "locality": "Nikopol's'kyi"
      }
    },
    {
      "type": "Feature",
      "geometry": {
        "type": "Point",
        "coordinates": [
          38.47669,
          47.65869
        ]
      },
      "properties": {
        "frp": 4.45,
        "acq_date": "2026-09-29",
        "acq_time": "1021",
        "satellite": "N21",
        "brightness": null,
        "NAME_1": "Donets'k",
        "locality": "Amvrosi\u2039vs'kyi"
      }
    },
    {
      "type": "Feature",
      "geometry": {
        "type": "Point",
        "coordinates": [
          34.15392,
          47.65899
        ]
      },
      "properties": {
        "frp": 5.24,
        "acq_date": "2026-09-29",
        "acq_time": "1021",
        "satellite": "N21",
        "brightness": null,
        "NAME_1": "Dnipropetrovs'k",
        "locality": "Nikopol's'kyi"
      }
    },
    {
      "type": "Feature",
      "geometry": {
        "type": "Point",
        "coordinates": [
          34.15911,
          47.65989
        ]
      },
      "properties": {
        "frp": 5.24,
        "acq_date": "2026-09-29",
        "acq_time": "1021",
        "satellite": "N21",
        "brightness": null,
        "NAME_1": "Dnipropetrovs'k",
        "locality": "Nikopol's'kyi"
      }
    },
    {
      "type": "Feature",
      "geometry": {
        "type": "Point",
        "coordinates": [
          34.16431,
          47.66079
        ]
      },
      "properties": {
        "frp": 5.98,
        "acq_date": "2026-09-29",
        "acq_time": "1021",
        "satellite": "N21",
        "brightness": null,
        "NAME_1": "Dnipropetrovs'k",
        "locality": "Nikopol's'kyi"
      }
    },
    {
      "type": "Feature",
      "geometry": {
        "type": "Point",
        "coordinates": [
          34.15266,
          47.66228
        ]
      },
      "properties": {
        "frp": 5.63,
        "acq_date": "2026-09-29",
        "acq_time": "1021",
        "satellite": "N21",
        "brightness": null,
        "NAME_1": "Dnipropetrovs'k",
        "locality": "Nikopol's'kyi"
      }
    },
    {
      "type": "Feature",
      "geometry": {
        "type": "Point",
        "coordinates": [
          34.15786,
          47.66319
        ]
      },
      "properties": {
        "frp": 5.63,
        "acq_date": "2026-09-29",
        "acq_time": "1021",
        "satellite": "N21",
        "brightness": null,
        "NAME_1": "Dnipropetrovs'k",
        "locality": "Nikopol's'kyi"
      }
    },
    {
      "type": "Feature",
      "geometry": {
        "type": "Point",
        "coordinates": [
          30.31156,
          47.66362
        ]
      },
      "properties": {
        "frp": 5.78,
        "acq_date": "2026-09-29",
        "acq_time": "1021",
        "satellite": "N21",
        "brightness": null,
        "NAME_1": "Odessa",
        "locality": "Liubashivs'kyi"
      }
    },
    {
      "type": "Feature",
      "geometry": {
        "type": "Point",
        "coordinates": [
          34.16306,
          47.66409
        ]
      },
      "properties": {
        "frp": 3.71,
        "acq_date": "2026-09-29",
        "acq_time": "1021",
        "satellite": "N21",
        "brightness": null,
        "NAME_1": "Dnipropetrovs'k",
        "locality": "Nikopol's'kyi"
      }
    },
    {
      "type": "Feature",
      "geometry": {
        "type": "Point",
        "coordinates": [
          34.15141,
          47.66558
        ]
      },
      "properties": {
        "frp": 5.63,
        "acq_date": "2026-09-29",
        "acq_time": "1021",
        "satellite": "N21",
        "brightness": null,
        "NAME_1": "Dnipropetrovs'k",
        "locality": "Nikopol's'kyi"
      }
    },
    {
      "type": "Feature",
      "geometry": {
        "type": "Point",
        "coordinates": [
          34.15662,
          47.66648
        ]
      },
      "properties": {
        "frp": 5.63,
        "acq_date": "2026-09-29",
        "acq_time": "1021",
        "satellite": "N21",
        "brightness": null,
        "NAME_1": "Dnipropetrovs'k",
        "locality": "Nikopol's'kyi"
      }
    },
    {
      "type": "Feature",
      "geometry": {
        "type": "Point",
        "coordinates": [
          34.16182,
          47.66739
        ]
      },
      "properties": {
        "frp": 3.71,
        "acq_date": "2026-09-29",
        "acq_time": "1021",
        "satellite": "N21",
        "brightness": null,
        "NAME_1": "Dnipropetrovs'k",
        "locality": "Nikopol's'kyi"
      }
    },
    {
      "type": "Feature",
      "geometry": {
        "type": "Point",
        "coordinates": [
          34.16702,
          47.66828
        ]
      },
      "properties": {
        "frp": 3.71,
        "acq_date": "2026-09-29",
        "acq_time": "1021",
        "satellite": "N21",
        "brightness": null,
        "NAME_1": "Dnipropetrovs'k",
        "locality": "Nikopol's'kyi"
      }
    },
    {
      "type": "Feature",
      "geometry": {
        "type": "Point",
        "coordinates": [
          34.15017,
          47.66888
        ]
      },
      "properties": {
        "frp": 6.39,
        "acq_date": "2026-09-29",
        "acq_time": "1021",
        "satellite": "N21",
        "brightness": null,
        "NAME_1": "Dnipropetrovs'k",
        "locality": "Nikopol's'kyi"
      }
    },
    {
      "type": "Feature",
      "geometry": {
        "type": "Point",
        "coordinates": [
          34.11118,
          47.66914
        ]
      },
      "properties": {
        "frp": 3.71,
        "acq_date": "2026-09-29",
        "acq_time": "1021",
        "satellite": "N21",
        "brightness": null,
        "NAME_1": "Dnipropetrovs'k",
        "locality": "Nikopol's'kyi"
      }
    },
    {
      "type": "Feature",
      "geometry": {
        "type": "Point",
        "coordinates": [
          34.15538,
          47.66978
        ]
      },
      "properties": {
        "frp": 6.39,
        "acq_date": "2026-09-29",
        "acq_time": "1021",
        "satellite": "N21",
        "brightness": null,
        "NAME_1": "Dnipropetrovs'k",
        "locality": "Nikopol's'kyi"
      }
    },
    {
      "type": "Feature",
      "geometry": {
        "type": "Point",
        "coordinates": [
          34.16058,
          47.67068
        ]
      },
      "properties": {
        "frp": 7.24,
        "acq_date": "2026-09-29",
        "acq_time": "1021",
        "satellite": "N21",
        "brightness": null,
        "NAME_1": "Dnipropetrovs'k",
        "locality": "Nikopol's'kyi"
      }
    },
    {
      "type": "Feature",
      "geometry": {
        "type": "Point",
        "coordinates": [
          34.15413,
          47.67308
        ]
      },
      "properties": {
        "frp": 6.39,
        "acq_date": "2026-09-29",
        "acq_time": "1021",
        "satellite": "N21",
        "brightness": null,
        "NAME_1": "Dnipropetrovs'k",
        "locality": "Nikopol's'kyi"
      }
    },
    {
      "type": "Feature",
      "geometry": {
        "type": "Point",
        "coordinates": [
          34.15933,
          47.67398
        ]
      },
      "properties": {
        "frp": 7.24,
        "acq_date": "2026-09-29",
        "acq_time": "1021",
        "satellite": "N21",
        "brightness": null,
        "NAME_1": "Dnipropetrovs'k",
        "locality": "Nikopol's'kyi"
      }
    },
    {
      "type": "Feature",
      "geometry": {
        "type": "Point",
        "coordinates": [
          34.16453,
          47.67488
        ]
      },
      "properties": {
        "frp": 7.24,
        "acq_date": "2026-09-29",
        "acq_time": "1021",
        "satellite": "N21",
        "brightness": null,
        "NAME_1": "Dnipropetrovs'k",
        "locality": "Nikopol's'kyi"
      }
    },
    {
      "type": "Feature",
      "geometry": {
        "type": "Point",
        "coordinates": [
          34.15162,
          47.67966
        ]
      },
      "properties": {
        "frp": 8.08,
        "acq_date": "2026-09-29",
        "acq_time": "1021",
        "satellite": "N21",
        "brightness": null,
        "NAME_1": "Dnipropetrovs'k",
        "locality": "Nikopol's'kyi"
      }
    },
    {
      "type": "Feature",
      "geometry": {
        "type": "Point",
        "coordinates": [
          34.16203,
          47.68147
        ]
      },
      "properties": {
        "frp": 20.1,
        "acq_date": "2026-09-29",
        "acq_time": "1021",
        "satellite": "N21",
        "brightness": null,
        "NAME_1": "Dnipropetrovs'k",
        "locality": "Nikopol's'kyi"
      }
    },
    {
      "type": "Feature",
      "geometry": {
        "type": "Point",
        "coordinates": [
          34.14517,
          47.68206
        ]
      },
      "properties": {
        "frp": 4.16,
        "acq_date": "2026-09-29",
        "acq_time": "1021",
        "satellite": "N21",
        "brightness": null,
        "NAME_1": "Dnipropetrovs'k",
        "locality": "Nikopol's'kyi"
      }
    },
    {
      "type": "Feature",
      "geometry": {
        "type": "Point",
        "coordinates": [
          34.15037,
          47.68296
        ]
      },
      "properties": {
        "frp": 4.16,
        "acq_date": "2026-09-29",
        "acq_time": "1021",
        "satellite": "N21",
        "brightness": null,
        "NAME_1": "Dnipropetrovs'k",
        "locality": "Nikopol's'kyi"
      }
    },
    {
      "type": "Feature",
      "geometry": {
        "type": "Point",
        "coordinates": [
          34.15558,
          47.68386
        ]
      },
      "properties": {
        "frp": 3.73,
        "acq_date": "2026-09-29",
        "acq_time": "1021",
        "satellite": "N21",
        "brightness": null,
        "NAME_1": "Dnipropetrovs'k",
        "locality": "Nikopol's'kyi"
      }
    },
    {
      "type": "Feature",
      "geometry": {
        "type": "Point",
        "coordinates": [
          34.14391,
          47.68535
        ]
      },
      "properties": {
        "frp": 4.16,
        "acq_date": "2026-09-29",
        "acq_time": "1021",
        "satellite": "N21",
        "brightness": null,
        "NAME_1": "Dnipropetrovs'k",
        "locality": "Nikopol's'kyi"
      }
    },
    {
      "type": "Feature",
      "geometry": {
        "type": "Point",
        "coordinates": [
          34.14912,
          47.68625
        ]
      },
      "properties": {
        "frp": 4.16,
        "acq_date": "2026-09-29",
        "acq_time": "1021",
        "satellite": "N21",
        "brightness": null,
        "NAME_1": "Dnipropetrovs'k",
        "locality": "Nikopol's'kyi"
      }
    },
    {
      "type": "Feature",
      "geometry": {
        "type": "Point",
        "coordinates": [
          35.62251,
          47.70733
        ]
      },
      "properties": {
        "frp": 15.26,
        "acq_date": "2026-09-29",
        "acq_time": "1021",
        "satellite": "N21",
        "brightness": null,
        "NAME_1": "Zaporizhia",
        "locality": "Orikhivs'kyi"
      }
    },
    {
      "type": "Feature",
      "geometry": {
        "type": "Point",
        "coordinates": [
          35.58992,
          47.70899
        ]
      },
      "properties": {
        "frp": 1.16,
        "acq_date": "2026-09-29",
        "acq_time": "1021",
        "satellite": "N21",
        "brightness": null,
        "NAME_1": "Zaporizhia",
        "locality": "Orikhivs'kyi"
      }
    },
    {
      "type": "Feature",
      "geometry": {
        "type": "Point",
        "coordinates": [
          36.08991,
          47.70905
        ]
      },
      "properties": {
        "frp": 4.92,
        "acq_date": "2026-09-29",
        "acq_time": "1021",
        "satellite": "N21",
        "brightness": null,
        "NAME_1": "Zaporizhia",
        "locality": "Huliaipil's'kyi"
      }
    },
    {
      "type": "Feature",
      "geometry": {
        "type": "Point",
        "coordinates": [
          35.22424,
          47.7359
        ]
      },
      "properties": {
        "frp": 5.81,
        "acq_date": "2026-09-29",
        "acq_time": "1021",
        "satellite": "N21",
        "brightness": null,
        "NAME_1": "Zaporizhia",
        "locality": "Zaporiz'kyi"
      }
    },
    {
      "type": "Feature",
      "geometry": {
        "type": "Point",
        "coordinates": [
          37.5931,
          47.74782
        ]
      },
      "properties": {
        "frp": 1.92,
        "acq_date": "2026-09-29",
        "acq_time": "1021",
        "satellite": "N21",
        "brightness": null,
        "NAME_1": "Donets'k",
        "locality": "Volnovas'kyi"
      }
    },
    {
      "type": "Feature",
      "geometry": {
        "type": "Point",
        "coordinates": [
          36.98025,
          47.79943
        ]
      },
      "properties": {
        "frp": 8.46,
        "acq_date": "2026-09-29",
        "acq_time": "1021",
        "satellite": "N21",
        "brightness": null,
        "NAME_1": "Donets'k",
        "locality": "Velykonovosilkivs'kyi"
      }
    },
    {
      "type": "Feature",
      "geometry": {
        "type": "Point",
        "coordinates": [
          36.98533,
          47.80018
        ]
      },
      "properties": {
        "frp": 8.48,
        "acq_date": "2026-09-29",
        "acq_time": "1021",
        "satellite": "N21",
        "brightness": null,
        "NAME_1": "Donets'k",
        "locality": "Velykonovosilkivs'kyi"
      }
    },
    {
      "type": "Feature",
      "geometry": {
        "type": "Point",
        "coordinates": [
          39.21291,
          47.801
        ]
      },
      "properties": {
        "frp": 3.46,
        "acq_date": "2026-09-29",
        "acq_time": "1021",
        "satellite": "N21",
        "brightness": null,
        "NAME_1": "Rostov",
        "locality": "Kuybyshevskiy rayon"
      }
    },
    {
      "type": "Feature",
      "geometry": {
        "type": "Point",
        "coordinates": [
          31.95598,
          47.81852
        ]
      },
      "properties": {
        "frp": 6.25,
        "acq_date": "2026-09-29",
        "acq_time": "1021",
        "satellite": "N21",
        "brightness": null,
        "NAME_1": "Kirovohrad",
        "locality": "Bobrynets'kyi"
      }
    },
    {
      "type": "Feature",
      "geometry": {
        "type": "Point",
        "coordinates": [
          31.95451,
          47.82197
        ]
      },
      "properties": {
        "frp": 36.56,
        "acq_date": "2026-09-29",
        "acq_time": "1021",
        "satellite": "N21",
        "brightness": null,
        "NAME_1": "Kirovohrad",
        "locality": "Bobrynets'kyi"
      }
    },
    {
      "type": "Feature",
      "geometry": {
        "type": "Point",
        "coordinates": [
          28.64934,
          47.93916
        ]
      },
      "properties": {
        "frp": 5.8,
        "acq_date": "2026-09-29",
        "acq_time": "1021",
        "satellite": "N21",
        "brightness": null,
        "NAME_1": "",
        "locality": ""
      }
    },
    {
      "type": "Feature",
      "geometry": {
        "type": "Point",
        "coordinates": [
          35.26673,
          47.9769
        ]
      },
      "properties": {
        "frp": 3.23,
        "acq_date": "2026-09-29",
        "acq_time": "1021",
        "satellite": "N21",
        "brightness": null,
        "NAME_1": "Zaporizhia",
        "locality": "Vil'nians'kyi"
      }
    },
    {
      "type": "Feature",
      "geometry": {
        "type": "Point",
        "coordinates": [
          37.49891,
          48.09327
        ]
      },
      "properties": {
        "frp": 2.32,
        "acq_date": "2026-09-29",
        "acq_time": "1021",
        "satellite": "N21",
        "brightness": null,
        "NAME_1": "Donets'k",
        "locality": "Iasynuvats'kyi"
      }
    },
    {
      "type": "Feature",
      "geometry": {
        "type": "Point",
        "coordinates": [
          36.23987,
          48.16105
        ]
      },
      "properties": {
        "frp": 2.21,
        "acq_date": "2026-09-29",
        "acq_time": "1021",
        "satellite": "N21",
        "brightness": null,
        "NAME_1": "Dnipropetrovs'k",
        "locality": "Vasyl'kivs'kyi"
      }
    },
    {
      "type": "Feature",
      "geometry": {
        "type": "Point",
        "coordinates": [
          37.10925,
          48.19778
        ]
      },
      "properties": {
        "frp": 17.92,
        "acq_date": "2026-09-29",
        "acq_time": "1021",
        "satellite": "N21",
        "brightness": null,
        "NAME_1": "Donets'k",
        "locality": "Krasnoarmiis'kyi"
      }
    },
    {
      "type": "Feature",
      "geometry": {
        "type": "Point",
        "coordinates": [
          37.1144,
          48.19853
        ]
      },
      "properties": {
        "frp": 18.57,
        "acq_date": "2026-09-29",
        "acq_time": "1021",
        "satellite": "N21",
        "brightness": null,
        "NAME_1": "Donets'k",
        "locality": "Krasnoarmiis'kyi"
      }
    },
    {
      "type": "Feature",
      "geometry": {
        "type": "Point",
        "coordinates": [
          22.99978,
          48.22507
        ]
      },
      "properties": {
        "frp": 3.36,
        "acq_date": "2026-09-29",
        "acq_time": "1021",
        "satellite": "N21",
        "brightness": null,
        "NAME_1": "Zakarpattia",
        "locality": "Vynohradivs'kyi"
      }
    },
    {
      "type": "Feature",
      "geometry": {
        "type": "Point",
        "coordinates": [
          22.99949,
          48.22559
        ]
      },
      "properties": {
        "frp": 3.42,
        "acq_date": "2026-09-29",
        "acq_time": "1021",
        "satellite": "N21",
        "brightness": null,
        "NAME_1": "Zakarpattia",
        "locality": "Vynohradivs'kyi"
      }
    },
    {
      "type": "Feature",
      "geometry": {
        "type": "Point",
        "coordinates": [
          35.98251,
          48.23134
        ]
      },
      "properties": {
        "frp": 5.46,
        "acq_date": "2026-09-29",
        "acq_time": "1021",
        "satellite": "N21",
        "brightness": null,
        "NAME_1": "Dnipropetrovs'k",
        "locality": "Vasyl'kivs'kyi"
      }
    },
    {
      "type": "Feature",
      "geometry": {
        "type": "Point",
        "coordinates": [
          37.50792,
          48.2546
        ]
      },
      "properties": {
        "frp": 11.62,
        "acq_date": "2026-09-29",
        "acq_time": "1021",
        "satellite": "N21",
        "brightness": null,
        "NAME_1": "Donets'k",
        "locality": "Krasnoarmiis'kyi"
      }
    },
    {
      "type": "Feature",
      "geometry": {
        "type": "Point",
        "coordinates": [
          33.33608,
          48.32219
        ]
      },
      "properties": {
        "frp": 3.21,
        "acq_date": "2026-09-29",
        "acq_time": "1021",
        "satellite": "N21",
        "brightness": null,
        "NAME_1": "Kirovohrad",
        "locality": "Petrivs'kyi"
      }
    },
    {
      "type": "Feature",
      "geometry": {
        "type": "Point",
        "coordinates": [
          33.34146,
          48.32315
        ]
      },
      "properties": {
        "frp": 6.99,
        "acq_date": "2026-09-29",
        "acq_time": "1021",
        "satellite": "N21",
        "brightness": null,
        "NAME_1": "Kirovohrad",
        "locality": "Petrivs'kyi"
      }
    },
    {
      "type": "Feature",
      "geometry": {
        "type": "Point",
        "coordinates": [
          37.88385,
          48.33095
        ]
      },
      "properties": {
        "frp": 3.84,
        "acq_date": "2026-09-29",
        "acq_time": "1021",
        "satellite": "N21",
        "brightness": null,
        "NAME_1": "Donets'k",
        "locality": "Iasynuvats'kyi"
      }
    },
    {
      "type": "Feature",
      "geometry": {
        "type": "Point",
        "coordinates": [
          36.01027,
          48.37622
        ]
      },
      "properties": {
        "frp": 3.02,
        "acq_date": "2026-09-29",
        "acq_time": "1021",
        "satellite": "N21",
        "brightness": null,
        "NAME_1": "Dnipropetrovs'k",
        "locality": "Pavlohrads'kyi"
      }
    },
    {
      "type": "Feature",
      "geometry": {
        "type": "Point",
        "coordinates": [
          36.01537,
          48.37701
        ]
      },
      "properties": {
        "frp": 3.02,
        "acq_date": "2026-09-29",
        "acq_time": "1021",
        "satellite": "N21",
        "brightness": null,
        "NAME_1": "Dnipropetrovs'k",
        "locality": "Pavlohrads'kyi"
      }
    },
    {
      "type": "Feature",
      "geometry": {
        "type": "Point",
        "coordinates": [
          36.01935,
          48.38105
        ]
      },
      "properties": {
        "frp": 5.75,
        "acq_date": "2026-09-29",
        "acq_time": "1021",
        "satellite": "N21",
        "brightness": null,
        "NAME_1": "Dnipropetrovs'k",
        "locality": "Pavlohrads'kyi"
      }
    },
    {
      "type": "Feature",
      "geometry": {
        "type": "Point",
        "coordinates": [
          36.01311,
          48.38351
        ]
      },
      "properties": {
        "frp": 4.85,
        "acq_date": "2026-09-29",
        "acq_time": "1021",
        "satellite": "N21",
        "brightness": null,
        "NAME_1": "Dnipropetrovs'k",
        "locality": "Pavlohrads'kyi"
      }
    },
    {
      "type": "Feature",
      "geometry": {
        "type": "Point",
        "coordinates": [
          34.34832,
          48.47298
        ]
      },
      "properties": {
        "frp": 2.36,
        "acq_date": "2026-09-29",
        "acq_time": "1021",
        "satellite": "N21",
        "brightness": null,
        "NAME_1": "Dnipropetrovs'k",
        "locality": "Verkhn'odniprovs'kyi"
      }
    },
    {
      "type": "Feature",
      "geometry": {
        "type": "Point",
        "coordinates": [
          29.89033,
          48.47736
        ]
      },
      "properties": {
        "frp": 3.12,
        "acq_date": "2026-09-29",
        "acq_time": "1021",
        "satellite": "N21",
        "brightness": null,
        "NAME_1": "Vinnytsya",
        "locality": "Bershads'kyi"
      }
    },
    {
      "type": "Feature",
      "geometry": {
        "type": "Point",
        "coordinates": [
          26.80375,
          48.49586
        ]
      },
      "properties": {
        "frp": 2.82,
        "acq_date": "2026-09-29",
        "acq_time": "1021",
        "satellite": "N21",
        "brightness": null,
        "NAME_1": "Chernivtsi",
        "locality": "Kel'menets'kyi"
      }
    },
    {
      "type": "Feature",
      "geometry": {
        "type": "Point",
        "coordinates": [
          37.382,
          48.5001
        ]
      },
      "properties": {
        "frp": 2.84,
        "acq_date": "2026-09-29",
        "acq_time": "1021",
        "satellite": "N21",
        "brightness": null,
        "NAME_1": "Donets'k",
        "locality": "Kostiantynivs'kyi"
      }
    },
    {
      "type": "Feature",
      "geometry": {
        "type": "Point",
        "coordinates": [
          37.03677,
          48.51545
        ]
      },
      "properties": {
        "frp": 2.4,
        "acq_date": "2026-09-29",
        "acq_time": "1021",
        "satellite": "N21",
        "brightness": null,
        "NAME_1": "Donets'k",
        "locality": "Dobropil's'kyi"
      }
    },
    {
      "type": "Feature",
      "geometry": {
        "type": "Point",
        "coordinates": [
          37.53127,
          48.60957
        ]
      },
      "properties": {
        "frp": 2.84,
        "acq_date": "2026-09-29",
        "acq_time": "1021",
        "satellite": "N21",
        "brightness": null,
        "NAME_1": "Donets'k",
        "locality": "Kramators'ka"
      }
    },
    {
      "type": "Feature",
      "geometry": {
        "type": "Point",
        "coordinates": [
          38.27258,
          48.71729
        ]
      },
      "properties": {
        "frp": 4.98,
        "acq_date": "2026-09-29",
        "acq_time": "1021",
        "satellite": "N21",
        "brightness": null,
        "NAME_1": "Donets'k",
        "locality": "Artemivs'kyi"
      }
    },
    {
      "type": "Feature",
      "geometry": {
        "type": "Point",
        "coordinates": [
          34.79362,
          48.7262
        ]
      },
      "properties": {
        "frp": 3.07,
        "acq_date": "2026-09-29",
        "acq_time": "1021",
        "satellite": "N21",
        "brightness": null,
        "NAME_1": "Dnipropetrovs'k",
        "locality": "Petrykivs'kyi"
      }
    },
    {
      "type": "Feature",
      "geometry": {
        "type": "Point",
        "coordinates": [
          37.50509,
          48.80016
        ]
      },
      "properties": {
        "frp": 7.49,
        "acq_date": "2026-09-29",
        "acq_time": "1021",
        "satellite": "N21",
        "brightness": null,
        "NAME_1": "Donets'k",
        "locality": "Slovians'kyi"
      }
    },
    {
      "type": "Feature",
      "geometry": {
        "type": "Point",
        "coordinates": [
          35.99146,
          48.97034
        ]
      },
      "properties": {
        "frp": 2.94,
        "acq_date": "2026-09-29",
        "acq_time": "1021",
        "satellite": "N21",
        "brightness": null,
        "NAME_1": "Dnipropetrovs'k",
        "locality": "Iur\u00efvs'kyi"
      }
    },
    {
      "type": "Feature",
      "geometry": {
        "type": "Point",
        "coordinates": [
          34.4091,
          49.41801
        ]
      },
      "properties": {
        "frp": 2.55,
        "acq_date": "2026-09-29",
        "acq_time": "1021",
        "satellite": "N21",
        "brightness": null,
        "NAME_1": "Poltava",
        "locality": "Novosanzhars'kyi"
      }
    },
    {
      "type": "Feature",
      "geometry": {
        "type": "Point",
        "coordinates": [
          34.47393,
          49.46672
        ]
      },
      "properties": {
        "frp": 2.15,
        "acq_date": "2026-09-29",
        "acq_time": "1021",
        "satellite": "N21",
        "brightness": null,
        "NAME_1": "Poltava",
        "locality": "Poltavs'kyi"
      }
    },
    {
      "type": "Feature",
      "geometry": {
        "type": "Point",
        "coordinates": [
          37.37655,
          49.50663
        ]
      },
      "properties": {
        "frp": 3.4,
        "acq_date": "2026-09-29",
        "acq_time": "1021",
        "satellite": "N21",
        "brightness": null,
        "NAME_1": "Kharkiv",
        "locality": "Iziums'kyi"
      }
    },
    {
      "type": "Feature",
      "geometry": {
        "type": "Point",
        "coordinates": [
          33.7669,
          49.67342
        ]
      },
      "properties": {
        "frp": 5.85,
        "acq_date": "2026-09-29",
        "acq_time": "1021",
        "satellite": "N21",
        "brightness": null,
        "NAME_1": "Poltava",
        "locality": "Velykobahachans'kyi"
      }
    },
    {
      "type": "Feature",
      "geometry": {
        "type": "Point",
        "coordinates": [
          36.00767,
          49.85418
        ]
      },
      "properties": {
        "frp": 2.59,
        "acq_date": "2026-09-29",
        "acq_time": "1021",
        "satellite": "N21",
        "brightness": null,
        "NAME_1": "Kharkiv",
        "locality": "Kharkivs'kyi"
      }
    },
    {
      "type": "Feature",
      "geometry": {
        "type": "Point",
        "coordinates": [
          33.31308,
          49.99316
        ]
      },
      "properties": {
        "frp": 7.91,
        "acq_date": "2026-09-29",
        "acq_time": "1021",
        "satellite": "N21",
        "brightness": null,
        "NAME_1": "Poltava",
        "locality": "Lubens'kyi"
      }
    },
    {
      "type": "Feature",
      "geometry": {
        "type": "Point",
        "coordinates": [
          33.31847,
          49.9941
        ]
      },
      "properties": {
        "frp": 10.01,
        "acq_date": "2026-09-29",
        "acq_time": "1021",
        "satellite": "N21",
        "brightness": null,
        "NAME_1": "Poltava",
        "locality": "Lubens'kyi"
      }
    },
    {
      "type": "Feature",
      "geometry": {
        "type": "Point",
        "coordinates": [
          33.31172,
          49.99644
        ]
      },
      "properties": {
        "frp": 7.91,
        "acq_date": "2026-09-29",
        "acq_time": "1021",
        "satellite": "N21",
        "brightness": null,
        "NAME_1": "Poltava",
        "locality": "Lubens'kyi"
      }
    },
    {
      "type": "Feature",
      "geometry": {
        "type": "Point",
        "coordinates": [
          36.29947,
          50.2293
        ]
      },
      "properties": {
        "frp": 3.2,
        "acq_date": "2026-09-29",
        "acq_time": "1021",
        "satellite": "N21",
        "brightness": null,
        "NAME_1": "Kharkiv",
        "locality": "Derhachivs'kyi"
      }
    },
    {
      "type": "Feature",
      "geometry": {
        "type": "Point",
        "coordinates": [
          24.22402,
          50.35265
        ]
      },
      "properties": {
        "frp": 4.08,
        "acq_date": "2026-09-29",
        "acq_time": "1021",
        "satellite": "N21",
        "brightness": null,
        "NAME_1": "L'viv",
        "locality": "Sokal's'kyi"
      }
    },
    {
      "type": "Feature",
      "geometry": {
        "type": "Point",
        "coordinates": [
          30.41259,
          50.44587
        ]
      },
      "properties": {
        "frp": 1.31,
        "acq_date": "2026-09-29",
        "acq_time": "1021",
        "satellite": "N21",
        "brightness": null,
        "NAME_1": "Kiev City",
        "locality": "Solomians'kyi"
      }
    },
    {
      "type": "Feature",
      "geometry": {
        "type": "Point",
        "coordinates": [
          35.54469,
          50.48817
        ]
      },
      "properties": {
        "frp": 78.72,
        "acq_date": "2026-09-29",
        "acq_time": "1021",
        "satellite": "N21",
        "brightness": null,
        "NAME_1": "Belgorod",
        "locality": "Grayvoronskiy rayon"
      }
    },
    {
      "type": "Feature",
      "geometry": {
        "type": "Point",
        "coordinates": [
          35.53816,
          50.49062
        ]
      },
      "properties": {
        "frp": 4.93,
        "acq_date": "2026-09-29",
        "acq_time": "1021",
        "satellite": "N21",
        "brightness": null,
        "NAME_1": "Belgorod",
        "locality": "Grayvoronskiy rayon"
      }
    },
    {
      "type": "Feature",
      "geometry": {
        "type": "Point",
        "coordinates": [
          35.54349,
          50.49142
        ]
      },
      "properties": {
        "frp": 4.93,
        "acq_date": "2026-09-29",
        "acq_time": "1021",
        "satellite": "N21",
        "brightness": null,
        "NAME_1": "Belgorod",
        "locality": "Grayvoronskiy rayon"
      }
    },
    {
      "type": "Feature",
      "geometry": {
        "type": "Point",
        "coordinates": [
          35.54882,
          50.49222
        ]
      },
      "properties": {
        "frp": 3.95,
        "acq_date": "2026-09-29",
        "acq_time": "1021",
        "satellite": "N21",
        "brightness": null,
        "NAME_1": "Belgorod",
        "locality": "Grayvoronskiy rayon"
      }
    },
    {
      "type": "Feature",
      "geometry": {
        "type": "Point",
        "coordinates": [
          35.54229,
          50.49467
        ]
      },
      "properties": {
        "frp": 4.93,
        "acq_date": "2026-09-29",
        "acq_time": "1021",
        "satellite": "N21",
        "brightness": null,
        "NAME_1": "Belgorod",
        "locality": "Grayvoronskiy rayon"
      }
    },
    {
      "type": "Feature",
      "geometry": {
        "type": "Point",
        "coordinates": [
          35.54762,
          50.49548
        ]
      },
      "properties": {
        "frp": 3.95,
        "acq_date": "2026-09-29",
        "acq_time": "1021",
        "satellite": "N21",
        "brightness": null,
        "NAME_1": "Belgorod",
        "locality": "Grayvoronskiy rayon"
      }
    },
    {
      "type": "Feature",
      "geometry": {
        "type": "Point",
        "coordinates": [
          35.54642,
          50.49873
        ]
      },
      "properties": {
        "frp": 3.98,
        "acq_date": "2026-09-29",
        "acq_time": "1021",
        "satellite": "N21",
        "brightness": null,
        "NAME_1": "Belgorod",
        "locality": "Grayvoronskiy rayon"
      }
    },
    {
      "type": "Feature",
      "geometry": {
        "type": "Point",
        "coordinates": [
          26.25001,
          50.74955
        ]
      },
      "properties": {
        "frp": 3.73,
        "acq_date": "2026-09-29",
        "acq_time": "1021",
        "satellite": "N21",
        "brightness": null,
        "NAME_1": "Rivne",
        "locality": "Rivnens'kyi"
      }
    },
    {
      "type": "Feature",
      "geometry": {
        "type": "Point",
        "coordinates": [
          30.23387,
          50.76122
        ]
      },
      "properties": {
        "frp": 2.59,
        "acq_date": "2026-09-29",
        "acq_time": "1021",
        "satellite": "N21",
        "brightness": null,
        "NAME_1": "Kiev",
        "locality": "Vyshhorods'kyi"
      }
    },
    {
      "type": "Feature",
      "geometry": {
        "type": "Point",
        "coordinates": [
          35.86092,
          51.80688
        ]
      },
      "properties": {
        "frp": 1.58,
        "acq_date": "2026-09-29",
        "acq_time": "1021",
        "satellite": "N21",
        "brightness": null,
        "NAME_1": "Kursk",
        "locality": "Kurskiy rayon"
      }
    },
    {
      "type": "Feature",
      "geometry": {
        "type": "Point",
        "coordinates": [
          34.2241,
          51.99199
        ]
      },
      "properties": {
        "frp": 5.19,
        "acq_date": "2026-09-29",
        "acq_time": "1021",
        "satellite": "N21",
        "brightness": null,
        "NAME_1": "Bryansk",
        "locality": "Sevskiy rayon"
      }
    },
    {
      "type": "Feature",
      "geometry": {
        "type": "Point",
        "coordinates": [
          32.49989,
          52.23952
        ]
      },
      "properties": {
        "frp": 5.42,
        "acq_date": "2026-09-29",
        "acq_time": "1021",
        "satellite": "N21",
        "brightness": null,
        "NAME_1": "Chernihiv",
        "locality": "Semenivs'kyi"
      }
    },
    {
      "type": "Feature",
      "geometry": {
        "type": "Point",
        "coordinates": [
          32.0264,
          52.57811
        ]
      },
      "properties": {
        "frp": 1.95,
        "acq_date": "2026-09-29",
        "acq_time": "1021",
        "satellite": "N21",
        "brightness": null,
        "NAME_1": "Bryansk",
        "locality": "Novozybkovskiy rayon"
      }
    },
    {
      "type": "Feature",
      "geometry": {
        "type": "Point",
        "coordinates": [
          32.03058,
          52.58236
        ]
      },
      "properties": {
        "frp": 3.3,
        "acq_date": "2026-09-29",
        "acq_time": "1021",
        "satellite": "N21",
        "brightness": null,
        "NAME_1": "Bryansk",
        "locality": "Novozybkovskiy rayon"
      }
    },
    {
      "type": "Feature",
      "geometry": {
        "type": "Point",
        "coordinates": [
          34.39652,
          52.61791
        ]
      },
      "properties": {
        "frp": 3.67,
        "acq_date": "2026-09-29",
        "acq_time": "1021",
        "satellite": "N21",
        "brightness": null,
        "NAME_1": "Bryansk",
        "locality": "Brasovskiy rayon"
      }
    },
    {
      "type": "Feature",
      "geometry": {
        "type": "Point",
        "coordinates": [
          34.39519,
          52.62115
        ]
      },
      "properties": {
        "frp": 5.76,
        "acq_date": "2026-09-29",
        "acq_time": "1021",
        "satellite": "N21",
        "brightness": null,
        "NAME_1": "Bryansk",
        "locality": "Brasovskiy rayon"
      }
    },
    {
      "type": "Feature",
      "geometry": {
        "type": "Point",
        "coordinates": [
          34.46074,
          52.63453
        ]
      },
      "properties": {
        "frp": 2.37,
        "acq_date": "2026-09-29",
        "acq_time": "1021",
        "satellite": "N21",
        "brightness": null,
        "NAME_1": "Bryansk",
        "locality": "Brasovskiy rayon"
      }
    },
    {
      "type": "Feature",
      "geometry": {
        "type": "Point",
        "coordinates": [
          29.99301,
          52.8463
        ]
      },
      "properties": {
        "frp": 3.7,
        "acq_date": "2026-09-29",
        "acq_time": "1021",
        "satellite": "N21",
        "brightness": null,
        "NAME_1": "Gomel",
        "locality": "\u017dlobin"
      }
    },
    {
      "type": "Feature",
      "geometry": {
        "type": "Point",
        "coordinates": [
          29.99061,
          52.84768
        ]
      },
      "properties": {
        "frp": 6.05,
        "acq_date": "2026-09-29",
        "acq_time": "1021",
        "satellite": "N21",
        "brightness": null,
        "NAME_1": "Gomel",
        "locality": "\u017dlobin"
      }
    },
    {
      "type": "Feature",
      "geometry": {
        "type": "Point",
        "coordinates": [
          35.27348,
          52.86046
        ]
      },
      "properties": {
        "frp": 3.71,
        "acq_date": "2026-09-29",
        "acq_time": "1021",
        "satellite": "N21",
        "brightness": null,
        "NAME_1": "Orel",
        "locality": "Shablykinskiy rayon"
      }
    },
    {
      "type": "Feature",
      "geometry": {
        "type": "Point",
        "coordinates": [
          26.62558,
          52.97215
        ]
      },
      "properties": {
        "frp": 5.14,
        "acq_date": "2026-09-29",
        "acq_time": "1024",
        "satellite": "N21",
        "brightness": null,
        "NAME_1": "Minsk",
        "locality": "Klyetsak"
      }
    },
    {
      "type": "Feature",
      "geometry": {
        "type": "Point",
        "coordinates": [
          22.69612,
          44.15105
        ]
      },
      "properties": {
        "frp": 22.54,
        "acq_date": "2026-09-29",
        "acq_time": "1202",
        "satellite": "N21",
        "brightness": null,
        "NAME_1": "",
        "locality": ""
      }
    },
    {
      "type": "Feature",
      "geometry": {
        "type": "Point",
        "coordinates": [
          22.72715,
          44.44177
        ]
      },
      "properties": {
        "frp": 4.62,
        "acq_date": "2026-09-29",
        "acq_time": "1202",
        "satellite": "N21",
        "brightness": null,
        "NAME_1": "",
        "locality": ""
      }
    },
    {
      "type": "Feature",
      "geometry": {
        "type": "Point",
        "coordinates": [
          23.2268,
          44.72875
        ]
      },
      "properties": {
        "frp": 11.44,
        "acq_date": "2026-09-29",
        "acq_time": "1202",
        "satellite": "N21",
        "brightness": null,
        "NAME_1": "",
        "locality": ""
      }
    },
    {
      "type": "Feature",
      "geometry": {
        "type": "Point",
        "coordinates": [
          23.22635,
          44.73274
        ]
      },
      "properties": {
        "frp": 3.66,
        "acq_date": "2026-09-29",
        "acq_time": "1202",
        "satellite": "N21",
        "brightness": null,
        "NAME_1": "",
        "locality": ""
      }
    },
    {
      "type": "Feature",
      "geometry": {
        "type": "Point",
        "coordinates": [
          22.47931,
          44.90311
        ]
      },
      "properties": {
        "frp": 8.87,
        "acq_date": "2026-09-29",
        "acq_time": "1202",
        "satellite": "N21",
        "brightness": null,
        "NAME_1": "",
        "locality": ""
      }
    },
    {
      "type": "Feature",
      "geometry": {
        "type": "Point",
        "coordinates": [
          22.48055,
          44.90345
        ]
      },
      "properties": {
        "frp": 6.18,
        "acq_date": "2026-09-29",
        "acq_time": "1202",
        "satellite": "N21",
        "brightness": null,
        "NAME_1": "",
        "locality": ""
      }
    },
    {
      "type": "Feature",
      "geometry": {
        "type": "Point",
        "coordinates": [
          23.39863,
          45.13008
        ]
      },
      "properties": {
        "frp": 3.82,
        "acq_date": "2026-09-29",
        "acq_time": "1202",
        "satellite": "N21",
        "brightness": null,
        "NAME_1": "",
        "locality": ""
      }
    },
    {
      "type": "Feature",
      "geometry": {
        "type": "Point",
        "coordinates": [
          23.40259,
          45.13029
        ]
      },
      "properties": {
        "frp": 3.82,
        "acq_date": "2026-09-29",
        "acq_time": "1202",
        "satellite": "N21",
        "brightness": null,
        "NAME_1": "",
        "locality": ""
      }
    },
    {
      "type": "Feature",
      "geometry": {
        "type": "Point",
        "coordinates": [
          30.14868,
          45.97789
        ]
      },
      "properties": {
        "frp": 6.28,
        "acq_date": "2026-09-29",
        "acq_time": "1202",
        "satellite": "N21",
        "brightness": null,
        "NAME_1": "Odessa",
        "locality": "Bilhorod-Dnistrovs'kyi"
      }
    },
    {
      "type": "Feature",
      "geometry": {
        "type": "Point",
        "coordinates": [
          24.2477,
          47.76006
        ]
      },
      "properties": {
        "frp": 4.85,
        "acq_date": "2026-09-29",
        "acq_time": "1202",
        "satellite": "N21",
        "brightness": null,
        "NAME_1": "",
        "locality": ""
      }
    },
    {
      "type": "Feature",
      "geometry": {
        "type": "Point",
        "coordinates": [
          28.64931,
          47.93878
        ]
      },
      "properties": {
        "frp": 5.61,
        "acq_date": "2026-09-29",
        "acq_time": "1202",
        "satellite": "N21",
        "brightness": null,
        "NAME_1": "",
        "locality": ""
      }
    },
    {
      "type": "Feature",
      "geometry": {
        "type": "Point",
        "coordinates": [
          29.87954,
          48.47884
        ]
      },
      "properties": {
        "frp": 17.77,
        "acq_date": "2026-09-29",
        "acq_time": "1202",
        "satellite": "N21",
        "brightness": null,
        "NAME_1": "Vinnytsya",
        "locality": "Bershads'kyi"
      }
    },
    {
      "type": "Feature",
      "geometry": {
        "type": "Point",
        "coordinates": [
          29.87053,
          48.47897
        ]
      },
      "properties": {
        "frp": 12.94,
        "acq_date": "2026-09-29",
        "acq_time": "1202",
        "satellite": "N21",
        "brightness": null,
        "NAME_1": "Vinnytsya",
        "locality": "Bershads'kyi"
      }
    },
    {
      "type": "Feature",
      "geometry": {
        "type": "Point",
        "coordinates": [
          24.04834,
          49.73721
        ]
      },
      "properties": {
        "frp": 4.6,
        "acq_date": "2026-09-29",
        "acq_time": "1204",
        "satellite": "N21",
        "brightness": null,
        "NAME_1": "L'viv",
        "locality": "Pustomytivs'kyi"
      }
    },
    {
      "type": "Feature",
      "geometry": {
        "type": "Point",
        "coordinates": [
          27.95919,
          50.9466
        ]
      },
      "properties": {
        "frp": 6.16,
        "acq_date": "2026-09-29",
        "acq_time": "1204",
        "satellite": "N21",
        "brightness": null,
        "NAME_1": "Zhytomyr",
        "locality": "Iemil'chyns'kyi"
      }
    },
    {
      "type": "Feature",
      "geometry": {
        "type": "Point",
        "coordinates": [
          29.86131,
          51.24403
        ]
      },
      "properties": {
        "frp": 10.78,
        "acq_date": "2026-09-29",
        "acq_time": "1204",
        "satellite": "N21",
        "brightness": null,
        "NAME_1": "Kiev",
        "locality": "Ivankivs'kyi"
      }
    },
    {
      "type": "Feature",
      "geometry": {
        "type": "Point",
        "coordinates": [
          37.9348,
          51.13937
        ]
      },
      "properties": {
        "frp": 3.72,
        "acq_date": "2026-09-29",
        "acq_time": "2233",
        "satellite": "N21",
        "brightness": null,
        "NAME_1": "Belgorod",
        "locality": "Starooskol'skiy rayon"
      }
    },
    {
      "type": "Feature",
      "geometry": {
        "type": "Point",
        "coordinates": [
          37.92863,
          51.1395
        ]
      },
      "properties": {
        "frp": 4.18,
        "acq_date": "2026-09-29",
        "acq_time": "2233",
        "satellite": "N21",
        "brightness": null,
        "NAME_1": "Belgorod",
        "locality": "Starooskol'skiy rayon"
      }
    },
    {
      "type": "Feature",
      "geometry": {
        "type": "Point",
        "coordinates": [
          37.94162,
          51.1562
        ]
      },
      "properties": {
        "frp": 1.13,
        "acq_date": "2026-09-29",
        "acq_time": "2233",
        "satellite": "N21",
        "brightness": null,
        "NAME_1": "Belgorod",
        "locality": "Starooskol'skiy rayon"
      }
    },
    {
      "type": "Feature",
      "geometry": {
        "type": "Point",
        "coordinates": [
          37.76528,
          51.25884
        ]
      },
      "properties": {
        "frp": 2.78,
        "acq_date": "2026-09-29",
        "acq_time": "2233",
        "satellite": "N21",
        "brightness": null,
        "NAME_1": "Belgorod",
        "locality": "Starooskol'skiy rayon"
      }
    },
    {
      "type": "Feature",
      "geometry": {
        "type": "Point",
        "coordinates": [
          37.75908,
          51.25896
        ]
      },
      "properties": {
        "frp": 2.41,
        "acq_date": "2026-09-29",
        "acq_time": "2233",
        "satellite": "N21",
        "brightness": null,
        "NAME_1": "Belgorod",
        "locality": "Starooskol'skiy rayon"
      }
    },
    {
      "type": "Feature",
      "geometry": {
        "type": "Point",
        "coordinates": [
          33.11789,
          51.54094
        ]
      },
      "properties": {
        "frp": 1.48,
        "acq_date": "2026-09-29",
        "acq_time": "2233",
        "satellite": "N21",
        "brightness": null,
        "NAME_1": "Chernihiv",
        "locality": "Korops'kyi"
      }
    },
    {
      "type": "Feature",
      "geometry": {
        "type": "Point",
        "coordinates": [
          34.13694,
          52.1457
        ]
      },
      "properties": {
        "frp": 3.78,
        "acq_date": "2026-09-29",
        "acq_time": "2233",
        "satellite": "N21",
        "brightness": null,
        "NAME_1": "Bryansk",
        "locality": "Sevskiy rayon"
      }
    },
    {
      "type": "Feature",
      "geometry": {
        "type": "Point",
        "coordinates": [
          34.14082,
          52.14822
        ]
      },
      "properties": {
        "frp": 3.37,
        "acq_date": "2026-09-29",
        "acq_time": "2233",
        "satellite": "N21",
        "brightness": null,
        "NAME_1": "Bryansk",
        "locality": "Sevskiy rayon"
      }
    },
    {
      "type": "Feature",
      "geometry": {
        "type": "Point",
        "coordinates": [
          39.69817,
          52.56412
        ]
      },
      "properties": {
        "frp": 1.39,
        "acq_date": "2026-09-29",
        "acq_time": "2233",
        "satellite": "N21",
        "brightness": null,
        "NAME_1": "Lipetsk",
        "locality": "Lipetskiy rayon"
      }
    },
    {
      "type": "Feature",
      "geometry": {
        "type": "Point",
        "coordinates": [
          37.80921,
          44.73477
        ]
      },
      "properties": {
        "frp": 1.19,
        "acq_date": "2026-09-29",
        "acq_time": "2235",
        "satellite": "N21",
        "brightness": null,
        "NAME_1": "Krasnodar",
        "locality": "Gelendzhik gorsovet"
      }
    },
    {
      "type": "Feature",
      "geometry": {
        "type": "Point",
        "coordinates": [
          37.66848,
          44.8452
        ]
      },
      "properties": {
        "frp": 0.7,
        "acq_date": "2026-09-29",
        "acq_time": "2235",
        "satellite": "N21",
        "brightness": null,
        "NAME_1": "Krasnodar",
        "locality": "Novorossiysk gorsovet"
      }
    },
    {
      "type": "Feature",
      "geometry": {
        "type": "Point",
        "coordinates": [
          31.66848,
          45.25907
        ]
      },
      "properties": {
        "frp": 9.12,
        "acq_date": "2026-09-29",
        "acq_time": "2235",
        "satellite": "N21",
        "brightness": null,
        "NAME_1": "",
        "locality": ""
      }
    },
    {
      "type": "Feature",
      "geometry": {
        "type": "Point",
        "coordinates": [
          31.67859,
          45.25922
        ]
      },
      "properties": {
        "frp": 5.74,
        "acq_date": "2026-09-29",
        "acq_time": "2235",
        "satellite": "N21",
        "brightness": null,
        "NAME_1": "",
        "locality": ""
      }
    },
    {
      "type": "Feature",
      "geometry": {
        "type": "Point",
        "coordinates": [
          34.14828,
          46.66775
        ]
      },
      "properties": {
        "frp": 2.01,
        "acq_date": "2026-09-29",
        "acq_time": "2235",
        "satellite": "N21",
        "brightness": null,
        "NAME_1": "Kherson",
        "locality": "Novotro\u2039ts'kyi"
      }
    },
    {
      "type": "Feature",
      "geometry": {
        "type": "Point",
        "coordinates": [
          34.15023,
          46.66838
        ]
      },
      "properties": {
        "frp": 1.98,
        "acq_date": "2026-09-29",
        "acq_time": "2235",
        "satellite": "N21",
        "brightness": null,
        "NAME_1": "Kherson",
        "locality": "Novotro\u2039ts'kyi"
      }
    },
    {
      "type": "Feature",
      "geometry": {
        "type": "Point",
        "coordinates": [
          33.33219,
          46.74806
        ]
      },
      "properties": {
        "frp": 3.01,
        "acq_date": "2026-09-29",
        "acq_time": "2235",
        "satellite": "N21",
        "brightness": null,
        "NAME_1": "Kherson",
        "locality": "Beryslavs'kyi"
      }
    },
    {
      "type": "Feature",
      "geometry": {
        "type": "Point",
        "coordinates": [
          33.3343,
          46.7529
        ]
      },
      "properties": {
        "frp": 2.58,
        "acq_date": "2026-09-29",
        "acq_time": "2235",
        "satellite": "N21",
        "brightness": null,
        "NAME_1": "Kherson",
        "locality": "Beryslavs'kyi"
      }
    },
    {
      "type": "Feature",
      "geometry": {
        "type": "Point",
        "coordinates": [
          33.35855,
          46.80225
        ]
      },
      "properties": {
        "frp": 0.95,
        "acq_date": "2026-09-29",
        "acq_time": "2235",
        "satellite": "N21",
        "brightness": null,
        "NAME_1": "Kherson",
        "locality": "Beryslavs'kyi"
      }
    },
    {
      "type": "Feature",
      "geometry": {
        "type": "Point",
        "coordinates": [
          33.62128,
          47.32742
        ]
      },
      "properties": {
        "frp": 1.17,
        "acq_date": "2026-09-29",
        "acq_time": "2235",
        "satellite": "N21",
        "brightness": null,
        "NAME_1": "Kherson",
        "locality": "Novovorontsovs'kyi"
      }
    },
    {
      "type": "Feature",
      "geometry": {
        "type": "Point",
        "coordinates": [
          35.46791,
          47.77291
        ]
      },
      "properties": {
        "frp": 1.38,
        "acq_date": "2026-09-29",
        "acq_time": "2235",
        "satellite": "N21",
        "brightness": null,
        "NAME_1": "Zaporizhia",
        "locality": "Orikhivs'kyi"
      }
    },
    {
      "type": "Feature",
      "geometry": {
        "type": "Point",
        "coordinates": [
          35.46506,
          47.77427
        ]
      },
      "properties": {
        "frp": 1.77,
        "acq_date": "2026-09-29",
        "acq_time": "2235",
        "satellite": "N21",
        "brightness": null,
        "NAME_1": "Zaporizhia",
        "locality": "Orikhivs'kyi"
      }
    },
    {
      "type": "Feature",
      "geometry": {
        "type": "Point",
        "coordinates": [
          33.43721,
          47.87238
        ]
      },
      "properties": {
        "frp": 1.02,
        "acq_date": "2026-09-29",
        "acq_time": "2235",
        "satellite": "N21",
        "brightness": null,
        "NAME_1": "Dnipropetrovs'k",
        "locality": "KryvyiRig"
      }
    },
    {
      "type": "Feature",
      "geometry": {
        "type": "Point",
        "coordinates": [
          36.8533,
          48.00443
        ]
      },
      "properties": {
        "frp": 0.93,
        "acq_date": "2026-09-29",
        "acq_time": "2235",
        "satellite": "N21",
        "brightness": null,
        "NAME_1": "Donets'k",
        "locality": "Velykonovosilkivs'kyi"
      }
    },
    {
      "type": "Feature",
      "geometry": {
        "type": "Point",
        "coordinates": [
          37.95353,
          48.06007
        ]
      },
      "properties": {
        "frp": 1.02,
        "acq_date": "2026-09-29",
        "acq_time": "2235",
        "satellite": "N21",
        "brightness": null,
        "NAME_1": "Donets'k",
        "locality": "Maki\u2039vs'ka"
      }
    },
    {
      "type": "Feature",
      "geometry": {
        "type": "Point",
        "coordinates": [
          36.37152,
          48.1116
        ]
      },
      "properties": {
        "frp": 0.73,
        "acq_date": "2026-09-29",
        "acq_time": "2235",
        "satellite": "N21",
        "brightness": null,
        "NAME_1": "Dnipropetrovs'k",
        "locality": "Pokrovs'kyi"
      }
    },
    {
      "type": "Feature",
      "geometry": {
        "type": "Point",
        "coordinates": [
          37.18531,
          48.28684
        ]
      },
      "properties": {
        "frp": 0.68,
        "acq_date": "2026-09-29",
        "acq_time": "2235",
        "satellite": "N21",
        "brightness": null,
        "NAME_1": "Donets'k",
        "locality": "Krasnoarmiis'ka"
      }
    },
    {
      "type": "Feature",
      "geometry": {
        "type": "Point",
        "coordinates": [
          37.18577,
          48.28783
        ]
      },
      "properties": {
        "frp": 0.74,
        "acq_date": "2026-09-29",
        "acq_time": "2235",
        "satellite": "N21",
        "brightness": null,
        "NAME_1": "Donets'k",
        "locality": "Krasnoarmiis'ka"
      }
    },
    {
      "type": "Feature",
      "geometry": {
        "type": "Point",
        "coordinates": [
          37.08904,
          48.46943
        ]
      },
      "properties": {
        "frp": 0.65,
        "acq_date": "2026-09-29",
        "acq_time": "2235",
        "satellite": "N21",
        "brightness": null,
        "NAME_1": "Donets'k",
        "locality": "Dobropil's'ka"
      }
    },
    {
      "type": "Feature",
      "geometry": {
        "type": "Point",
        "coordinates": [
          34.63228,
          48.5209
        ]
      },
      "properties": {
        "frp": 1.41,
        "acq_date": "2026-09-29",
        "acq_time": "2235",
        "satellite": "N21",
        "brightness": null,
        "NAME_1": "Dnipropetrovs'k",
        "locality": "Petrykivs'kyi"
      }
    },
    {
      "type": "Feature",
      "geometry": {
        "type": "Point",
        "coordinates": [
          34.40726,
          49.41401
        ]
      },
      "properties": {
        "frp": 0.95,
        "acq_date": "2026-09-29",
        "acq_time": "2235",
        "satellite": "N21",
        "brightness": null,
        "NAME_1": "Poltava",
        "locality": "Novosanzhars'kyi"
      }
    },
    {
      "type": "Feature",
      "geometry": {
        "type": "Point",
        "coordinates": [
          39.63787,
          52.53014
        ]
      },
      "properties": {
        "frp": 1.66,
        "acq_date": "2026-09-30",
        "acq_time": "13",
        "satellite": "N21",
        "brightness": null,
        "NAME_1": "Lipetsk",
        "locality": "Lipetskiy rayon"
      }
    },
    {
      "type": "Feature",
      "geometry": {
        "type": "Point",
        "coordinates": [
          39.63141,
          52.5318
        ]
      },
      "properties": {
        "frp": 1.66,
        "acq_date": "2026-09-30",
        "acq_time": "13",
        "satellite": "N21",
        "brightness": null,
        "NAME_1": "Lipetsk",
        "locality": "Lipetskiy rayon"
      }
    },
    {
      "type": "Feature",
      "geometry": {
        "type": "Point",
        "coordinates": [
          39.62493,
          52.53345
        ]
      },
      "properties": {
        "frp": 2.39,
        "acq_date": "2026-09-30",
        "acq_time": "13",
        "satellite": "N21",
        "brightness": null,
        "NAME_1": "Lipetsk",
        "locality": "Lipetskiy rayon"
      }
    },
    {
      "type": "Feature",
      "geometry": {
        "type": "Point",
        "coordinates": [
          39.62784,
          52.5375
        ]
      },
      "properties": {
        "frp": 2.39,
        "acq_date": "2026-09-30",
        "acq_time": "13",
        "satellite": "N21",
        "brightness": null,
        "NAME_1": "Lipetsk",
        "locality": "Lipetskiy rayon"
      }
    },
    {
      "type": "Feature",
      "geometry": {
        "type": "Point",
        "coordinates": [
          39.62136,
          52.53916
        ]
      },
      "properties": {
        "frp": 2.39,
        "acq_date": "2026-09-30",
        "acq_time": "13",
        "satellite": "N21",
        "brightness": null,
        "NAME_1": "Lipetsk",
        "locality": "Lipetsk"
      }
    },
    {
      "type": "Feature",
      "geometry": {
        "type": "Point",
        "coordinates": [
          39.61491,
          52.54081
        ]
      },
      "properties": {
        "frp": 1.65,
        "acq_date": "2026-09-30",
        "acq_time": "13",
        "satellite": "N21",
        "brightness": null,
        "NAME_1": "Lipetsk",
        "locality": "Lipetsk"
      }
    },
    {
      "type": "Feature",
      "geometry": {
        "type": "Point",
        "coordinates": [
          39.64132,
          52.54447
        ]
      },
      "properties": {
        "frp": 2.51,
        "acq_date": "2026-09-30",
        "acq_time": "13",
        "satellite": "N21",
        "brightness": null,
        "NAME_1": "Lipetsk",
        "locality": "Lipetsk"
      }
    },
    {
      "type": "Feature",
      "geometry": {
        "type": "Point",
        "coordinates": [
          39.63355,
          52.54563
        ]
      },
      "properties": {
        "frp": 4.91,
        "acq_date": "2026-09-30",
        "acq_time": "13",
        "satellite": "N21",
        "brightness": null,
        "NAME_1": "Lipetsk",
        "locality": "Lipetsk"
      }
    },
    {
      "type": "Feature",
      "geometry": {
        "type": "Point",
        "coordinates": [
          39.63483,
          52.54616
        ]
      },
      "properties": {
        "frp": 2.51,
        "acq_date": "2026-09-30",
        "acq_time": "13",
        "satellite": "N21",
        "brightness": null,
        "NAME_1": "Lipetsk",
        "locality": "Lipetsk"
      }
    },
    {
      "type": "Feature",
      "geometry": {
        "type": "Point",
        "coordinates": [
          39.64293,
          52.54803
        ]
      },
      "properties": {
        "frp": 1.13,
        "acq_date": "2026-09-30",
        "acq_time": "13",
        "satellite": "N21",
        "brightness": null,
        "NAME_1": "Lipetsk",
        "locality": "Lipetsk"
      }
    },
    {
      "type": "Feature",
      "geometry": {
        "type": "Point",
        "coordinates": [
          39.61695,
          52.55465
        ]
      },
      "properties": {
        "frp": 2.06,
        "acq_date": "2026-09-30",
        "acq_time": "13",
        "satellite": "N21",
        "brightness": null,
        "NAME_1": "Lipetsk",
        "locality": "Lipetsk"
      }
    },
    {
      "type": "Feature",
      "geometry": {
        "type": "Point",
        "coordinates": [
          39.5789,
          52.55479
        ]
      },
      "properties": {
        "frp": 3.01,
        "acq_date": "2026-09-30",
        "acq_time": "13",
        "satellite": "N21",
        "brightness": null,
        "NAME_1": "Lipetsk",
        "locality": "Lipetsk"
      }
    },
    {
      "type": "Feature",
      "geometry": {
        "type": "Point",
        "coordinates": [
          39.6183,
          52.55527
        ]
      },
      "properties": {
        "frp": 6.52,
        "acq_date": "2026-09-30",
        "acq_time": "13",
        "satellite": "N21",
        "brightness": null,
        "NAME_1": "Lipetsk",
        "locality": "Lipetsk"
      }
    },
    {
      "type": "Feature",
      "geometry": {
        "type": "Point",
        "coordinates": [
          39.59607,
          52.55626
        ]
      },
      "properties": {
        "frp": 1.49,
        "acq_date": "2026-09-30",
        "acq_time": "13",
        "satellite": "N21",
        "brightness": null,
        "NAME_1": "Lipetsk",
        "locality": "Lipetsk"
      }
    },
    {
      "type": "Feature",
      "geometry": {
        "type": "Point",
        "coordinates": [
          39.57254,
          52.55641
        ]
      },
      "properties": {
        "frp": 3.01,
        "acq_date": "2026-09-30",
        "acq_time": "13",
        "satellite": "N21",
        "brightness": null,
        "NAME_1": "Lipetsk",
        "locality": "Lipetsk"
      }
    },
    {
      "type": "Feature",
      "geometry": {
        "type": "Point",
        "coordinates": [
          39.57404,
          52.55721
        ]
      },
      "properties": {
        "frp": 6.33,
        "acq_date": "2026-09-30",
        "acq_time": "13",
        "satellite": "N21",
        "brightness": null,
        "NAME_1": "Lipetsk",
        "locality": "Lipetsk"
      }
    },
    {
      "type": "Feature",
      "geometry": {
        "type": "Point",
        "coordinates": [
          39.58966,
          52.55793
        ]
      },
      "properties": {
        "frp": 1.71,
        "acq_date": "2026-09-30",
        "acq_time": "13",
        "satellite": "N21",
        "brightness": null,
        "NAME_1": "Lipetsk",
        "locality": "Lipetsk"
      }
    },
    {
      "type": "Feature",
      "geometry": {
        "type": "Point",
        "coordinates": [
          39.61981,
          52.55871
        ]
      },
      "properties": {
        "frp": 2.06,
        "acq_date": "2026-09-30",
        "acq_time": "13",
        "satellite": "N21",
        "brightness": null,
        "NAME_1": "Lipetsk",
        "locality": "Lipetsk"
      }
    },
    {
      "type": "Feature",
      "geometry": {
        "type": "Point",
        "coordinates": [
          39.7002,
          52.56281
        ]
      },
      "properties": {
        "frp": 2.21,
        "acq_date": "2026-09-30",
        "acq_time": "13",
        "satellite": "N21",
        "brightness": null,
        "NAME_1": "Lipetsk",
        "locality": "Lipetskiy rayon"
      }
    },
    {
      "type": "Feature",
      "geometry": {
        "type": "Point",
        "coordinates": [
          37.80708,
          44.73215
        ]
      },
      "properties": {
        "frp": 1.27,
        "acq_date": "2026-09-30",
        "acq_time": "16",
        "satellite": "N21",
        "brightness": null,
        "NAME_1": "Krasnodar",
        "locality": "Gelendzhik gorsovet"
      }
    },
    {
      "type": "Feature",
      "geometry": {
        "type": "Point",
        "coordinates": [
          37.80998,
          44.73555
        ]
      },
      "properties": {
        "frp": 1.35,
        "acq_date": "2026-09-30",
        "acq_time": "16",
        "satellite": "N21",
        "brightness": null,
        "NAME_1": "Krasnodar",
        "locality": "Gelendzhik gorsovet"
      }
    },
    {
      "type": "Feature",
      "geometry": {
        "type": "Point",
        "coordinates": [
          37.66882,
          44.8454
        ]
      },
      "properties": {
        "frp": 0.59,
        "acq_date": "2026-09-30",
        "acq_time": "16",
        "satellite": "N21",
        "brightness": null,
        "NAME_1": "Krasnodar",
        "locality": "Novorossiysk gorsovet"
      }
    },
    {
      "type": "Feature",
      "geometry": {
        "type": "Point",
        "coordinates": [
          33.74922,
          45.97565
        ]
      },
      "properties": {
        "frp": 0.54,
        "acq_date": "2026-09-30",
        "acq_time": "16",
        "satellite": "N21",
        "brightness": null,
        "NAME_1": "Crimea",
        "locality": "Krasnoperekops'kyi"
      }
    },
    {
      "type": "Feature",
      "geometry": {
        "type": "Point",
        "coordinates": [
          29.12864,
          46.02798
        ]
      },
      "properties": {
        "frp": 0.87,
        "acq_date": "2026-09-30",
        "acq_time": "16",
        "satellite": "N21",
        "brightness": null,
        "NAME_1": "Odessa",
        "locality": "Tarutyns'kyi"
      }
    },
    {
      "type": "Feature",
      "geometry": {
        "type": "Point",
        "coordinates": [
          29.88383,
          46.05346
        ]
      },
      "properties": {
        "frp": 4.74,
        "acq_date": "2026-09-30",
        "acq_time": "16",
        "satellite": "N21",
        "brightness": null,
        "NAME_1": "Odessa",
        "locality": "Sarats'kyi"
      }
    },
    {
      "type": "Feature",
      "geometry": {
        "type": "Point",
        "coordinates": [
          34.82597,
          46.09164
        ]
      },
      "properties": {
        "frp": 9.02,
        "acq_date": "2026-09-30",
        "acq_time": "16",
        "satellite": "N21",
        "brightness": null,
        "NAME_1": "Kherson",
        "locality": "Heniches'kyi"
      }
    },
    {
      "type": "Feature",
      "geometry": {
        "type": "Point",
        "coordinates": [
          34.82803,
          46.09571
        ]
      },
      "properties": {
        "frp": 9.02,
        "acq_date": "2026-09-30",
        "acq_time": "16",
        "satellite": "N21",
        "brightness": null,
        "NAME_1": "Kherson",
        "locality": "Heniches'kyi"
      }
    },
    {
      "type": "Feature",
      "geometry": {
        "type": "Point",
        "coordinates": [
          34.83009,
          46.09978
        ]
      },
      "properties": {
        "frp": 125.49,
        "acq_date": "2026-09-30",
        "acq_time": "16",
        "satellite": "N21",
        "brightness": null,
        "NAME_1": "Kherson",
        "locality": "Heniches'kyi"
      }
    },
    {
      "type": "Feature",
      "geometry": {
        "type": "Point",
        "coordinates": [
          34.82454,
          46.10112
        ]
      },
      "properties": {
        "frp": 16.46,
        "acq_date": "2026-09-30",
        "acq_time": "16",
        "satellite": "N21",
        "brightness": null,
        "NAME_1": "Kherson",
        "locality": "Heniches'kyi"
      }
    },
    {
      "type": "Feature",
      "geometry": {
        "type": "Point",
        "coordinates": [
          34.82661,
          46.10519
        ]
      },
      "properties": {
        "frp": 16.46,
        "acq_date": "2026-09-30",
        "acq_time": "16",
        "satellite": "N21",
        "brightness": null,
        "NAME_1": "Kherson",
        "locality": "Heniches'kyi"
      }
    },
    {
      "type": "Feature",
      "geometry": {
        "type": "Point",
        "coordinates": [
          34.82866,
          46.10926
        ]
      },
      "properties": {
        "frp": 3.43,
        "acq_date": "2026-09-30",
        "acq_time": "16",
        "satellite": "N21",
        "brightness": null,
        "NAME_1": "Kherson",
        "locality": "Heniches'kyi"
      }
    },
    {
      "type": "Feature",
      "geometry": {
        "type": "Point",
        "coordinates": [
          35.0897,
          46.55936
        ]
      },
      "properties": {
        "frp": 1.19,
        "acq_date": "2026-09-30",
        "acq_time": "16",
        "satellite": "N21",
        "brightness": null,
        "NAME_1": "Zaporizhia",
        "locality": "Iakymivs'kyi"
      }
    },
    {
      "type": "Feature",
      "geometry": {
        "type": "Point",
        "coordinates": [
          33.35863,
          46.8003
        ]
      },
      "properties": {
        "frp": 1.72,
        "acq_date": "2026-09-30",
        "acq_time": "16",
        "satellite": "N21",
        "brightness": null,
        "NAME_1": "Kherson",
        "locality": "Beryslavs'kyi"
      }
    },
    {
      "type": "Feature",
      "geometry": {
        "type": "Point",
        "coordinates": [
          26.03096,
          46.89521
        ]
      },
      "properties": {
        "frp": 0.75,
        "acq_date": "2026-09-30",
        "acq_time": "16",
        "satellite": "N21",
        "brightness": null,
        "NAME_1": "",
        "locality": ""
      }
    },
    {
      "type": "Feature",
      "geometry": {
        "type": "Point",
        "coordinates": [
          22.33412,
          47.03741
        ]
      },
      "properties": {
        "frp": 0.42,
        "acq_date": "2026-09-30",
        "acq_time": "16",
        "satellite": "N21",
        "brightness": null,
        "NAME_1": "",
        "locality": ""
      }
    },
    {
      "type": "Feature",
      "geometry": {
        "type": "Point",
        "coordinates": [
          31.75873,
          47.1733
        ]
      },
      "properties": {
        "frp": 1.08,
        "acq_date": "2026-09-30",
        "acq_time": "16",
        "satellite": "N21",
        "brightness": null,
        "NAME_1": "Mykolayiv",
        "locality": "Mykola\u2039vs'kyi"
      }
    },
    {
      "type": "Feature",
      "geometry": {
        "type": "Point",
        "coordinates": [
          33.58639,
          47.23384
        ]
      },
      "properties": {
        "frp": 0.74,
        "acq_date": "2026-09-30",
        "acq_time": "16",
        "satellite": "N21",
        "brightness": null,
        "NAME_1": "Kherson",
        "locality": "Velykooleksandrivs'kyi"
      }
    },
    {
      "type": "Feature",
      "geometry": {
        "type": "Point",
        "coordinates": [
          36.65325,
          47.35097
        ]
      },
      "properties": {
        "frp": 4.64,
        "acq_date": "2026-09-30",
        "acq_time": "16",
        "satellite": "N21",
        "brightness": null,
        "NAME_1": "Zaporizhia",
        "locality": "Kuibyshevs'kyi"
      }
    },
    {
      "type": "Feature",
      "geometry": {
        "type": "Point",
        "coordinates": [
          34.88496,
          47.57764
        ]
      },
      "properties": {
        "frp": 2.37,
        "acq_date": "2026-09-30",
        "acq_time": "16",
        "satellite": "N21",
        "brightness": null,
        "NAME_1": "Dnipropetrovs'k",
        "locality": "Tomakivs'kyi"
      }
    },
    {
      "type": "Feature",
      "geometry": {
        "type": "Point",
        "coordinates": [
          29.01786,
          47.78572
        ]
      },
      "properties": {
        "frp": 1.58,
        "acq_date": "2026-09-30",
        "acq_time": "16",
        "satellite": "N21",
        "brightness": null,
        "NAME_1": "",
        "locality": ""
      }
    },
    {
      "type": "Feature",
      "geometry": {
        "type": "Point",
        "coordinates": [
          33.41212,
          47.87395
        ]
      },
      "properties": {
        "frp": 1.74,
        "acq_date": "2026-09-30",
        "acq_time": "16",
        "satellite": "N21",
        "brightness": null,
        "NAME_1": "Dnipropetrovs'k",
        "locality": "KryvyiRig"
      }
    },
    {
      "type": "Feature",
      "geometry": {
        "type": "Point",
        "coordinates": [
          37.59996,
          48.248
        ]
      },
      "properties": {
        "frp": 1.21,
        "acq_date": "2026-09-30",
        "acq_time": "16",
        "satellite": "N21",
        "brightness": null,
        "NAME_1": "Donets'k",
        "locality": "Iasynuvats'kyi"
      }
    },
    {
      "type": "Feature",
      "geometry": {
        "type": "Point",
        "coordinates": [
          37.25594,
          48.35609
        ]
      },
      "properties": {
        "frp": 1.31,
        "acq_date": "2026-09-30",
        "acq_time": "16",
        "satellite": "N21",
        "brightness": null,
        "NAME_1": "Donets'k",
        "locality": "Krasnoarmiis'kyi"
      }
    },
    {
      "type": "Feature",
      "geometry": {
        "type": "Point",
        "coordinates": [
          34.63262,
          48.47169
        ]
      },
      "properties": {
        "frp": 0.94,
        "acq_date": "2026-09-30",
        "acq_time": "16",
        "satellite": "N21",
        "brightness": null,
        "NAME_1": "Dnipropetrovs'k",
        "locality": "Dniprodzerzhyns'ka"
      }
    },
    {
      "type": "Feature",
      "geometry": {
        "type": "Point",
        "coordinates": [
          34.62766,
          48.47282
        ]
      },
      "properties": {
        "frp": 0.94,
        "acq_date": "2026-09-30",
        "acq_time": "16",
        "satellite": "N21",
        "brightness": null,
        "NAME_1": "Dnipropetrovs'k",
        "locality": "Dniprodzerzhyns'ka"
      }
    },
    {
      "type": "Feature",
      "geometry": {
        "type": "Point",
        "coordinates": [
          34.63367,
          48.52065
        ]
      },
      "properties": {
        "frp": 1.12,
        "acq_date": "2026-09-30",
        "acq_time": "16",
        "satellite": "N21",
        "brightness": null,
        "NAME_1": "Dnipropetrovs'k",
        "locality": "Petrykivs'kyi"
      }
    },
    {
      "type": "Feature",
      "geometry": {
        "type": "Point",
        "coordinates": [
          34.61868,
          48.52407
        ]
      },
      "properties": {
        "frp": 0.65,
        "acq_date": "2026-09-30",
        "acq_time": "16",
        "satellite": "N21",
        "brightness": null,
        "NAME_1": "Dnipropetrovs'k",
        "locality": "Petrykivs'kyi"
      }
    },
    {
      "type": "Feature",
      "geometry": {
        "type": "Point",
        "coordinates": [
          24.70875,
          48.97468
        ]
      },
      "properties": {
        "frp": 2.68,
        "acq_date": "2026-09-30",
        "acq_time": "16",
        "satellite": "N21",
        "brightness": null,
        "NAME_1": "Ivano-Frankivs'k",
        "locality": "Tysmenyts'kyi"
      }
    },
    {
      "type": "Feature",
      "geometry": {
        "type": "Point",
        "coordinates": [
          35.03857,
          49.28999
        ]
      },
      "properties": {
        "frp": 0.6,
        "acq_date": "2026-09-30",
        "acq_time": "16",
        "satellite": "N21",
        "brightness": null,
        "NAME_1": "Kharkiv",
        "locality": "Zachepylivs'kyi"
      }
    },
    {
      "type": "Feature",
      "geometry": {
        "type": "Point",
        "coordinates": [
          34.40753,
          49.41836
        ]
      },
      "properties": {
        "frp": 2.24,
        "acq_date": "2026-09-30",
        "acq_time": "16",
        "satellite": "N21",
        "brightness": null,
        "NAME_1": "Poltava",
        "locality": "Novosanzhars'kyi"
      }
    },
    {
      "type": "Feature",
      "geometry": {
        "type": "Point",
        "coordinates": [
          36.06248,
          49.80992
        ]
      },
      "properties": {
        "frp": 0.73,
        "acq_date": "2026-09-30",
        "acq_time": "16",
        "satellite": "N21",
        "brightness": null,
        "NAME_1": "Kharkiv",
        "locality": "Kharkivs'kyi"
      }
    },
    {
      "type": "Feature",
      "geometry": {
        "type": "Point",
        "coordinates": [
          37.3969,
          50.04038
        ]
      },
      "properties": {
        "frp": 0.53,
        "acq_date": "2026-09-30",
        "acq_time": "16",
        "satellite": "N21",
        "brightness": null,
        "NAME_1": "Kharkiv",
        "locality": "Velykoburluts'kyi"
      }
    },
    {
      "type": "Feature",
      "geometry": {
        "type": "Point",
        "coordinates": [
          37.38829,
          50.07043
        ]
      },
      "properties": {
        "frp": 0.85,
        "acq_date": "2026-09-30",
        "acq_time": "16",
        "satellite": "N21",
        "brightness": null,
        "NAME_1": "Kharkiv",
        "locality": "Velykoburluts'kyi"
      }
    },
    {
      "type": "Feature",
      "geometry": {
        "type": "Point",
        "coordinates": [
          30.74492,
          50.13614
        ]
      },
      "properties": {
        "frp": 0.75,
        "acq_date": "2026-09-30",
        "acq_time": "16",
        "satellite": "N21",
        "brightness": null,
        "NAME_1": "Kiev",
        "locality": "Obukhivs'kyi"
      }
    },
    {
      "type": "Feature",
      "geometry": {
        "type": "Point",
        "coordinates": [
          30.57821,
          50.37875
        ]
      },
      "properties": {
        "frp": 1.22,
        "acq_date": "2026-09-30",
        "acq_time": "16",
        "satellite": "N21",
        "brightness": null,
        "NAME_1": "Kiev City",
        "locality": "Holosi\u00efvs'kyi"
      }
    },
    {
      "type": "Feature",
      "geometry": {
        "type": "Point",
        "coordinates": [
          30.3651,
          50.43857
        ]
      },
      "properties": {
        "frp": 4.59,
        "acq_date": "2026-09-30",
        "acq_time": "16",
        "satellite": "N21",
        "brightness": null,
        "NAME_1": "Kiev",
        "locality": "Kyievo-Sviatoshyns'kyi"
      }
    },
    {
      "type": "Feature",
      "geometry": {
        "type": "Point",
        "coordinates": [
          30.4814,
          50.48266
        ]
      },
      "properties": {
        "frp": 1.76,
        "acq_date": "2026-09-30",
        "acq_time": "16",
        "satellite": "N21",
        "brightness": null,
        "NAME_1": "Kiev City",
        "locality": "Podil's'kyi"
      }
    },
    {
      "type": "Feature",
      "geometry": {
        "type": "Point",
        "coordinates": [
          26.25836,
          50.54319
        ]
      },
      "properties": {
        "frp": 1.5,
        "acq_date": "2026-09-30",
        "acq_time": "16",
        "satellite": "N21",
        "brightness": null,
        "NAME_1": "Rivne",
        "locality": "Zdolbunivs'kyi"
      }
    },
    {
      "type": "Feature",
      "geometry": {
        "type": "Point",
        "coordinates": [
          30.53062,
          50.57806
        ]
      },
      "properties": {
        "frp": 5.28,
        "acq_date": "2026-09-30",
        "acq_time": "16",
        "satellite": "N21",
        "brightness": null,
        "NAME_1": "Kiev",
        "locality": "Vyshhorods'kyi"
      }
    },
    {
      "type": "Feature",
      "geometry": {
        "type": "Point",
        "coordinates": [
          30.48639,
          50.60027
        ]
      },
      "properties": {
        "frp": 1.04,
        "acq_date": "2026-09-30",
        "acq_time": "16",
        "satellite": "N21",
        "brightness": null,
        "NAME_1": "Kiev",
        "locality": "Vyshhorods'kyi"
      }
    },
    {
      "type": "Feature",
      "geometry": {
        "type": "Point",
        "coordinates": [
          37.93138,
          51.13511
        ]
      },
      "properties": {
        "frp": 0.83,
        "acq_date": "2026-09-30",
        "acq_time": "16",
        "satellite": "N21",
        "brightness": null,
        "NAME_1": "Belgorod",
        "locality": "Starooskol'skiy rayon"
      }
    },
    {
      "type": "Feature",
      "geometry": {
        "type": "Point",
        "coordinates": [
          37.93478,
          51.13811
        ]
      },
      "properties": {
        "frp": 2.29,
        "acq_date": "2026-09-30",
        "acq_time": "16",
        "satellite": "N21",
        "brightness": null,
        "NAME_1": "Belgorod",
        "locality": "Starooskol'skiy rayon"
      }
    },
    {
      "type": "Feature",
      "geometry": {
        "type": "Point",
        "coordinates": [
          37.7638,
          51.25869
        ]
      },
      "properties": {
        "frp": 1.83,
        "acq_date": "2026-09-30",
        "acq_time": "16",
        "satellite": "N21",
        "brightness": null,
        "NAME_1": "Belgorod",
        "locality": "Starooskol'skiy rayon"
      }
    },
    {
      "type": "Feature",
      "geometry": {
        "type": "Point",
        "coordinates": [
          34.28598,
          51.59647
        ]
      },
      "properties": {
        "frp": 1.27,
        "acq_date": "2026-09-30",
        "acq_time": "16",
        "satellite": "N21",
        "brightness": null,
        "NAME_1": "Kursk",
        "locality": "Ryl'skiy rayon"
      }
    },
    {
      "type": "Feature",
      "geometry": {
        "type": "Point",
        "coordinates": [
          29.34169,
          51.89048
        ]
      },
      "properties": {
        "frp": 0.98,
        "acq_date": "2026-09-30",
        "acq_time": "16",
        "satellite": "N21",
        "brightness": null,
        "NAME_1": "Gomel",
        "locality": "Mazyr"
      }
    },
    {
      "type": "Feature",
      "geometry": {
        "type": "Point",
        "coordinates": [
          29.34308,
          51.89371
        ]
      },
      "properties": {
        "frp": 0.81,
        "acq_date": "2026-09-30",
        "acq_time": "16",
        "satellite": "N21",
        "brightness": null,
        "NAME_1": "Gomel",
        "locality": "Mazyr"
      }
    },
    {
      "type": "Feature",
      "geometry": {
        "type": "Point",
        "coordinates": [
          34.14492,
          52.14834
        ]
      },
      "properties": {
        "frp": 1.15,
        "acq_date": "2026-09-30",
        "acq_time": "16",
        "satellite": "N21",
        "brightness": null,
        "NAME_1": "Bryansk",
        "locality": "Sevskiy rayon"
      }
    },
    {
      "type": "Feature",
      "geometry": {
        "type": "Point",
        "coordinates": [
          32.56644,
          52.3544
        ]
      },
      "properties": {
        "frp": 0.61,
        "acq_date": "2026-09-30",
        "acq_time": "16",
        "satellite": "N21",
        "brightness": null,
        "NAME_1": "Bryansk",
        "locality": "Starodubskiy rayon"
      }
    },
    {
      "type": "Feature",
      "geometry": {
        "type": "Point",
        "coordinates": [
          32.65923,
          52.35494
        ]
      },
      "properties": {
        "frp": 1.49,
        "acq_date": "2026-09-30",
        "acq_time": "16",
        "satellite": "N21",
        "brightness": null,
        "NAME_1": "Bryansk",
        "locality": "Starodubskiy rayon"
      }
    },
    {
      "type": "Feature",
      "geometry": {
        "type": "Point",
        "coordinates": [
          32.22443,
          52.80612
        ]
      },
      "properties": {
        "frp": 1.06,
        "acq_date": "2026-09-30",
        "acq_time": "16",
        "satellite": "N21",
        "brightness": null,
        "NAME_1": "Bryansk",
        "locality": "Klintsovskiy rayon"
      }
    },
    {
      "type": "Feature",
      "geometry": {
        "type": "Point",
        "coordinates": [
          28.30679,
          44.23845
        ]
      },
      "properties": {
        "frp": 0.55,
        "acq_date": "2026-09-30",
        "acq_time": "18",
        "satellite": "N21",
        "brightness": null,
        "NAME_1": "",
        "locality": ""
      }
    },
    {
      "type": "Feature",
      "geometry": {
        "type": "Point",
        "coordinates": [
          33.85774,
          44.77085
        ]
      },
      "properties": {
        "frp": 1.34,
        "acq_date": "2026-09-30",
        "acq_time": "18",
        "satellite": "N21",
        "brightness": null,
        "NAME_1": "Crimea",
        "locality": "Bakhchysarais'kyi"
      }
    },
    {
      "type": "Feature",
      "geometry": {
        "type": "Point",
        "coordinates": [
          22.4493,
          44.87187
        ]
      },
      "properties": {
        "frp": 0.64,
        "acq_date": "2026-09-30",
        "acq_time": "18",
        "satellite": "N21",
        "brightness": null,
        "NAME_1": "",
        "locality": ""
      }
    },
    {
      "type": "Feature",
      "geometry": {
        "type": "Point",
        "coordinates": [
          22.47706,
          44.90248
        ]
      },
      "properties": {
        "frp": 1.05,
        "acq_date": "2026-09-30",
        "acq_time": "18",
        "satellite": "N21",
        "brightness": null,
        "NAME_1": "",
        "locality": ""
      }
    },
    {
      "type": "Feature",
      "geometry": {
        "type": "Point",
        "coordinates": [
          25.41786,
          45.12247
        ]
      },
      "properties": {
        "frp": 1.2,
        "acq_date": "2026-09-30",
        "acq_time": "18",
        "satellite": "N21",
        "brightness": null,
        "NAME_1": "",
        "locality": ""
      }
    },
    {
      "type": "Feature",
      "geometry": {
        "type": "Point",
        "coordinates": [
          31.6713,
          45.25783
        ]
      },
      "properties": {
        "frp": 11.01,
        "acq_date": "2026-09-30",
        "acq_time": "18",
        "satellite": "N21",
        "brightness": null,
        "NAME_1": "",
        "locality": ""
      }
    },
    {
      "type": "Feature",
      "geometry": {
        "type": "Point",
        "coordinates": [
          30.90476,
          45.35561
        ]
      },
      "properties": {
        "frp": 2.27,
        "acq_date": "2026-09-30",
        "acq_time": "18",
        "satellite": "N21",
        "brightness": null,
        "NAME_1": "",
        "locality": ""
      }
    },
    {
      "type": "Feature",
      "geometry": {
        "type": "Point",
        "coordinates": [
          30.93144,
          45.37277
        ]
      },
      "properties": {
        "frp": 1.05,
        "acq_date": "2026-09-30",
        "acq_time": "18",
        "satellite": "N21",
        "brightness": null,
        "NAME_1": "",
        "locality": ""
      }
    },
    {
      "type": "Feature",
      "geometry": {
        "type": "Point",
        "coordinates": [
          30.92544,
          45.374
        ]
      },
      "properties": {
        "frp": 1.1,
        "acq_date": "2026-09-30",
        "acq_time": "18",
        "satellite": "N21",
        "brightness": null,
        "NAME_1": "",
        "locality": ""
      }
    },
    {
      "type": "Feature",
      "geometry": {
        "type": "Point",
        "coordinates": [
          25.28352,
          45.95087
        ]
      },
      "properties": {
        "frp": 0.93,
        "acq_date": "2026-09-30",
        "acq_time": "18",
        "satellite": "N21",
        "brightness": null,
        "NAME_1": "",
        "locality": ""
      }
    },
    {
      "type": "Feature",
      "geometry": {
        "type": "Point",
        "coordinates": [
          38.75425,
          48.46635
        ]
      },
      "properties": {
        "frp": 1.16,
        "acq_date": "2026-09-26",
        "acq_time": "45",
        "satellite": "N20",
        "brightness": null,
        "NAME_1": "Luhans'k",
        "locality": "Alchevs'ka"
      }
    },
    {
      "type": "Feature",
      "geometry": {
        "type": "Point",
        "coordinates": [
          37.63974,
          48.76107
        ]
      },
      "properties": {
        "frp": 0.89,
        "acq_date": "2026-09-26",
        "acq_time": "45",
        "satellite": "N20",
        "brightness": null,
        "NAME_1": "Donets'k",
        "locality": "Kramators'ka"
      }
    },
    {
      "type": "Feature",
      "geometry": {
        "type": "Point",
        "coordinates": [
          33.87915,
          49.83145
        ]
      },
      "properties": {
        "frp": 3.97,
        "acq_date": "2026-09-26",
        "acq_time": "45",
        "satellite": "N20",
        "brightness": null,
        "NAME_1": "Poltava",
        "locality": "Velykobahachans'kyi"
      }
    },
    {
      "type": "Feature",
      "geometry": {
        "type": "Point",
        "coordinates": [
          39.67994,
          50.14782
        ]
      },
      "properties": {
        "frp": 1.04,
        "acq_date": "2026-09-26",
        "acq_time": "45",
        "satellite": "N20",
        "brightness": null,
        "NAME_1": "Voronezh",
        "locality": "Rossoshanskiy rayon"
      }
    },
    {
      "type": "Feature",
      "geometry": {
        "type": "Point",
        "coordinates": [
          37.93016,
          51.14371
        ]
      },
      "properties": {
        "frp": 3.74,
        "acq_date": "2026-09-26",
        "acq_time": "45",
        "satellite": "N20",
        "brightness": null,
        "NAME_1": "Belgorod",
        "locality": "Starooskol'skiy rayon"
      }
    },
    {
      "type": "Feature",
      "geometry": {
        "type": "Point",
        "coordinates": [
          37.76274,
          51.25784
        ]
      },
      "properties": {
        "frp": 1.24,
        "acq_date": "2026-09-26",
        "acq_time": "45",
        "satellite": "N20",
        "brightness": null,
        "NAME_1": "Belgorod",
        "locality": "Starooskol'skiy rayon"
      }
    },
    {
      "type": "Feature",
      "geometry": {
        "type": "Point",
        "coordinates": [
          39.62847,
          52.53323
        ]
      },
      "properties": {
        "frp": 8.8,
        "acq_date": "2026-09-26",
        "acq_time": "45",
        "satellite": "N20",
        "brightness": null,
        "NAME_1": "Lipetsk",
        "locality": "Lipetskiy rayon"
      }
    },
    {
      "type": "Feature",
      "geometry": {
        "type": "Point",
        "coordinates": [
          39.62219,
          52.54164
        ]
      },
      "properties": {
        "frp": 5.61,
        "acq_date": "2026-09-26",
        "acq_time": "45",
        "satellite": "N20",
        "brightness": null,
        "NAME_1": "Lipetsk",
        "locality": "Lipetsk"
      }
    },
    {
      "type": "Feature",
      "geometry": {
        "type": "Point",
        "coordinates": [
          39.61688,
          52.54337
        ]
      },
      "properties": {
        "frp": 1.14,
        "acq_date": "2026-09-26",
        "acq_time": "45",
        "satellite": "N20",
        "brightness": null,
        "NAME_1": "Lipetsk",
        "locality": "Lipetsk"
      }
    },
    {
      "type": "Feature",
      "geometry": {
        "type": "Point",
        "coordinates": [
          39.64154,
          52.548
        ]
      },
      "properties": {
        "frp": 0.97,
        "acq_date": "2026-09-26",
        "acq_time": "45",
        "satellite": "N20",
        "brightness": null,
        "NAME_1": "Lipetsk",
        "locality": "Lipetsk"
      }
    },
    {
      "type": "Feature",
      "geometry": {
        "type": "Point",
        "coordinates": [
          39.56996,
          52.55239
        ]
      },
      "properties": {
        "frp": 1.16,
        "acq_date": "2026-09-26",
        "acq_time": "45",
        "satellite": "N20",
        "brightness": null,
        "NAME_1": "Lipetsk",
        "locality": "Lipetskiy rayon"
      }
    },
    {
      "type": "Feature",
      "geometry": {
        "type": "Point",
        "coordinates": [
          39.61479,
          52.55675
        ]
      },
      "properties": {
        "frp": 2.84,
        "acq_date": "2026-09-26",
        "acq_time": "45",
        "satellite": "N20",
        "brightness": null,
        "NAME_1": "Lipetsk",
        "locality": "Lipetsk"
      }
    },
    {
      "type": "Feature",
      "geometry": {
        "type": "Point",
        "coordinates": [
          39.59444,
          52.55706
        ]
      },
      "properties": {
        "frp": 1.16,
        "acq_date": "2026-09-26",
        "acq_time": "45",
        "satellite": "N20",
        "brightness": null,
        "NAME_1": "Lipetsk",
        "locality": "Lipetsk"
      }
    },
    {
      "type": "Feature",
      "geometry": {
        "type": "Point",
        "coordinates": [
          39.59882,
          52.56196
        ]
      },
      "properties": {
        "frp": 1.16,
        "acq_date": "2026-09-26",
        "acq_time": "45",
        "satellite": "N20",
        "brightness": null,
        "NAME_1": "Lipetsk",
        "locality": "Lipetsk"
      }
    },
    {
      "type": "Feature",
      "geometry": {
        "type": "Point",
        "coordinates": [
          39.70514,
          52.56538
        ]
      },
      "properties": {
        "frp": 0.76,
        "acq_date": "2026-09-26",
        "acq_time": "45",
        "satellite": "N20",
        "brightness": null,
        "NAME_1": "Lipetsk",
        "locality": "Lipetskiy rayon"
      }
    },
    {
      "type": "Feature",
      "geometry": {
        "type": "Point",
        "coordinates": [
          39.69981,
          52.56711
        ]
      },
      "properties": {
        "frp": 0.76,
        "acq_date": "2026-09-26",
        "acq_time": "45",
        "satellite": "N20",
        "brightness": null,
        "NAME_1": "Lipetsk",
        "locality": "Lipetskiy rayon"
      }
    },
    {
      "type": "Feature",
      "geometry": {
        "type": "Point",
        "coordinates": [
          33.85846,
          44.77116
        ]
      },
      "properties": {
        "frp": 0.93,
        "acq_date": "2026-09-26",
        "acq_time": "48",
        "satellite": "N20",
        "brightness": null,
        "NAME_1": "Crimea",
        "locality": "Bakhchysarais'kyi"
      }
    },
    {
      "type": "Feature",
      "geometry": {
        "type": "Point",
        "coordinates": [
          33.85737,
          44.77583
        ]
      },
      "properties": {
        "frp": 0.79,
        "acq_date": "2026-09-26",
        "acq_time": "48",
        "satellite": "N20",
        "brightness": null,
        "NAME_1": "Crimea",
        "locality": "Bakhchysarais'kyi"
      }
    },
    {
      "type": "Feature",
      "geometry": {
        "type": "Point",
        "coordinates": [
          37.67784,
          44.84149
        ]
      },
      "properties": {
        "frp": 1.91,
        "acq_date": "2026-09-26",
        "acq_time": "48",
        "satellite": "N20",
        "brightness": null,
        "NAME_1": "Krasnodar",
        "locality": "Novorossiysk gorsovet"
      }
    },
    {
      "type": "Feature",
      "geometry": {
        "type": "Point",
        "coordinates": [
          37.67315,
          44.8423
        ]
      },
      "properties": {
        "frp": 1.82,
        "acq_date": "2026-09-26",
        "acq_time": "48",
        "satellite": "N20",
        "brightness": null,
        "NAME_1": "Krasnodar",
        "locality": "Novorossiysk gorsovet"
      }
    },
    {
      "type": "Feature",
      "geometry": {
        "type": "Point",
        "coordinates": [
          38.11652,
          44.88604
        ]
      },
      "properties": {
        "frp": 1.79,
        "acq_date": "2026-09-26",
        "acq_time": "48",
        "satellite": "N20",
        "brightness": null,
        "NAME_1": "Krasnodar",
        "locality": "Abinskiy rayon"
      }
    },
    {
      "type": "Feature",
      "geometry": {
        "type": "Point",
        "coordinates": [
          38.11942,
          44.88777
        ]
      },
      "properties": {
        "frp": 1.34,
        "acq_date": "2026-09-26",
        "acq_time": "48",
        "satellite": "N20",
        "brightness": null,
        "NAME_1": "Krasnodar",
        "locality": "Abinskiy rayon"
      }
    },
    {
      "type": "Feature",
      "geometry": {
        "type": "Point",
        "coordinates": [
          30.09863,
          46.43213
        ]
      },
      "properties": {
        "frp": 0.99,
        "acq_date": "2026-09-26",
        "acq_time": "48",
        "satellite": "N20",
        "brightness": null,
        "NAME_1": "",
        "locality": ""
      }
    },
    {
      "type": "Feature",
      "geometry": {
        "type": "Point",
        "coordinates": [
          22.33035,
          47.03864
        ]
      },
      "properties": {
        "frp": 0.38,
        "acq_date": "2026-09-26",
        "acq_time": "48",
        "satellite": "N20",
        "brightness": null,
        "NAME_1": "",
        "locality": ""
      }
    },
    {
      "type": "Feature",
      "geometry": {
        "type": "Point",
        "coordinates": [
          29.01637,
          47.7878
        ]
      },
      "properties": {
        "frp": 0.85,
        "acq_date": "2026-09-26",
        "acq_time": "48",
        "satellite": "N20",
        "brightness": null,
        "NAME_1": "",
        "locality": ""
      }
    },
    {
      "type": "Feature",
      "geometry": {
        "type": "Point",
        "coordinates": [
          22.24253,
          48.58329
        ]
      },
      "properties": {
        "frp": 0.78,
        "acq_date": "2026-09-26",
        "acq_time": "48",
        "satellite": "N20",
        "brightness": null,
        "NAME_1": "Zakarpattia",
        "locality": "Uzhhorods'kyi"
      }
    },
    {
      "type": "Feature",
      "geometry": {
        "type": "Point",
        "coordinates": [
          39.57248,
          52.55918
        ]
      },
      "properties": {
        "frp": 10.07,
        "acq_date": "2026-09-26",
        "acq_time": "854",
        "satellite": "N20",
        "brightness": null,
        "NAME_1": "Lipetsk",
        "locality": "Lipetsk"
      }
    },
    {
      "type": "Feature",
      "geometry": {
        "type": "Point",
        "coordinates": [
          39.57838,
          52.56118
        ]
      },
      "properties": {
        "frp": 8.95,
        "acq_date": "2026-09-26",
        "acq_time": "854",
        "satellite": "N20",
        "brightness": null,
        "NAME_1": "Lipetsk",
        "locality": "Lipetsk"
      }
    },
    {
      "type": "Feature",
      "geometry": {
        "type": "Point",
        "coordinates": [
          34.26298,
          52.40943
        ]
      },
      "properties": {
        "frp": 5.28,
        "acq_date": "2026-09-26",
        "acq_time": "856",
        "satellite": "N20",
        "brightness": null,
        "NAME_1": "Bryansk",
        "locality": "Suzemskiy rayon"
      }
    },
    {
      "type": "Feature",
      "geometry": {
        "type": "Point",
        "coordinates": [
          36.40887,
          45.15742
        ]
      },
      "properties": {
        "frp": 2.67,
        "acq_date": "2026-09-26",
        "acq_time": "1032",
        "satellite": "N20",
        "brightness": null,
        "NAME_1": "Crimea",
        "locality": "Lenins'kyi"
      }
    },
    {
      "type": "Feature",
      "geometry": {
        "type": "Point",
        "coordinates": [
          37.93976,
          45.18499
        ]
      },
      "properties": {
        "frp": 1.8,
        "acq_date": "2026-09-26",
        "acq_time": "1032",
        "satellite": "N20",
        "brightness": null,
        "NAME_1": "Krasnodar",
        "locality": "Krymskiy rayon"
      }
    },
    {
      "type": "Feature",
      "geometry": {
        "type": "Point",
        "coordinates": [
          37.94487,
          45.18568
        ]
      },
      "properties": {
        "frp": 2.45,
        "acq_date": "2026-09-26",
        "acq_time": "1032",
        "satellite": "N20",
        "brightness": null,
        "NAME_1": "Krasnodar",
        "locality": "Krymskiy rayon"
      }
    },
    {
      "type": "Feature",
      "geometry": {
        "type": "Point",
        "coordinates": [
          37.94909,
          45.18972
        ]
      },
      "properties": {
        "frp": 2.45,
        "acq_date": "2026-09-26",
        "acq_time": "1032",
        "satellite": "N20",
        "brightness": null,
        "NAME_1": "Krasnodar",
        "locality": "Krymskiy rayon"
      }
    },
    {
      "type": "Feature",
      "geometry": {
        "type": "Point",
        "coordinates": [
          37.84702,
          45.23518
        ]
      },
      "properties": {
        "frp": 6.82,
        "acq_date": "2026-09-26",
        "acq_time": "1032",
        "satellite": "N20",
        "brightness": null,
        "NAME_1": "Krasnodar",
        "locality": "Slavyanskiy rayon"
      }
    },
    {
      "type": "Feature",
      "geometry": {
        "type": "Point",
        "coordinates": [
          37.84612,
          45.23854
        ]
      },
      "properties": {
        "frp": 6.82,
        "acq_date": "2026-09-26",
        "acq_time": "1032",
        "satellite": "N20",
        "brightness": null,
        "NAME_1": "Krasnodar",
        "locality": "Slavyanskiy rayon"
      }
    },
    {
      "type": "Feature",
      "geometry": {
        "type": "Point",
        "coordinates": [
          37.85122,
          45.23923
        ]
      },
      "properties": {
        "frp": 6.82,
        "acq_date": "2026-09-26",
        "acq_time": "1032",
        "satellite": "N20",
        "brightness": null,
        "NAME_1": "Krasnodar",
        "locality": "Slavyanskiy rayon"
      }
    },
    {
      "type": "Feature",
      "geometry": {
        "type": "Point",
        "coordinates": [
          37.80359,
          45.23973
        ]
      },
      "properties": {
        "frp": 7.37,
        "acq_date": "2026-09-26",
        "acq_time": "1032",
        "satellite": "N20",
        "brightness": null,
        "NAME_1": "Krasnodar",
        "locality": "Slavyanskiy rayon"
      }
    },
    {
      "type": "Feature",
      "geometry": {
        "type": "Point",
        "coordinates": [
          37.80628,
          45.24111
        ]
      },
      "properties": {
        "frp": 7.52,
        "acq_date": "2026-09-26",
        "acq_time": "1032",
        "satellite": "N20",
        "brightness": null,
        "NAME_1": "Krasnodar",
        "locality": "Slavyanskiy rayon"
      }
    },
    {
      "type": "Feature",
      "geometry": {
        "type": "Point",
        "coordinates": [
          37.75181,
          45.24771
        ]
      },
      "properties": {
        "frp": 3.76,
        "acq_date": "2026-09-26",
        "acq_time": "1032",
        "satellite": "N20",
        "brightness": null,
        "NAME_1": "Krasnodar",
        "locality": "Slavyanskiy rayon"
      }
    },
    {
      "type": "Feature",
      "geometry": {
        "type": "Point",
        "coordinates": [
          37.7509,
          45.25106
        ]
      },
      "properties": {
        "frp": 3.76,
        "acq_date": "2026-09-26",
        "acq_time": "1032",
        "satellite": "N20",
        "brightness": null,
        "NAME_1": "Krasnodar",
        "locality": "Slavyanskiy rayon"
      }
    },
    {
      "type": "Feature",
      "geometry": {
        "type": "Point",
        "coordinates": [
          37.74492,
          45.25373
        ]
      },
      "properties": {
        "frp": 4.61,
        "acq_date": "2026-09-26",
        "acq_time": "1032",
        "satellite": "N20",
        "brightness": null,
        "NAME_1": "Krasnodar",
        "locality": "Slavyanskiy rayon"
      }
    },
    {
      "type": "Feature",
      "geometry": {
        "type": "Point",
        "coordinates": [
          37.75,
          45.25441
        ]
      },
      "properties": {
        "frp": 4.28,
        "acq_date": "2026-09-26",
        "acq_time": "1032",
        "satellite": "N20",
        "brightness": null,
        "NAME_1": "Krasnodar",
        "locality": "Slavyanskiy rayon"
      }
    },
    {
      "type": "Feature",
      "geometry": {
        "type": "Point",
        "coordinates": [
          37.86057,
          45.25529
        ]
      },
      "properties": {
        "frp": 10.09,
        "acq_date": "2026-09-26",
        "acq_time": "1032",
        "satellite": "N20",
        "brightness": null,
        "NAME_1": "Krasnodar",
        "locality": "Slavyanskiy rayon"
      }
    },
    {
      "type": "Feature",
      "geometry": {
        "type": "Point",
        "coordinates": [
          37.86568,
          45.25598
        ]
      },
      "properties": {
        "frp": 9.78,
        "acq_date": "2026-09-26",
        "acq_time": "1032",
        "satellite": "N20",
        "brightness": null,
        "NAME_1": "Krasnodar",
        "locality": "Slavyanskiy rayon"
      }
    },
    {
      "type": "Feature",
      "geometry": {
        "type": "Point",
        "coordinates": [
          37.91863,
          45.25604
        ]
      },
      "properties": {
        "frp": 3.94,
        "acq_date": "2026-09-26",
        "acq_time": "1032",
        "satellite": "N20",
        "brightness": null,
        "NAME_1": "Krasnodar",
        "locality": "Slavyansk-na-Kubani"
      }
    },
    {
      "type": "Feature",
      "geometry": {
        "type": "Point",
        "coordinates": [
          37.85967,
          45.25866
        ]
      },
      "properties": {
        "frp": 10.09,
        "acq_date": "2026-09-26",
        "acq_time": "1032",
        "satellite": "N20",
        "brightness": null,
        "NAME_1": "Krasnodar",
        "locality": "Slavyanskiy rayon"
      }
    },
    {
      "type": "Feature",
      "geometry": {
        "type": "Point",
        "coordinates": [
          37.88523,
          45.26205
        ]
      },
      "properties": {
        "frp": 3.31,
        "acq_date": "2026-09-26",
        "acq_time": "1032",
        "satellite": "N20",
        "brightness": null,
        "NAME_1": "Krasnodar",
        "locality": "Slavyansk-na-Kubani"
      }
    },
    {
      "type": "Feature",
      "geometry": {
        "type": "Point",
        "coordinates": [
          37.99895,
          45.27361
        ]
      },
      "properties": {
        "frp": 3.6,
        "acq_date": "2026-09-26",
        "acq_time": "1032",
        "satellite": "N20",
        "brightness": null,
        "NAME_1": "Krasnodar",
        "locality": "Slavyansk-na-Kubani"
      }
    },
    {
      "type": "Feature",
      "geometry": {
        "type": "Point",
        "coordinates": [
          38.2989,
          45.3162
        ]
      },
      "properties": {
        "frp": 6.76,
        "acq_date": "2026-09-26",
        "acq_time": "1032",
        "satellite": "N20",
        "brightness": null,
        "NAME_1": "Krasnodar",
        "locality": "Krasnoarmeyskiy rayon"
      }
    },
    {
      "type": "Feature",
      "geometry": {
        "type": "Point",
        "coordinates": [
          38.29802,
          45.31959
        ]
      },
      "properties": {
        "frp": 5.88,
        "acq_date": "2026-09-26",
        "acq_time": "1032",
        "satellite": "N20",
        "brightness": null,
        "NAME_1": "Krasnodar",
        "locality": "Krasnoarmeyskiy rayon"
      }
    },
    {
      "type": "Feature",
      "geometry": {
        "type": "Point",
        "coordinates": [
          38.354,
          45.4668
        ]
      },
      "properties": {
        "frp": 5.18,
        "acq_date": "2026-09-26",
        "acq_time": "1032",
        "satellite": "N20",
        "brightness": null,
        "NAME_1": "Krasnodar",
        "locality": "Krasnoarmeyskiy rayon"
      }
    },
    {
      "type": "Feature",
      "geometry": {
        "type": "Point",
        "coordinates": [
          38.35927,
          45.46748
        ]
      },
      "properties": {
        "frp": 2.54,
        "acq_date": "2026-09-26",
        "acq_time": "1032",
        "satellite": "N20",
        "brightness": null,
        "NAME_1": "Krasnodar",
        "locality": "Krasnoarmeyskiy rayon"
      }
    },
    {
      "type": "Feature",
      "geometry": {
        "type": "Point",
        "coordinates": [
          37.86635,
          45.46974
        ]
      },
      "properties": {
        "frp": 8.66,
        "acq_date": "2026-09-26",
        "acq_time": "1032",
        "satellite": "N20",
        "brightness": null,
        "NAME_1": "Krasnodar",
        "locality": "Slavyanskiy rayon"
      }
    },
    {
      "type": "Feature",
      "geometry": {
        "type": "Point",
        "coordinates": [
          37.86544,
          45.47311
        ]
      },
      "properties": {
        "frp": 2.68,
        "acq_date": "2026-09-26",
        "acq_time": "1032",
        "satellite": "N20",
        "brightness": null,
        "NAME_1": "Krasnodar",
        "locality": "Slavyanskiy rayon"
      }
    },
    {
      "type": "Feature",
      "geometry": {
        "type": "Point",
        "coordinates": [
          39.82444,
          46.39394
        ]
      },
      "properties": {
        "frp": 7.87,
        "acq_date": "2026-09-26",
        "acq_time": "1032",
        "satellite": "N20",
        "brightness": null,
        "NAME_1": "Krasnodar",
        "locality": "Krylovskiy rayon"
      }
    },
    {
      "type": "Feature",
      "geometry": {
        "type": "Point",
        "coordinates": [
          39.82268,
          46.40115
        ]
      },
      "properties": {
        "frp": 7.29,
        "acq_date": "2026-09-26",
        "acq_time": "1032",
        "satellite": "N20",
        "brightness": null,
        "NAME_1": "Krasnodar",
        "locality": "Krylovskiy rayon"
      }
    },
    {
      "type": "Feature",
      "geometry": {
        "type": "Point",
        "coordinates": [
          39.82871,
          46.40183
        ]
      },
      "properties": {
        "frp": 7.29,
        "acq_date": "2026-09-26",
        "acq_time": "1032",
        "satellite": "N20",
        "brightness": null,
        "NAME_1": "Krasnodar",
        "locality": "Krylovskiy rayon"
      }
    },
    {
      "type": "Feature",
      "geometry": {
        "type": "Point",
        "coordinates": [
          39.82785,
          46.40544
        ]
      },
      "properties": {
        "frp": 7.04,
        "acq_date": "2026-09-26",
        "acq_time": "1032",
        "satellite": "N20",
        "brightness": null,
        "NAME_1": "Krasnodar",
        "locality": "Krylovskiy rayon"
      }
    },
    {
      "type": "Feature",
      "geometry": {
        "type": "Point",
        "coordinates": [
          31.67311,
          45.25676
        ]
      },
      "properties": {
        "frp": 8.29,
        "acq_date": "2026-09-26",
        "acq_time": "1034",
        "satellite": "N20",
        "brightness": null,
        "NAME_1": "",
        "locality": ""
      }
    },
    {
      "type": "Feature",
      "geometry": {
        "type": "Point",
        "coordinates": [
          22.09405,
          46.68698
        ]
      },
      "properties": {
        "frp": 3.87,
        "acq_date": "2026-09-26",
        "acq_time": "1034",
        "satellite": "N20",
        "brightness": null,
        "NAME_1": "",
        "locality": ""
      }
    },
    {
      "type": "Feature",
      "geometry": {
        "type": "Point",
        "coordinates": [
          32.83576,
          47.31656
        ]
      },
      "properties": {
        "frp": 1.6,
        "acq_date": "2026-09-26",
        "acq_time": "1034",
        "satellite": "N20",
        "brightness": null,
        "NAME_1": "Mykolayiv",
        "locality": "Bereznehuvats'kyi"
      }
    },
    {
      "type": "Feature",
      "geometry": {
        "type": "Point",
        "coordinates": [
          32.8397,
          47.32073
        ]
      },
      "properties": {
        "frp": 5.28,
        "acq_date": "2026-09-26",
        "acq_time": "1034",
        "satellite": "N20",
        "brightness": null,
        "NAME_1": "Mykolayiv",
        "locality": "Bereznehuvats'kyi"
      }
    },
    {
      "type": "Feature",
      "geometry": {
        "type": "Point",
        "coordinates": [
          34.93688,
          47.58818
        ]
      },
      "properties": {
        "frp": 6.46,
        "acq_date": "2026-09-26",
        "acq_time": "1034",
        "satellite": "N20",
        "brightness": null,
        "NAME_1": "Zaporizhia",
        "locality": "Zaporiz'kyi"
      }
    },
    {
      "type": "Feature",
      "geometry": {
        "type": "Point",
        "coordinates": [
          32.45798,
          48.19606
        ]
      },
      "properties": {
        "frp": 6.65,
        "acq_date": "2026-09-26",
        "acq_time": "1034",
        "satellite": "N20",
        "brightness": null,
        "NAME_1": "Kirovohrad",
        "locality": "Kompani\u2039vs'kyi"
      }
    },
    {
      "type": "Feature",
      "geometry": {
        "type": "Point",
        "coordinates": [
          37.46571,
          48.60368
        ]
      },
      "properties": {
        "frp": 1.32,
        "acq_date": "2026-09-26",
        "acq_time": "1034",
        "satellite": "N20",
        "brightness": null,
        "NAME_1": "Donets'k",
        "locality": "Kostiantynivs'kyi"
      }
    },
    {
      "type": "Feature",
      "geometry": {
        "type": "Point",
        "coordinates": [
          26.28106,
          49.51134
        ]
      },
      "properties": {
        "frp": 2.07,
        "acq_date": "2026-09-26",
        "acq_time": "1034",
        "satellite": "N20",
        "brightness": null,
        "NAME_1": "Khmel'nyts'kyy",
        "locality": "Volochys'kyi"
      }
    },
    {
      "type": "Feature",
      "geometry": {
        "type": "Point",
        "coordinates": [
          35.44796,
          50.30627
        ]
      },
      "properties": {
        "frp": 1.75,
        "acq_date": "2026-09-26",
        "acq_time": "1034",
        "satellite": "N20",
        "brightness": null,
        "NAME_1": "Kharkiv",
        "locality": "Bohodukhivs'kyi"
      }
    },
    {
      "type": "Feature",
      "geometry": {
        "type": "Point",
        "coordinates": [
          29.60918,
          50.52558
        ]
      },
      "properties": {
        "frp": 5.34,
        "acq_date": "2026-09-26",
        "acq_time": "1034",
        "satellite": "N20",
        "brightness": null,
        "NAME_1": "Kiev",
        "locality": "Makarivs'kyi"
      }
    },
    {
      "type": "Feature",
      "geometry": {
        "type": "Point",
        "coordinates": [
          29.61502,
          50.52669
        ]
      },
      "properties": {
        "frp": 5.38,
        "acq_date": "2026-09-26",
        "acq_time": "1034",
        "satellite": "N20",
        "brightness": null,
        "NAME_1": "Kiev",
        "locality": "Makarivs'kyi"
      }
    },
    {
      "type": "Feature",
      "geometry": {
        "type": "Point",
        "coordinates": [
          30.88568,
          50.60977
        ]
      },
      "properties": {
        "frp": 5.45,
        "acq_date": "2026-09-26",
        "acq_time": "1034",
        "satellite": "N20",
        "brightness": null,
        "NAME_1": "Kiev",
        "locality": "Brovars'kyi"
      }
    },
    {
      "type": "Feature",
      "geometry": {
        "type": "Point",
        "coordinates": [
          30.89121,
          50.61075
        ]
      },
      "properties": {
        "frp": 5.45,
        "acq_date": "2026-09-26",
        "acq_time": "1034",
        "satellite": "N20",
        "brightness": null,
        "NAME_1": "Kiev",
        "locality": "Brovars'kyi"
      }
    },
    {
      "type": "Feature",
      "geometry": {
        "type": "Point",
        "coordinates": [
          30.88423,
          50.61306
        ]
      },
      "properties": {
        "frp": 5.45,
        "acq_date": "2026-09-26",
        "acq_time": "1034",
        "satellite": "N20",
        "brightness": null,
        "NAME_1": "Kiev",
        "locality": "Brovars'kyi"
      }
    },
    {
      "type": "Feature",
      "geometry": {
        "type": "Point",
        "coordinates": [
          28.76169,
          51.06583
        ]
      },
      "properties": {
        "frp": 2.43,
        "acq_date": "2026-09-26",
        "acq_time": "1034",
        "satellite": "N20",
        "brightness": null,
        "NAME_1": "Zhytomyr",
        "locality": "Korostens'kyi"
      }
    },
    {
      "type": "Feature",
      "geometry": {
        "type": "Point",
        "coordinates": [
          34.13995,
          52.1421
        ]
      },
      "properties": {
        "frp": 2.59,
        "acq_date": "2026-09-26",
        "acq_time": "1034",
        "satellite": "N20",
        "brightness": null,
        "NAME_1": "Bryansk",
        "locality": "Sevskiy rayon"
      }
    },
    {
      "type": "Feature",
      "geometry": {
        "type": "Point",
        "coordinates": [
          32.30475,
          52.19242
        ]
      },
      "properties": {
        "frp": 2.41,
        "acq_date": "2026-09-26",
        "acq_time": "1034",
        "satellite": "N20",
        "brightness": null,
        "NAME_1": "Bryansk",
        "locality": "Klimovskiy rayon"
      }
    },
    {
      "type": "Feature",
      "geometry": {
        "type": "Point",
        "coordinates": [
          33.32023,
          52.33792
        ]
      },
      "properties": {
        "frp": 2.09,
        "acq_date": "2026-09-26",
        "acq_time": "1034",
        "satellite": "N20",
        "brightness": null,
        "NAME_1": "Chernihiv",
        "locality": "Novhorod-Sivers'kyi"
      }
    },
    {
      "type": "Feature",
      "geometry": {
        "type": "Point",
        "coordinates": [
          34.10348,
          52.35592
        ]
      },
      "properties": {
        "frp": 2.44,
        "acq_date": "2026-09-26",
        "acq_time": "1034",
        "satellite": "N20",
        "brightness": null,
        "NAME_1": "Bryansk",
        "locality": "Suzemskiy rayon"
      }
    },
    {
      "type": "Feature",
      "geometry": {
        "type": "Point",
        "coordinates": [
          34.10224,
          52.3592
        ]
      },
      "properties": {
        "frp": 2.44,
        "acq_date": "2026-09-26",
        "acq_time": "1034",
        "satellite": "N20",
        "brightness": null,
        "NAME_1": "Bryansk",
        "locality": "Suzemskiy rayon"
      }
    },
    {
      "type": "Feature",
      "geometry": {
        "type": "Point",
        "coordinates": [
          34.26077,
          52.40804
        ]
      },
      "properties": {
        "frp": 4.03,
        "acq_date": "2026-09-26",
        "acq_time": "1034",
        "satellite": "N20",
        "brightness": null,
        "NAME_1": "Bryansk",
        "locality": "Suzemskiy rayon"
      }
    },
    {
      "type": "Feature",
      "geometry": {
        "type": "Point",
        "coordinates": [
          39.63721,
          52.54414
        ]
      },
      "properties": {
        "frp": 3.3,
        "acq_date": "2026-09-26",
        "acq_time": "1034",
        "satellite": "N20",
        "brightness": null,
        "NAME_1": "Lipetsk",
        "locality": "Lipetsk"
      }
    },
    {
      "type": "Feature",
      "geometry": {
        "type": "Point",
        "coordinates": [
          37.92915,
          51.13958
        ]
      },
      "properties": {
        "frp": 1.72,
        "acq_date": "2026-09-26",
        "acq_time": "2246",
        "satellite": "N20",
        "brightness": null,
        "NAME_1": "Belgorod",
        "locality": "Starooskol'skiy rayon"
      }
    },
    {
      "type": "Feature",
      "geometry": {
        "type": "Point",
        "coordinates": [
          37.76347,
          51.26075
        ]
      },
      "properties": {
        "frp": 1.41,
        "acq_date": "2026-09-26",
        "acq_time": "2246",
        "satellite": "N20",
        "brightness": null,
        "NAME_1": "Belgorod",
        "locality": "Starooskol'skiy rayon"
      }
    },
    {
      "type": "Feature",
      "geometry": {
        "type": "Point",
        "coordinates": [
          37.66597,
          44.84527
        ]
      },
      "properties": {
        "frp": 0.38,
        "acq_date": "2026-09-26",
        "acq_time": "2248",
        "satellite": "N20",
        "brightness": null,
        "NAME_1": "Krasnodar",
        "locality": "Novorossiysk gorsovet"
      }
    },
    {
      "type": "Feature",
      "geometry": {
        "type": "Point",
        "coordinates": [
          32.90179,
          46.16555
        ]
      },
      "properties": {
        "frp": 0.54,
        "acq_date": "2026-09-26",
        "acq_time": "2248",
        "satellite": "N20",
        "brightness": null,
        "NAME_1": "Kherson",
        "locality": "Skadovs'kyi"
      }
    },
    {
      "type": "Feature",
      "geometry": {
        "type": "Point",
        "coordinates": [
          32.9018,
          46.16597
        ]
      },
      "properties": {
        "frp": 0.54,
        "acq_date": "2026-09-26",
        "acq_time": "2248",
        "satellite": "N20",
        "brightness": null,
        "NAME_1": "Kherson",
        "locality": "Skadovs'kyi"
      }
    },
    {
      "type": "Feature",
      "geometry": {
        "type": "Point",
        "coordinates": [
          33.22427,
          46.36336
        ]
      },
      "properties": {
        "frp": 1.43,
        "acq_date": "2026-09-26",
        "acq_time": "2248",
        "satellite": "N20",
        "brightness": null,
        "NAME_1": "Kherson",
        "locality": "Tsiurupyns'kyi"
      }
    },
    {
      "type": "Feature",
      "geometry": {
        "type": "Point",
        "coordinates": [
          35.148,
          46.69734
        ]
      },
      "properties": {
        "frp": 2.11,
        "acq_date": "2026-09-26",
        "acq_time": "2248",
        "satellite": "N20",
        "brightness": null,
        "NAME_1": "Zaporizhia",
        "locality": "Melitopol's'kyi"
      }
    },
    {
      "type": "Feature",
      "geometry": {
        "type": "Point",
        "coordinates": [
          35.14201,
          46.69748
        ]
      },
      "properties": {
        "frp": 2.11,
        "acq_date": "2026-09-26",
        "acq_time": "2248",
        "satellite": "N20",
        "brightness": null,
        "NAME_1": "Zaporizhia",
        "locality": "Melitopol's'kyi"
      }
    },
    {
      "type": "Feature",
      "geometry": {
        "type": "Point",
        "coordinates": [
          35.14836,
          46.70319
        ]
      },
      "properties": {
        "frp": 1.79,
        "acq_date": "2026-09-26",
        "acq_time": "2248",
        "satellite": "N20",
        "brightness": null,
        "NAME_1": "Zaporizhia",
        "locality": "Melitopol's'kyi"
      }
    },
    {
      "type": "Feature",
      "geometry": {
        "type": "Point",
        "coordinates": [
          35.14238,
          46.70333
        ]
      },
      "properties": {
        "frp": 1.79,
        "acq_date": "2026-09-26",
        "acq_time": "2248",
        "satellite": "N20",
        "brightness": null,
        "NAME_1": "Zaporizhia",
        "locality": "Melitopol's'kyi"
      }
    },
    {
      "type": "Feature",
      "geometry": {
        "type": "Point",
        "coordinates": [
          33.25411,
          46.75237
        ]
      },
      "properties": {
        "frp": 0.73,
        "acq_date": "2026-09-26",
        "acq_time": "2248",
        "satellite": "N20",
        "brightness": null,
        "NAME_1": "Kherson",
        "locality": "Beryslavs'kyi"
      }
    },
    {
      "type": "Feature",
      "geometry": {
        "type": "Point",
        "coordinates": [
          38.66126,
          47.32172
        ]
      },
      "properties": {
        "frp": 1.21,
        "acq_date": "2026-09-26",
        "acq_time": "2248",
        "satellite": "N20",
        "brightness": null,
        "NAME_1": "Rostov",
        "locality": "Neklinovskiy rayon"
      }
    },
    {
      "type": "Feature",
      "geometry": {
        "type": "Point",
        "coordinates": [
          38.65294,
          47.32217
        ]
      },
      "properties": {
        "frp": 1.21,
        "acq_date": "2026-09-26",
        "acq_time": "2248",
        "satellite": "N20",
        "brightness": null,
        "NAME_1": "Rostov",
        "locality": "Neklinovskiy rayon"
      }
    },
    {
      "type": "Feature",
      "geometry": {
        "type": "Point",
        "coordinates": [
          34.62633,
          47.50974
        ]
      },
      "properties": {
        "frp": 1.77,
        "acq_date": "2026-09-26",
        "acq_time": "2248",
        "satellite": "N20",
        "brightness": null,
        "NAME_1": "Zaporizhia",
        "locality": "Kamians'ko-Dniprovs'kyi"
      }
    },
    {
      "type": "Feature",
      "geometry": {
        "type": "Point",
        "coordinates": [
          34.62536,
          47.51134
        ]
      },
      "properties": {
        "frp": 1.85,
        "acq_date": "2026-09-26",
        "acq_time": "2248",
        "satellite": "N20",
        "brightness": null,
        "NAME_1": "Zaporizhia",
        "locality": "Kamians'ko-Dniprovs'kyi"
      }
    },
    {
      "type": "Feature",
      "geometry": {
        "type": "Point",
        "coordinates": [
          32.90575,
          46.16797
        ]
      },
      "properties": {
        "frp": 0.47,
        "acq_date": "2026-09-27",
        "acq_time": "28",
        "satellite": "N20",
        "brightness": null,
        "NAME_1": "Kherson",
        "locality": "Skadovs'kyi"
      }
    },
    {
      "type": "Feature",
      "geometry": {
        "type": "Point",
        "coordinates": [
          32.73908,
          46.58776
        ]
      },
      "properties": {
        "frp": 0.91,
        "acq_date": "2026-09-27",
        "acq_time": "28",
        "satellite": "N20",
        "brightness": null,
        "NAME_1": "Kherson",
        "locality": "Tsiurupyns'kyi"
      }
    },
    {
      "type": "Feature",
      "geometry": {
        "type": "Point",
        "coordinates": [
          26.60273,
          48.74826
        ]
      },
      "properties": {
        "frp": 0.83,
        "acq_date": "2026-09-27",
        "acq_time": "28",
        "satellite": "N20",
        "brightness": null,
        "NAME_1": "Khmel'nyts'kyy",
        "locality": "Kamianets'-Podil's'kyi"
      }
    },
    {
      "type": "Feature",
      "geometry": {
        "type": "Point",
        "coordinates": [
          29.34173,
          51.89265
        ]
      },
      "properties": {
        "frp": 1.23,
        "acq_date": "2026-09-27",
        "acq_time": "28",
        "satellite": "N20",
        "brightness": null,
        "NAME_1": "Gomel",
        "locality": "Mazyr"
      }
    },
    {
      "type": "Feature",
      "geometry": {
        "type": "Point",
        "coordinates": [
          24.0805,
          44.12405
        ]
      },
      "properties": {
        "frp": 0.7,
        "acq_date": "2026-09-27",
        "acq_time": "30",
        "satellite": "N20",
        "brightness": null,
        "NAME_1": "",
        "locality": ""
      }
    },
    {
      "type": "Feature",
      "geometry": {
        "type": "Point",
        "coordinates": [
          33.861,
          44.77348
        ]
      },
      "properties": {
        "frp": 0.87,
        "acq_date": "2026-09-27",
        "acq_time": "30",
        "satellite": "N20",
        "brightness": null,
        "NAME_1": "Crimea",
        "locality": "Bakhchysarais'kyi"
      }
    },
    {
      "type": "Feature",
      "geometry": {
        "type": "Point",
        "coordinates": [
          24.89111,
          44.85209
        ]
      },
      "properties": {
        "frp": 0.8,
        "acq_date": "2026-09-27",
        "acq_time": "30",
        "satellite": "N20",
        "brightness": null,
        "NAME_1": "",
        "locality": ""
      }
    },
    {
      "type": "Feature",
      "geometry": {
        "type": "Point",
        "coordinates": [
          22.45948,
          44.9281
        ]
      },
      "properties": {
        "frp": 0.56,
        "acq_date": "2026-09-27",
        "acq_time": "30",
        "satellite": "N20",
        "brightness": null,
        "NAME_1": "",
        "locality": ""
      }
    },
    {
      "type": "Feature",
      "geometry": {
        "type": "Point",
        "coordinates": [
          25.41645,
          45.12474
        ]
      },
      "properties": {
        "frp": 1.06,
        "acq_date": "2026-09-27",
        "acq_time": "30",
        "satellite": "N20",
        "brightness": null,
        "NAME_1": "",
        "locality": ""
      }
    },
    {
      "type": "Feature",
      "geometry": {
        "type": "Point",
        "coordinates": [
          25.27971,
          45.95148
        ]
      },
      "properties": {
        "frp": 0.89,
        "acq_date": "2026-09-27",
        "acq_time": "30",
        "satellite": "N20",
        "brightness": null,
        "NAME_1": "",
        "locality": ""
      }
    },
    {
      "type": "Feature",
      "geometry": {
        "type": "Point",
        "coordinates": [
          22.86882,
          45.9557
        ]
      },
      "properties": {
        "frp": 1.0,
        "acq_date": "2026-09-27",
        "acq_time": "30",
        "satellite": "N20",
        "brightness": null,
        "NAME_1": "",
        "locality": ""
      }
    },
    {
      "type": "Feature",
      "geometry": {
        "type": "Point",
        "coordinates": [
          27.12516,
          46.0493
        ]
      },
      "properties": {
        "frp": 0.95,
        "acq_date": "2026-09-27",
        "acq_time": "30",
        "satellite": "N20",
        "brightness": null,
        "NAME_1": "",
        "locality": ""
      }
    },
    {
      "type": "Feature",
      "geometry": {
        "type": "Point",
        "coordinates": [
          22.32878,
          47.03617
        ]
      },
      "properties": {
        "frp": 0.58,
        "acq_date": "2026-09-27",
        "acq_time": "30",
        "satellite": "N20",
        "brightness": null,
        "NAME_1": "",
        "locality": ""
      }
    },
    {
      "type": "Feature",
      "geometry": {
        "type": "Point",
        "coordinates": [
          23.22525,
          44.0732
        ]
      },
      "properties": {
        "frp": 3.14,
        "acq_date": "2026-09-27",
        "acq_time": "1013",
        "satellite": "N20",
        "brightness": null,
        "NAME_1": "",
        "locality": ""
      }
    },
    {
      "type": "Feature",
      "geometry": {
        "type": "Point",
        "coordinates": [
          22.96461,
          44.1982
        ]
      },
      "properties": {
        "frp": 15.06,
        "acq_date": "2026-09-27",
        "acq_time": "1013",
        "satellite": "N20",
        "brightness": null,
        "NAME_1": "",
        "locality": ""
      }
    },
    {
      "type": "Feature",
      "geometry": {
        "type": "Point",
        "coordinates": [
          22.96086,
          44.20417
        ]
      },
      "properties": {
        "frp": 15.06,
        "acq_date": "2026-09-27",
        "acq_time": "1013",
        "satellite": "N20",
        "brightness": null,
        "NAME_1": "",
        "locality": ""
      }
    },
    {
      "type": "Feature",
      "geometry": {
        "type": "Point",
        "coordinates": [
          28.43367,
          44.20691
        ]
      },
      "properties": {
        "frp": 4.21,
        "acq_date": "2026-09-27",
        "acq_time": "1013",
        "satellite": "N20",
        "brightness": null,
        "NAME_1": "",
        "locality": ""
      }
    },
    {
      "type": "Feature",
      "geometry": {
        "type": "Point",
        "coordinates": [
          28.43766,
          44.208
        ]
      },
      "properties": {
        "frp": 2.92,
        "acq_date": "2026-09-27",
        "acq_time": "1013",
        "satellite": "N20",
        "brightness": null,
        "NAME_1": "",
        "locality": ""
      }
    },
    {
      "type": "Feature",
      "geometry": {
        "type": "Point",
        "coordinates": [
          31.67221,
          45.25623
        ]
      },
      "properties": {
        "frp": 8.76,
        "acq_date": "2026-09-27",
        "acq_time": "1013",
        "satellite": "N20",
        "brightness": null,
        "NAME_1": "",
        "locality": ""
      }
    },
    {
      "type": "Feature",
      "geometry": {
        "type": "Point",
        "coordinates": [
          29.58701,
          45.46729
        ]
      },
      "properties": {
        "frp": 78.44,
        "acq_date": "2026-09-27",
        "acq_time": "1013",
        "satellite": "N20",
        "brightness": null,
        "NAME_1": "Odessa",
        "locality": "Kiliis'kyi"
      }
    },
    {
      "type": "Feature",
      "geometry": {
        "type": "Point",
        "coordinates": [
          40.84211,
          45.61247
        ]
      },
      "properties": {
        "frp": 2.87,
        "acq_date": "2026-09-27",
        "acq_time": "1013",
        "satellite": "N20",
        "brightness": null,
        "NAME_1": "Krasnodar",
        "locality": "Kavkazskiy rayon"
      }
    },
    {
      "type": "Feature",
      "geometry": {
        "type": "Point",
        "coordinates": [
          40.84698,
          45.6132
        ]
      },
      "properties": {
        "frp": 1.46,
        "acq_date": "2026-09-27",
        "acq_time": "1013",
        "satellite": "N20",
        "brightness": null,
        "NAME_1": "Krasnodar",
        "locality": "Kavkazskiy rayon"
      }
    },
    {
      "type": "Feature",
      "geometry": {
        "type": "Point",
        "coordinates": [
          40.73669,
          45.62408
        ]
      },
      "properties": {
        "frp": 1.78,
        "acq_date": "2026-09-27",
        "acq_time": "1013",
        "satellite": "N20",
        "brightness": null,
        "NAME_1": "Krasnodar",
        "locality": "Kavkazskiy rayon"
      }
    },
    {
      "type": "Feature",
      "geometry": {
        "type": "Point",
        "coordinates": [
          32.42214,
          46.19429
        ]
      },
      "properties": {
        "frp": 6.91,
        "acq_date": "2026-09-27",
        "acq_time": "1013",
        "satellite": "N20",
        "brightness": null,
        "NAME_1": "Kherson",
        "locality": "Holoprystans'kyi"
      }
    },
    {
      "type": "Feature",
      "geometry": {
        "type": "Point",
        "coordinates": [
          32.42292,
          46.19833
        ]
      },
      "properties": {
        "frp": 5.67,
        "acq_date": "2026-09-27",
        "acq_time": "1013",
        "satellite": "N20",
        "brightness": null,
        "NAME_1": "Kherson",
        "locality": "Holoprystans'kyi"
      }
    },
    {
      "type": "Feature",
      "geometry": {
        "type": "Point",
        "coordinates": [
          32.42526,
          46.19932
        ]
      },
      "properties": {
        "frp": 4.12,
        "acq_date": "2026-09-27",
        "acq_time": "1013",
        "satellite": "N20",
        "brightness": null,
        "NAME_1": "Kherson",
        "locality": "Holoprystans'kyi"
      }
    },
    {
      "type": "Feature",
      "geometry": {
        "type": "Point",
        "coordinates": [
          29.81365,
          46.39007
        ]
      },
      "properties": {
        "frp": 3.67,
        "acq_date": "2026-09-27",
        "acq_time": "1013",
        "satellite": "N20",
        "brightness": null,
        "NAME_1": "Odessa",
        "locality": "Bilhorod-Dnistrovs'kyi"
      }
    },
    {
      "type": "Feature",
      "geometry": {
        "type": "Point",
        "coordinates": [
          30.32421,
          46.47532
        ]
      },
      "properties": {
        "frp": 6.99,
        "acq_date": "2026-09-27",
        "acq_time": "1013",
        "satellite": "N20",
        "brightness": null,
        "NAME_1": "Odessa",
        "locality": "Bilia\u2039vs'kyi"
      }
    },
    {
      "type": "Feature",
      "geometry": {
        "type": "Point",
        "coordinates": [
          39.23627,
          46.76793
        ]
      },
      "properties": {
        "frp": 3.37,
        "acq_date": "2026-09-27",
        "acq_time": "1013",
        "satellite": "N20",
        "brightness": null,
        "NAME_1": "Krasnodar",
        "locality": "Kushchevskiy rayon"
      }
    },
    {
      "type": "Feature",
      "geometry": {
        "type": "Point",
        "coordinates": [
          39.23021,
          46.7704
        ]
      },
      "properties": {
        "frp": 7.87,
        "acq_date": "2026-09-27",
        "acq_time": "1013",
        "satellite": "N20",
        "brightness": null,
        "NAME_1": "Krasnodar",
        "locality": "Kushchevskiy rayon"
      }
    },
    {
      "type": "Feature",
      "geometry": {
        "type": "Point",
        "coordinates": [
          39.23518,
          46.77119
        ]
      },
      "properties": {
        "frp": 7.87,
        "acq_date": "2026-09-27",
        "acq_time": "1013",
        "satellite": "N20",
        "brightness": null,
        "NAME_1": "Krasnodar",
        "locality": "Kushchevskiy rayon"
      }
    },
    {
      "type": "Feature",
      "geometry": {
        "type": "Point",
        "coordinates": [
          38.66344,
          47.31406
        ]
      },
      "properties": {
        "frp": 3.89,
        "acq_date": "2026-09-27",
        "acq_time": "1013",
        "satellite": "N20",
        "brightness": null,
        "NAME_1": "Rostov",
        "locality": "Neklinovskiy rayon"
      }
    },
    {
      "type": "Feature",
      "geometry": {
        "type": "Point",
        "coordinates": [
          39.34189,
          47.44969
        ]
      },
      "properties": {
        "frp": 3.4,
        "acq_date": "2026-09-27",
        "acq_time": "1013",
        "satellite": "N20",
        "brightness": null,
        "NAME_1": "Rostov",
        "locality": "Myasnikovskiy rayon"
      }
    },
    {
      "type": "Feature",
      "geometry": {
        "type": "Point",
        "coordinates": [
          38.33241,
          47.51085
        ]
      },
      "properties": {
        "frp": 1.82,
        "acq_date": "2026-09-27",
        "acq_time": "1013",
        "satellite": "N20",
        "brightness": null,
        "NAME_1": "Rostov",
        "locality": "Matveevo-Kurganskiy rayon"
      }
    },
    {
      "type": "Feature",
      "geometry": {
        "type": "Point",
        "coordinates": [
          38.21198,
          47.67995
        ]
      },
      "properties": {
        "frp": 2.01,
        "acq_date": "2026-09-27",
        "acq_time": "1013",
        "satellite": "N20",
        "brightness": null,
        "NAME_1": "Donets'k",
        "locality": "Starobeshivs'kyi"
      }
    },
    {
      "type": "Feature",
      "geometry": {
        "type": "Point",
        "coordinates": [
          23.79606,
          46.10074
        ]
      },
      "properties": {
        "frp": 2.75,
        "acq_date": "2026-09-27",
        "acq_time": "1015",
        "satellite": "N20",
        "brightness": null,
        "NAME_1": "",
        "locality": ""
      }
    },
    {
      "type": "Feature",
      "geometry": {
        "type": "Point",
        "coordinates": [
          29.63979,
          50.5058
        ]
      },
      "properties": {
        "frp": 5.64,
        "acq_date": "2026-09-27",
        "acq_time": "1015",
        "satellite": "N20",
        "brightness": null,
        "NAME_1": "Kiev",
        "locality": "Makarivs'kyi"
      }
    },
    {
      "type": "Feature",
      "geometry": {
        "type": "Point",
        "coordinates": [
          29.64518,
          50.50706
        ]
      },
      "properties": {
        "frp": 5.64,
        "acq_date": "2026-09-27",
        "acq_time": "1015",
        "satellite": "N20",
        "brightness": null,
        "NAME_1": "Kiev",
        "locality": "Makarivs'kyi"
      }
    },
    {
      "type": "Feature",
      "geometry": {
        "type": "Point",
        "coordinates": [
          34.06231,
          51.94604
        ]
      },
      "properties": {
        "frp": 7.42,
        "acq_date": "2026-09-27",
        "acq_time": "1015",
        "satellite": "N20",
        "brightness": null,
        "NAME_1": "Sumy",
        "locality": "Iampil's'kyi"
      }
    },
    {
      "type": "Feature",
      "geometry": {
        "type": "Point",
        "coordinates": [
          35.95224,
          52.20586
        ]
      },
      "properties": {
        "frp": 3.91,
        "acq_date": "2026-09-27",
        "acq_time": "1015",
        "satellite": "N20",
        "brightness": null,
        "NAME_1": "Kursk",
        "locality": "Fatezhskiy rayon"
      }
    },
    {
      "type": "Feature",
      "geometry": {
        "type": "Point",
        "coordinates": [
          35.95781,
          52.2068
        ]
      },
      "properties": {
        "frp": 3.37,
        "acq_date": "2026-09-27",
        "acq_time": "1015",
        "satellite": "N20",
        "brightness": null,
        "NAME_1": "Kursk",
        "locality": "Fatezhskiy rayon"
      }
    },
    {
      "type": "Feature",
      "geometry": {
        "type": "Point",
        "coordinates": [
          32.59528,
          52.35004
        ]
      },
      "properties": {
        "frp": 1.8,
        "acq_date": "2026-09-27",
        "acq_time": "1015",
        "satellite": "N20",
        "brightness": null,
        "NAME_1": "Bryansk",
        "locality": "Starodubskiy rayon"
      }
    },
    {
      "type": "Feature",
      "geometry": {
        "type": "Point",
        "coordinates": [
          34.2782,
          52.40388
        ]
      },
      "properties": {
        "frp": 4.34,
        "acq_date": "2026-09-27",
        "acq_time": "1015",
        "satellite": "N20",
        "brightness": null,
        "NAME_1": "Bryansk",
        "locality": "Suzemskiy rayon"
      }
    },
    {
      "type": "Feature",
      "geometry": {
        "type": "Point",
        "coordinates": [
          34.28085,
          52.40419
        ]
      },
      "properties": {
        "frp": 4.35,
        "acq_date": "2026-09-27",
        "acq_time": "1015",
        "satellite": "N20",
        "brightness": null,
        "NAME_1": "Bryansk",
        "locality": "Suzemskiy rayon"
      }
    },
    {
      "type": "Feature",
      "geometry": {
        "type": "Point",
        "coordinates": [
          36.3856,
          52.63013
        ]
      },
      "properties": {
        "frp": 6.15,
        "acq_date": "2026-09-27",
        "acq_time": "1015",
        "satellite": "N20",
        "brightness": null,
        "NAME_1": "Orel",
        "locality": "Sverdlovskiy rayon"
      }
    },
    {
      "type": "Feature",
      "geometry": {
        "type": "Point",
        "coordinates": [
          27.71585,
          44.05309
        ]
      },
      "properties": {
        "frp": 5.16,
        "acq_date": "2026-09-27",
        "acq_time": "1153",
        "satellite": "N20",
        "brightness": null,
        "NAME_1": "",
        "locality": ""
      }
    },
    {
      "type": "Feature",
      "geometry": {
        "type": "Point",
        "coordinates": [
          22.66446,
          44.27514
        ]
      },
      "properties": {
        "frp": 4.9,
        "acq_date": "2026-09-27",
        "acq_time": "1153",
        "satellite": "N20",
        "brightness": null,
        "NAME_1": "",
        "locality": ""
      }
    },
    {
      "type": "Feature",
      "geometry": {
        "type": "Point",
        "coordinates": [
          22.71639,
          44.3452
        ]
      },
      "properties": {
        "frp": 2.46,
        "acq_date": "2026-09-27",
        "acq_time": "1153",
        "satellite": "N20",
        "brightness": null,
        "NAME_1": "",
        "locality": ""
      }
    },
    {
      "type": "Feature",
      "geometry": {
        "type": "Point",
        "coordinates": [
          22.80898,
          44.86211
        ]
      },
      "properties": {
        "frp": 1.26,
        "acq_date": "2026-09-27",
        "acq_time": "1155",
        "satellite": "N20",
        "brightness": null,
        "NAME_1": "",
        "locality": ""
      }
    },
    {
      "type": "Feature",
      "geometry": {
        "type": "Point",
        "coordinates": [
          29.55904,
          45.45538
        ]
      },
      "properties": {
        "frp": 9.45,
        "acq_date": "2026-09-27",
        "acq_time": "1155",
        "satellite": "N20",
        "brightness": null,
        "NAME_1": "Odessa",
        "locality": "Kiliis'kyi"
      }
    },
    {
      "type": "Feature",
      "geometry": {
        "type": "Point",
        "coordinates": [
          29.56489,
          45.45553
        ]
      },
      "properties": {
        "frp": 18.72,
        "acq_date": "2026-09-27",
        "acq_time": "1155",
        "satellite": "N20",
        "brightness": null,
        "NAME_1": "Odessa",
        "locality": "Kiliis'kyi"
      }
    },
    {
      "type": "Feature",
      "geometry": {
        "type": "Point",
        "coordinates": [
          29.57078,
          45.45568
        ]
      },
      "properties": {
        "frp": 18.72,
        "acq_date": "2026-09-27",
        "acq_time": "1155",
        "satellite": "N20",
        "brightness": null,
        "NAME_1": "Odessa",
        "locality": "Kiliis'kyi"
      }
    },
    {
      "type": "Feature",
      "geometry": {
        "type": "Point",
        "coordinates": [
          29.56465,
          45.46137
        ]
      },
      "properties": {
        "frp": 18.72,
        "acq_date": "2026-09-27",
        "acq_time": "1155",
        "satellite": "N20",
        "brightness": null,
        "NAME_1": "Odessa",
        "locality": "Kiliis'kyi"
      }
    },
    {
      "type": "Feature",
      "geometry": {
        "type": "Point",
        "coordinates": [
          29.57051,
          45.46153
        ]
      },
      "properties": {
        "frp": 18.72,
        "acq_date": "2026-09-27",
        "acq_time": "1155",
        "satellite": "N20",
        "brightness": null,
        "NAME_1": "Odessa",
        "locality": "Kiliis'kyi"
      }
    },
    {
      "type": "Feature",
      "geometry": {
        "type": "Point",
        "coordinates": [
          29.57638,
          45.46168
        ]
      },
      "properties": {
        "frp": 15.15,
        "acq_date": "2026-09-27",
        "acq_time": "1155",
        "satellite": "N20",
        "brightness": null,
        "NAME_1": "Odessa",
        "locality": "Kiliis'kyi"
      }
    },
    {
      "type": "Feature",
      "geometry": {
        "type": "Point",
        "coordinates": [
          29.58225,
          45.46184
        ]
      },
      "properties": {
        "frp": 15.15,
        "acq_date": "2026-09-27",
        "acq_time": "1155",
        "satellite": "N20",
        "brightness": null,
        "NAME_1": "Odessa",
        "locality": "Kiliis'kyi"
      }
    },
    {
      "type": "Feature",
      "geometry": {
        "type": "Point",
        "coordinates": [
          29.58199,
          45.46769
        ]
      },
      "properties": {
        "frp": 19.97,
        "acq_date": "2026-09-27",
        "acq_time": "1155",
        "satellite": "N20",
        "brightness": null,
        "NAME_1": "Odessa",
        "locality": "Kiliis'kyi"
      }
    },
    {
      "type": "Feature",
      "geometry": {
        "type": "Point",
        "coordinates": [
          29.58787,
          45.46784
        ]
      },
      "properties": {
        "frp": 14.57,
        "acq_date": "2026-09-27",
        "acq_time": "1155",
        "satellite": "N20",
        "brightness": null,
        "NAME_1": "Odessa",
        "locality": "Kiliis'kyi"
      }
    },
    {
      "type": "Feature",
      "geometry": {
        "type": "Point",
        "coordinates": [
          29.83206,
          46.00147
        ]
      },
      "properties": {
        "frp": 5.57,
        "acq_date": "2026-09-27",
        "acq_time": "1155",
        "satellite": "N20",
        "brightness": null,
        "NAME_1": "Odessa",
        "locality": "Sarats'kyi"
      }
    },
    {
      "type": "Feature",
      "geometry": {
        "type": "Point",
        "coordinates": [
          29.83181,
          46.00741
        ]
      },
      "properties": {
        "frp": 8.33,
        "acq_date": "2026-09-27",
        "acq_time": "1155",
        "satellite": "N20",
        "brightness": null,
        "NAME_1": "Odessa",
        "locality": "Sarats'kyi"
      }
    },
    {
      "type": "Feature",
      "geometry": {
        "type": "Point",
        "coordinates": [
          32.46738,
          46.3046
        ]
      },
      "properties": {
        "frp": 4.22,
        "acq_date": "2026-09-27",
        "acq_time": "1155",
        "satellite": "N20",
        "brightness": null,
        "NAME_1": "Kherson",
        "locality": "Holoprystans'kyi"
      }
    },
    {
      "type": "Feature",
      "geometry": {
        "type": "Point",
        "coordinates": [
          32.46692,
          46.3077
        ]
      },
      "properties": {
        "frp": 3.3,
        "acq_date": "2026-09-27",
        "acq_time": "1155",
        "satellite": "N20",
        "brightness": null,
        "NAME_1": "Kherson",
        "locality": "Holoprystans'kyi"
      }
    },
    {
      "type": "Feature",
      "geometry": {
        "type": "Point",
        "coordinates": [
          32.09187,
          48.42897
        ]
      },
      "properties": {
        "frp": 3.7,
        "acq_date": "2026-09-27",
        "acq_time": "1155",
        "satellite": "N20",
        "brightness": null,
        "NAME_1": "Kirovohrad",
        "locality": "Kirovohrads'kyi"
      }
    },
    {
      "type": "Feature",
      "geometry": {
        "type": "Point",
        "coordinates": [
          29.34568,
          51.88956
        ]
      },
      "properties": {
        "frp": 4.23,
        "acq_date": "2026-09-27",
        "acq_time": "1155",
        "satellite": "N20",
        "brightness": null,
        "NAME_1": "Gomel",
        "locality": "Mazyr"
      }
    },
    {
      "type": "Feature",
      "geometry": {
        "type": "Point",
        "coordinates": [
          39.79466,
          45.04426
        ]
      },
      "properties": {
        "frp": 0.51,
        "acq_date": "2026-09-27",
        "acq_time": "2231",
        "satellite": "N20",
        "brightness": null,
        "NAME_1": "Adygey",
        "locality": "Krasnogvardeyskiy rayon"
      }
    },
    {
      "type": "Feature",
      "geometry": {
        "type": "Point",
        "coordinates": [
          38.71664,
          45.26684
        ]
      },
      "properties": {
        "frp": 1.55,
        "acq_date": "2026-09-27",
        "acq_time": "2231",
        "satellite": "N20",
        "brightness": null,
        "NAME_1": "Krasnodar",
        "locality": "Dinskiy rayon"
      }
    },
    {
      "type": "Feature",
      "geometry": {
        "type": "Point",
        "coordinates": [
          38.72352,
          45.27285
        ]
      },
      "properties": {
        "frp": 0.86,
        "acq_date": "2026-09-27",
        "acq_time": "2231",
        "satellite": "N20",
        "brightness": null,
        "NAME_1": "Krasnodar",
        "locality": "Dinskiy rayon"
      }
    },
    {
      "type": "Feature",
      "geometry": {
        "type": "Point",
        "coordinates": [
          38.71695,
          45.27297
        ]
      },
      "properties": {
        "frp": 0.86,
        "acq_date": "2026-09-27",
        "acq_time": "2231",
        "satellite": "N20",
        "brightness": null,
        "NAME_1": "Krasnodar",
        "locality": "Dinskiy rayon"
      }
    },
    {
      "type": "Feature",
      "geometry": {
        "type": "Point",
        "coordinates": [
          40.76405,
          45.56325
        ]
      },
      "properties": {
        "frp": 0.42,
        "acq_date": "2026-09-27",
        "acq_time": "2231",
        "satellite": "N20",
        "brightness": null,
        "NAME_1": "Krasnodar",
        "locality": "Kavkazskiy rayon"
      }
    },
    {
      "type": "Feature",
      "geometry": {
        "type": "Point",
        "coordinates": [
          40.7646,
          45.56883
        ]
      },
      "properties": {
        "frp": 0.42,
        "acq_date": "2026-09-27",
        "acq_time": "2231",
        "satellite": "N20",
        "brightness": null,
        "NAME_1": "Krasnodar",
        "locality": "Kavkazskiy rayon"
      }
    },
    {
      "type": "Feature",
      "geometry": {
        "type": "Point",
        "coordinates": [
          39.3402,
          46.09908
        ]
      },
      "properties": {
        "frp": 0.82,
        "acq_date": "2026-09-27",
        "acq_time": "2231",
        "satellite": "N20",
        "brightness": null,
        "NAME_1": "Krasnodar",
        "locality": "Leningradskiy rayon"
      }
    },
    {
      "type": "Feature",
      "geometry": {
        "type": "Point",
        "coordinates": [
          39.28719,
          46.16631
        ]
      },
      "properties": {
        "frp": 1.6,
        "acq_date": "2026-09-27",
        "acq_time": "2231",
        "satellite": "N20",
        "brightness": null,
        "NAME_1": "Krasnodar",
        "locality": "Leningradskiy rayon"
      }
    },
    {
      "type": "Feature",
      "geometry": {
        "type": "Point",
        "coordinates": [
          39.28843,
          46.16844
        ]
      },
      "properties": {
        "frp": 0.88,
        "acq_date": "2026-09-27",
        "acq_time": "2231",
        "satellite": "N20",
        "brightness": null,
        "NAME_1": "Krasnodar",
        "locality": "Leningradskiy rayon"
      }
    },
    {
      "type": "Feature",
      "geometry": {
        "type": "Point",
        "coordinates": [
          39.28212,
          46.16857
        ]
      },
      "properties": {
        "frp": 0.88,
        "acq_date": "2026-09-27",
        "acq_time": "2231",
        "satellite": "N20",
        "brightness": null,
        "NAME_1": "Krasnodar",
        "locality": "Leningradskiy rayon"
      }
    },
    {
      "type": "Feature",
      "geometry": {
        "type": "Point",
        "coordinates": [
          29.33707,
          51.88926
        ]
      },
      "properties": {
        "frp": 0.79,
        "acq_date": "2026-09-28",
        "acq_time": "7",
        "satellite": "N20",
        "brightness": null,
        "NAME_1": "Gomel",
        "locality": "Mazyr"
      }
    },
    {
      "type": "Feature",
      "geometry": {
        "type": "Point",
        "coordinates": [
          29.33827,
          51.8926
        ]
      },
      "properties": {
        "frp": 2.55,
        "acq_date": "2026-09-28",
        "acq_time": "7",
        "satellite": "N20",
        "brightness": null,
        "NAME_1": "Gomel",
        "locality": "Mazyr"
      }
    },
    {
      "type": "Feature",
      "geometry": {
        "type": "Point",
        "coordinates": [
          29.32212,
          51.89832
        ]
      },
      "properties": {
        "frp": 0.76,
        "acq_date": "2026-09-28",
        "acq_time": "7",
        "satellite": "N20",
        "brightness": null,
        "NAME_1": "Gomel",
        "locality": "Mazyr"
      }
    },
    {
      "type": "Feature",
      "geometry": {
        "type": "Point",
        "coordinates": [
          33.33366,
          52.37157
        ]
      },
      "properties": {
        "frp": 0.86,
        "acq_date": "2026-09-28",
        "acq_time": "7",
        "satellite": "N20",
        "brightness": null,
        "NAME_1": "Bryansk",
        "locality": "Pogarskiy rayon"
      }
    },
    {
      "type": "Feature",
      "geometry": {
        "type": "Point",
        "coordinates": [
          39.61101,
          52.55667
        ]
      },
      "properties": {
        "frp": 0.89,
        "acq_date": "2026-09-28",
        "acq_time": "7",
        "satellite": "N20",
        "brightness": null,
        "NAME_1": "Lipetsk",
        "locality": "Lipetsk"
      }
    },
    {
      "type": "Feature",
      "geometry": {
        "type": "Point",
        "coordinates": [
          32.22749,
          52.80624
        ]
      },
      "properties": {
        "frp": 0.42,
        "acq_date": "2026-09-28",
        "acq_time": "7",
        "satellite": "N20",
        "brightness": null,
        "NAME_1": "Bryansk",
        "locality": "Klintsovskiy rayon"
      }
    },
    {
      "type": "Feature",
      "geometry": {
        "type": "Point",
        "coordinates": [
          29.99077,
          52.8463
        ]
      },
      "properties": {
        "frp": 7.14,
        "acq_date": "2026-09-28",
        "acq_time": "7",
        "satellite": "N20",
        "brightness": null,
        "NAME_1": "Gomel",
        "locality": "\u017dlobin"
      }
    },
    {
      "type": "Feature",
      "geometry": {
        "type": "Point",
        "coordinates": [
          27.29995,
          44.22141
        ]
      },
      "properties": {
        "frp": 0.52,
        "acq_date": "2026-09-28",
        "acq_time": "9",
        "satellite": "N20",
        "brightness": null,
        "NAME_1": "",
        "locality": ""
      }
    },
    {
      "type": "Feature",
      "geometry": {
        "type": "Point",
        "coordinates": [
          28.30866,
          44.23928
        ]
      },
      "properties": {
        "frp": 0.81,
        "acq_date": "2026-09-28",
        "acq_time": "9",
        "satellite": "N20",
        "brightness": null,
        "NAME_1": "",
        "locality": ""
      }
    },
    {
      "type": "Feature",
      "geometry": {
        "type": "Point",
        "coordinates": [
          22.44488,
          44.87232
        ]
      },
      "properties": {
        "frp": 0.6,
        "acq_date": "2026-09-28",
        "acq_time": "9",
        "satellite": "N20",
        "brightness": null,
        "NAME_1": "",
        "locality": ""
      }
    },
    {
      "type": "Feature",
      "geometry": {
        "type": "Point",
        "coordinates": [
          22.44585,
          44.87238
        ]
      },
      "properties": {
        "frp": 0.96,
        "acq_date": "2026-09-28",
        "acq_time": "9",
        "satellite": "N20",
        "brightness": null,
        "NAME_1": "",
        "locality": ""
      }
    },
    {
      "type": "Feature",
      "geometry": {
        "type": "Point",
        "coordinates": [
          22.43016,
          44.88172
        ]
      },
      "properties": {
        "frp": 3.44,
        "acq_date": "2026-09-28",
        "acq_time": "9",
        "satellite": "N20",
        "brightness": null,
        "NAME_1": "",
        "locality": ""
      }
    },
    {
      "type": "Feature",
      "geometry": {
        "type": "Point",
        "coordinates": [
          22.42961,
          44.88575
        ]
      },
      "properties": {
        "frp": 3.44,
        "acq_date": "2026-09-28",
        "acq_time": "9",
        "satellite": "N20",
        "brightness": null,
        "NAME_1": "",
        "locality": ""
      }
    },
    {
      "type": "Feature",
      "geometry": {
        "type": "Point",
        "coordinates": [
          29.02442,
          45.20436
        ]
      },
      "properties": {
        "frp": 3.92,
        "acq_date": "2026-09-28",
        "acq_time": "9",
        "satellite": "N20",
        "brightness": null,
        "NAME_1": "",
        "locality": ""
      }
    },
    {
      "type": "Feature",
      "geometry": {
        "type": "Point",
        "coordinates": [
          29.0196,
          45.20512
        ]
      },
      "properties": {
        "frp": 4.27,
        "acq_date": "2026-09-28",
        "acq_time": "9",
        "satellite": "N20",
        "brightness": null,
        "NAME_1": "",
        "locality": ""
      }
    },
    {
      "type": "Feature",
      "geometry": {
        "type": "Point",
        "coordinates": [
          29.02546,
          45.20761
        ]
      },
      "properties": {
        "frp": 3.92,
        "acq_date": "2026-09-28",
        "acq_time": "9",
        "satellite": "N20",
        "brightness": null,
        "NAME_1": "",
        "locality": ""
      }
    },
    {
      "type": "Feature",
      "geometry": {
        "type": "Point",
        "coordinates": [
          29.02064,
          45.20838
        ]
      },
      "properties": {
        "frp": 4.27,
        "acq_date": "2026-09-28",
        "acq_time": "9",
        "satellite": "N20",
        "brightness": null,
        "NAME_1": "",
        "locality": ""
      }
    },
    {
      "type": "Feature",
      "geometry": {
        "type": "Point",
        "coordinates": [
          29.02168,
          45.21164
        ]
      },
      "properties": {
        "frp": 1.6,
        "acq_date": "2026-09-28",
        "acq_time": "9",
        "satellite": "N20",
        "brightness": null,
        "NAME_1": "",
        "locality": ""
      }
    },
    {
      "type": "Feature",
      "geometry": {
        "type": "Point",
        "coordinates": [
          39.01115,
          45.24121
        ]
      },
      "properties": {
        "frp": 11.13,
        "acq_date": "2026-09-28",
        "acq_time": "9",
        "satellite": "N20",
        "brightness": null,
        "NAME_1": "Krasnodar",
        "locality": "Dinskiy rayon"
      }
    },
    {
      "type": "Feature",
      "geometry": {
        "type": "Point",
        "coordinates": [
          39.00487,
          45.24279
        ]
      },
      "properties": {
        "frp": 11.13,
        "acq_date": "2026-09-28",
        "acq_time": "9",
        "satellite": "N20",
        "brightness": null,
        "NAME_1": "Krasnodar",
        "locality": "Dinskiy rayon"
      }
    },
    {
      "type": "Feature",
      "geometry": {
        "type": "Point",
        "coordinates": [
          38.71741,
          45.26657
        ]
      },
      "properties": {
        "frp": 0.66,
        "acq_date": "2026-09-28",
        "acq_time": "9",
        "satellite": "N20",
        "brightness": null,
        "NAME_1": "Krasnodar",
        "locality": "Dinskiy rayon"
      }
    },
    {
      "type": "Feature",
      "geometry": {
        "type": "Point",
        "coordinates": [
          39.12512,
          45.26693
        ]
      },
      "properties": {
        "frp": 15.55,
        "acq_date": "2026-09-28",
        "acq_time": "9",
        "satellite": "N20",
        "brightness": null,
        "NAME_1": "Krasnodar",
        "locality": "Dinskiy rayon"
      }
    },
    {
      "type": "Feature",
      "geometry": {
        "type": "Point",
        "coordinates": [
          39.1188,
          45.26855
        ]
      },
      "properties": {
        "frp": 10.58,
        "acq_date": "2026-09-28",
        "acq_time": "9",
        "satellite": "N20",
        "brightness": null,
        "NAME_1": "Krasnodar",
        "locality": "Dinskiy rayon"
      }
    },
    {
      "type": "Feature",
      "geometry": {
        "type": "Point",
        "coordinates": [
          38.72564,
          45.26933
        ]
      },
      "properties": {
        "frp": 0.51,
        "acq_date": "2026-09-28",
        "acq_time": "9",
        "satellite": "N20",
        "brightness": null,
        "NAME_1": "Krasnodar",
        "locality": "Dinskiy rayon"
      }
    },
    {
      "type": "Feature",
      "geometry": {
        "type": "Point",
        "coordinates": [
          38.7278,
          45.27362
        ]
      },
      "properties": {
        "frp": 0.51,
        "acq_date": "2026-09-28",
        "acq_time": "9",
        "satellite": "N20",
        "brightness": null,
        "NAME_1": "Krasnodar",
        "locality": "Dinskiy rayon"
      }
    },
    {
      "type": "Feature",
      "geometry": {
        "type": "Point",
        "coordinates": [
          25.11131,
          45.29259
        ]
      },
      "properties": {
        "frp": 0.97,
        "acq_date": "2026-09-28",
        "acq_time": "9",
        "satellite": "N20",
        "brightness": null,
        "NAME_1": "",
        "locality": ""
      }
    },
    {
      "type": "Feature",
      "geometry": {
        "type": "Point",
        "coordinates": [
          28.9465,
          45.77478
        ]
      },
      "properties": {
        "frp": 0.57,
        "acq_date": "2026-09-28",
        "acq_time": "9",
        "satellite": "N20",
        "brightness": null,
        "NAME_1": "Odessa",
        "locality": "Bolhrads'kyi"
      }
    },
    {
      "type": "Feature",
      "geometry": {
        "type": "Point",
        "coordinates": [
          25.28304,
          45.95232
        ]
      },
      "properties": {
        "frp": 0.77,
        "acq_date": "2026-09-28",
        "acq_time": "9",
        "satellite": "N20",
        "brightness": null,
        "NAME_1": "",
        "locality": ""
      }
    },
    {
      "type": "Feature",
      "geometry": {
        "type": "Point",
        "coordinates": [
          22.86461,
          45.95439
        ]
      },
      "properties": {
        "frp": 0.78,
        "acq_date": "2026-09-28",
        "acq_time": "9",
        "satellite": "N20",
        "brightness": null,
        "NAME_1": "",
        "locality": ""
      }
    },
    {
      "type": "Feature",
      "geometry": {
        "type": "Point",
        "coordinates": [
          22.33135,
          47.0365
        ]
      },
      "properties": {
        "frp": 0.87,
        "acq_date": "2026-09-28",
        "acq_time": "9",
        "satellite": "N20",
        "brightness": null,
        "NAME_1": "",
        "locality": ""
      }
    },
    {
      "type": "Feature",
      "geometry": {
        "type": "Point",
        "coordinates": [
          38.24868,
          47.24527
        ]
      },
      "properties": {
        "frp": 0.71,
        "acq_date": "2026-09-28",
        "acq_time": "9",
        "satellite": "N20",
        "brightness": null,
        "NAME_1": "Donets'k",
        "locality": "Novoazovs'kyi"
      }
    },
    {
      "type": "Feature",
      "geometry": {
        "type": "Point",
        "coordinates": [
          40.13081,
          47.37504
        ]
      },
      "properties": {
        "frp": 1.58,
        "acq_date": "2026-09-28",
        "acq_time": "9",
        "satellite": "N20",
        "brightness": null,
        "NAME_1": "Rostov",
        "locality": "Novocherkassk"
      }
    },
    {
      "type": "Feature",
      "geometry": {
        "type": "Point",
        "coordinates": [
          40.13164,
          47.37632
        ]
      },
      "properties": {
        "frp": 2.24,
        "acq_date": "2026-09-28",
        "acq_time": "9",
        "satellite": "N20",
        "brightness": null,
        "NAME_1": "Rostov",
        "locality": "Novocherkassk"
      }
    },
    {
      "type": "Feature",
      "geometry": {
        "type": "Point",
        "coordinates": [
          40.1332,
          47.37933
        ]
      },
      "properties": {
        "frp": 1.83,
        "acq_date": "2026-09-28",
        "acq_time": "9",
        "satellite": "N20",
        "brightness": null,
        "NAME_1": "Rostov",
        "locality": "Novocherkassk"
      }
    },
    {
      "type": "Feature",
      "geometry": {
        "type": "Point",
        "coordinates": [
          40.13402,
          47.3806
        ]
      },
      "properties": {
        "frp": 2.24,
        "acq_date": "2026-09-28",
        "acq_time": "9",
        "satellite": "N20",
        "brightness": null,
        "NAME_1": "Rostov",
        "locality": "Novocherkassk"
      }
    },
    {
      "type": "Feature",
      "geometry": {
        "type": "Point",
        "coordinates": [
          40.12682,
          47.38094
        ]
      },
      "properties": {
        "frp": 1.83,
        "acq_date": "2026-09-28",
        "acq_time": "9",
        "satellite": "N20",
        "brightness": null,
        "NAME_1": "Rostov",
        "locality": "Novocherkassk"
      }
    },
    {
      "type": "Feature",
      "geometry": {
        "type": "Point",
        "coordinates": [
          40.14915,
          47.38158
        ]
      },
      "properties": {
        "frp": 3.99,
        "acq_date": "2026-09-28",
        "acq_time": "9",
        "satellite": "N20",
        "brightness": null,
        "NAME_1": "Rostov",
        "locality": "Oktyabr'skiy"
      }
    },
    {
      "type": "Feature",
      "geometry": {
        "type": "Point",
        "coordinates": [
          40.14198,
          47.38199
        ]
      },
      "properties": {
        "frp": 2.43,
        "acq_date": "2026-09-28",
        "acq_time": "9",
        "satellite": "N20",
        "brightness": null,
        "NAME_1": "Rostov",
        "locality": "Oktyabr'skiy"
      }
    },
    {
      "type": "Feature",
      "geometry": {
        "type": "Point",
        "coordinates": [
          40.12766,
          47.38224
        ]
      },
      "properties": {
        "frp": 1.46,
        "acq_date": "2026-09-28",
        "acq_time": "9",
        "satellite": "N20",
        "brightness": null,
        "NAME_1": "Rostov",
        "locality": "Novocherkassk"
      }
    },
    {
      "type": "Feature",
      "geometry": {
        "type": "Point",
        "coordinates": [
          40.16431,
          47.38255
        ]
      },
      "properties": {
        "frp": 0.79,
        "acq_date": "2026-09-28",
        "acq_time": "9",
        "satellite": "N20",
        "brightness": null,
        "NAME_1": "Rostov",
        "locality": "Oktyabr'skiy"
      }
    },
    {
      "type": "Feature",
      "geometry": {
        "type": "Point",
        "coordinates": [
          40.14277,
          47.38323
        ]
      },
      "properties": {
        "frp": 3.38,
        "acq_date": "2026-09-28",
        "acq_time": "9",
        "satellite": "N20",
        "brightness": null,
        "NAME_1": "Rostov",
        "locality": "Oktyabr'skiy"
      }
    },
    {
      "type": "Feature",
      "geometry": {
        "type": "Point",
        "coordinates": [
          40.1356,
          47.38361
        ]
      },
      "properties": {
        "frp": 1.83,
        "acq_date": "2026-09-28",
        "acq_time": "9",
        "satellite": "N20",
        "brightness": null,
        "NAME_1": "Rostov",
        "locality": "Novocherkassk"
      }
    },
    {
      "type": "Feature",
      "geometry": {
        "type": "Point",
        "coordinates": [
          40.1364,
          47.38488
        ]
      },
      "properties": {
        "frp": 3.38,
        "acq_date": "2026-09-28",
        "acq_time": "9",
        "satellite": "N20",
        "brightness": null,
        "NAME_1": "Rostov",
        "locality": "Novocherkassk"
      }
    },
    {
      "type": "Feature",
      "geometry": {
        "type": "Point",
        "coordinates": [
          40.12921,
          47.38522
        ]
      },
      "properties": {
        "frp": 1.83,
        "acq_date": "2026-09-28",
        "acq_time": "9",
        "satellite": "N20",
        "brightness": null,
        "NAME_1": "Rostov",
        "locality": "Novocherkassk"
      }
    },
    {
      "type": "Feature",
      "geometry": {
        "type": "Point",
        "coordinates": [
          40.13004,
          47.38653
        ]
      },
      "properties": {
        "frp": 2.23,
        "acq_date": "2026-09-28",
        "acq_time": "9",
        "satellite": "N20",
        "brightness": null,
        "NAME_1": "Rostov",
        "locality": "Novocherkassk"
      }
    },
    {
      "type": "Feature",
      "geometry": {
        "type": "Point",
        "coordinates": [
          38.33099,
          47.512
        ]
      },
      "properties": {
        "frp": 1.51,
        "acq_date": "2026-09-28",
        "acq_time": "9",
        "satellite": "N20",
        "brightness": null,
        "NAME_1": "Rostov",
        "locality": "Matveevo-Kurganskiy rayon"
      }
    },
    {
      "type": "Feature",
      "geometry": {
        "type": "Point",
        "coordinates": [
          29.01527,
          47.78937
        ]
      },
      "properties": {
        "frp": 1.31,
        "acq_date": "2026-09-28",
        "acq_time": "9",
        "satellite": "N20",
        "brightness": null,
        "NAME_1": "",
        "locality": ""
      }
    },
    {
      "type": "Feature",
      "geometry": {
        "type": "Point",
        "coordinates": [
          37.0877,
          48.47413
        ]
      },
      "properties": {
        "frp": 0.82,
        "acq_date": "2026-09-28",
        "acq_time": "9",
        "satellite": "N20",
        "brightness": null,
        "NAME_1": "Donets'k",
        "locality": "Dobropil's'ka"
      }
    },
    {
      "type": "Feature",
      "geometry": {
        "type": "Point",
        "coordinates": [
          26.6068,
          48.74839
        ]
      },
      "properties": {
        "frp": 1.2,
        "acq_date": "2026-09-28",
        "acq_time": "9",
        "satellite": "N20",
        "brightness": null,
        "NAME_1": "Khmel'nyts'kyy",
        "locality": "Kamianets'-Podil's'kyi"
      }
    },
    {
      "type": "Feature",
      "geometry": {
        "type": "Point",
        "coordinates": [
          24.7105,
          48.97462
        ]
      },
      "properties": {
        "frp": 1.13,
        "acq_date": "2026-09-28",
        "acq_time": "9",
        "satellite": "N20",
        "brightness": null,
        "NAME_1": "Ivano-Frankivs'k",
        "locality": "Tysmenyts'kyi"
      }
    },
    {
      "type": "Feature",
      "geometry": {
        "type": "Point",
        "coordinates": [
          24.71141,
          48.97834
        ]
      },
      "properties": {
        "frp": 1.13,
        "acq_date": "2026-09-28",
        "acq_time": "9",
        "satellite": "N20",
        "brightness": null,
        "NAME_1": "Ivano-Frankivs'k",
        "locality": "Tysmenyts'kyi"
      }
    },
    {
      "type": "Feature",
      "geometry": {
        "type": "Point",
        "coordinates": [
          26.26089,
          50.54312
        ]
      },
      "properties": {
        "frp": 2.19,
        "acq_date": "2026-09-28",
        "acq_time": "9",
        "satellite": "N20",
        "brightness": null,
        "NAME_1": "Rivne",
        "locality": "Zdolbunivs'kyi"
      }
    },
    {
      "type": "Feature",
      "geometry": {
        "type": "Point",
        "coordinates": [
          22.75177,
          44.30865
        ]
      },
      "properties": {
        "frp": 0.45,
        "acq_date": "2026-09-28",
        "acq_time": "11",
        "satellite": "N20",
        "brightness": null,
        "NAME_1": "",
        "locality": ""
      }
    },
    {
      "type": "Feature",
      "geometry": {
        "type": "Point",
        "coordinates": [
          29.33552,
          51.8906
        ]
      },
      "properties": {
        "frp": 1.49,
        "acq_date": "2026-09-28",
        "acq_time": "147",
        "satellite": "N20",
        "brightness": null,
        "NAME_1": "Gomel",
        "locality": "Mazyr"
      }
    },
    {
      "type": "Feature",
      "geometry": {
        "type": "Point",
        "coordinates": [
          29.33677,
          51.89314
        ]
      },
      "properties": {
        "frp": 3.0,
        "acq_date": "2026-09-28",
        "acq_time": "147",
        "satellite": "N20",
        "brightness": null,
        "NAME_1": "Gomel",
        "locality": "Mazyr"
      }
    },
    {
      "type": "Feature",
      "geometry": {
        "type": "Point",
        "coordinates": [
          29.34146,
          51.89641
        ]
      },
      "properties": {
        "frp": 1.49,
        "acq_date": "2026-09-28",
        "acq_time": "147",
        "satellite": "N20",
        "brightness": null,
        "NAME_1": "Gomel",
        "locality": "Mazyr"
      }
    },
    {
      "type": "Feature",
      "geometry": {
        "type": "Point",
        "coordinates": [
          24.70699,
          48.9768
        ]
      },
      "properties": {
        "frp": 1.33,
        "acq_date": "2026-09-28",
        "acq_time": "149",
        "satellite": "N20",
        "brightness": null,
        "NAME_1": "Ivano-Frankivs'k",
        "locality": "Tysmenyts'kyi"
      }
    },
    {
      "type": "Feature",
      "geometry": {
        "type": "Point",
        "coordinates": [
          24.70876,
          48.97826
        ]
      },
      "properties": {
        "frp": 1.49,
        "acq_date": "2026-09-28",
        "acq_time": "149",
        "satellite": "N20",
        "brightness": null,
        "NAME_1": "Ivano-Frankivs'k",
        "locality": "Tysmenyts'kyi"
      }
    },
    {
      "type": "Feature",
      "geometry": {
        "type": "Point",
        "coordinates": [
          22.42818,
          44.87992
        ]
      },
      "properties": {
        "frp": 2.03,
        "acq_date": "2026-09-28",
        "acq_time": "152",
        "satellite": "N20",
        "brightness": null,
        "NAME_1": "",
        "locality": ""
      }
    },
    {
      "type": "Feature",
      "geometry": {
        "type": "Point",
        "coordinates": [
          22.4311,
          44.88245
        ]
      },
      "properties": {
        "frp": 6.03,
        "acq_date": "2026-09-28",
        "acq_time": "152",
        "satellite": "N20",
        "brightness": null,
        "NAME_1": "",
        "locality": ""
      }
    },
    {
      "type": "Feature",
      "geometry": {
        "type": "Point",
        "coordinates": [
          22.42742,
          44.88374
        ]
      },
      "properties": {
        "frp": 3.49,
        "acq_date": "2026-09-28",
        "acq_time": "152",
        "satellite": "N20",
        "brightness": null,
        "NAME_1": "",
        "locality": ""
      }
    },
    {
      "type": "Feature",
      "geometry": {
        "type": "Point",
        "coordinates": [
          22.43303,
          44.88579
        ]
      },
      "properties": {
        "frp": 2.03,
        "acq_date": "2026-09-28",
        "acq_time": "152",
        "satellite": "N20",
        "brightness": null,
        "NAME_1": "",
        "locality": ""
      }
    },
    {
      "type": "Feature",
      "geometry": {
        "type": "Point",
        "coordinates": [
          22.42929,
          44.88711
        ]
      },
      "properties": {
        "frp": 2.03,
        "acq_date": "2026-09-28",
        "acq_time": "152",
        "satellite": "N20",
        "brightness": null,
        "NAME_1": "",
        "locality": ""
      }
    },
    {
      "type": "Feature",
      "geometry": {
        "type": "Point",
        "coordinates": [
          26.5895,
          44.55869
        ]
      },
      "properties": {
        "frp": 8.85,
        "acq_date": "2026-09-28",
        "acq_time": "956",
        "satellite": "N20",
        "brightness": null,
        "NAME_1": "",
        "locality": ""
      }
    },
    {
      "type": "Feature",
      "geometry": {
        "type": "Point",
        "coordinates": [
          26.58007,
          44.55965
        ]
      },
      "properties": {
        "frp": 7.07,
        "acq_date": "2026-09-28",
        "acq_time": "956",
        "satellite": "N20",
        "brightness": null,
        "NAME_1": "",
        "locality": ""
      }
    },
    {
      "type": "Feature",
      "geometry": {
        "type": "Point",
        "coordinates": [
          26.58762,
          44.56228
        ]
      },
      "properties": {
        "frp": 6.45,
        "acq_date": "2026-09-28",
        "acq_time": "956",
        "satellite": "N20",
        "brightness": null,
        "NAME_1": "",
        "locality": ""
      }
    },
    {
      "type": "Feature",
      "geometry": {
        "type": "Point",
        "coordinates": [
          37.24978,
          45.11002
        ]
      },
      "properties": {
        "frp": 18.02,
        "acq_date": "2026-09-28",
        "acq_time": "956",
        "satellite": "N20",
        "brightness": null,
        "NAME_1": "Krasnodar",
        "locality": "Temryukskiy rayon"
      }
    },
    {
      "type": "Feature",
      "geometry": {
        "type": "Point",
        "coordinates": [
          37.85781,
          45.61979
        ]
      },
      "properties": {
        "frp": 7.84,
        "acq_date": "2026-09-28",
        "acq_time": "956",
        "satellite": "N20",
        "brightness": null,
        "NAME_1": "Krasnodar",
        "locality": "Slavyanskiy rayon"
      }
    },
    {
      "type": "Feature",
      "geometry": {
        "type": "Point",
        "coordinates": [
          39.77837,
          46.12661
        ]
      },
      "properties": {
        "frp": 5.3,
        "acq_date": "2026-09-28",
        "acq_time": "956",
        "satellite": "N20",
        "brightness": null,
        "NAME_1": "Krasnodar",
        "locality": "Pavlovskiy rayon"
      }
    },
    {
      "type": "Feature",
      "geometry": {
        "type": "Point",
        "coordinates": [
          39.43572,
          46.38781
        ]
      },
      "properties": {
        "frp": 10.28,
        "acq_date": "2026-09-28",
        "acq_time": "956",
        "satellite": "N20",
        "brightness": null,
        "NAME_1": "Krasnodar",
        "locality": "Leningradskiy rayon"
      }
    },
    {
      "type": "Feature",
      "geometry": {
        "type": "Point",
        "coordinates": [
          40.08716,
          46.55648
        ]
      },
      "properties": {
        "frp": 3.96,
        "acq_date": "2026-09-28",
        "acq_time": "956",
        "satellite": "N20",
        "brightness": null,
        "NAME_1": "Rostov",
        "locality": "Zernogradskiy rayon"
      }
    },
    {
      "type": "Feature",
      "geometry": {
        "type": "Point",
        "coordinates": [
          40.08574,
          46.55997
        ]
      },
      "properties": {
        "frp": 69.54,
        "acq_date": "2026-09-28",
        "acq_time": "956",
        "satellite": "N20",
        "brightness": null,
        "NAME_1": "Rostov",
        "locality": "Zernogradskiy rayon"
      }
    },
    {
      "type": "Feature",
      "geometry": {
        "type": "Point",
        "coordinates": [
          40.06458,
          46.59158
        ]
      },
      "properties": {
        "frp": 7.39,
        "acq_date": "2026-09-28",
        "acq_time": "956",
        "satellite": "N20",
        "brightness": null,
        "NAME_1": "Rostov",
        "locality": "Zernogradskiy rayon"
      }
    },
    {
      "type": "Feature",
      "geometry": {
        "type": "Point",
        "coordinates": [
          40.06544,
          46.5937
        ]
      },
      "properties": {
        "frp": 9.44,
        "acq_date": "2026-09-28",
        "acq_time": "956",
        "satellite": "N20",
        "brightness": null,
        "NAME_1": "Rostov",
        "locality": "Zernogradskiy rayon"
      }
    },
    {
      "type": "Feature",
      "geometry": {
        "type": "Point",
        "coordinates": [
          34.61849,
          46.60566
        ]
      },
      "properties": {
        "frp": 3.24,
        "acq_date": "2026-09-28",
        "acq_time": "956",
        "satellite": "N20",
        "brightness": null,
        "NAME_1": "Kherson",
        "locality": "Ivanivs'kyi"
      }
    },
    {
      "type": "Feature",
      "geometry": {
        "type": "Point",
        "coordinates": [
          34.62471,
          46.6072
        ]
      },
      "properties": {
        "frp": 3.24,
        "acq_date": "2026-09-28",
        "acq_time": "956",
        "satellite": "N20",
        "brightness": null,
        "NAME_1": "Kherson",
        "locality": "Ivanivs'kyi"
      }
    },
    {
      "type": "Feature",
      "geometry": {
        "type": "Point",
        "coordinates": [
          34.62161,
          46.60916
        ]
      },
      "properties": {
        "frp": 3.54,
        "acq_date": "2026-09-28",
        "acq_time": "956",
        "satellite": "N20",
        "brightness": null,
        "NAME_1": "Kherson",
        "locality": "Ivanivs'kyi"
      }
    },
    {
      "type": "Feature",
      "geometry": {
        "type": "Point",
        "coordinates": [
          39.12202,
          46.80904
        ]
      },
      "properties": {
        "frp": 2.47,
        "acq_date": "2026-09-28",
        "acq_time": "956",
        "satellite": "N20",
        "brightness": null,
        "NAME_1": "Rostov",
        "locality": "Azovskiy rayon"
      }
    },
    {
      "type": "Feature",
      "geometry": {
        "type": "Point",
        "coordinates": [
          38.65331,
          47.31455
        ]
      },
      "properties": {
        "frp": 2.55,
        "acq_date": "2026-09-28",
        "acq_time": "956",
        "satellite": "N20",
        "brightness": null,
        "NAME_1": "Rostov",
        "locality": "Neklinovskiy rayon"
      }
    },
    {
      "type": "Feature",
      "geometry": {
        "type": "Point",
        "coordinates": [
          38.65203,
          47.31611
        ]
      },
      "properties": {
        "frp": 3.77,
        "acq_date": "2026-09-28",
        "acq_time": "956",
        "satellite": "N20",
        "brightness": null,
        "NAME_1": "Rostov",
        "locality": "Neklinovskiy rayon"
      }
    },
    {
      "type": "Feature",
      "geometry": {
        "type": "Point",
        "coordinates": [
          36.99491,
          47.46799
        ]
      },
      "properties": {
        "frp": 4.3,
        "acq_date": "2026-09-28",
        "acq_time": "956",
        "satellite": "N20",
        "brightness": null,
        "NAME_1": "Zaporizhia",
        "locality": "Rozivs'kyi"
      }
    },
    {
      "type": "Feature",
      "geometry": {
        "type": "Point",
        "coordinates": [
          37.00214,
          47.4696
        ]
      },
      "properties": {
        "frp": 4.3,
        "acq_date": "2026-09-28",
        "acq_time": "956",
        "satellite": "N20",
        "brightness": null,
        "NAME_1": "Zaporizhia",
        "locality": "Rozivs'kyi"
      }
    },
    {
      "type": "Feature",
      "geometry": {
        "type": "Point",
        "coordinates": [
          36.98212,
          47.47779
        ]
      },
      "properties": {
        "frp": 2.53,
        "acq_date": "2026-09-28",
        "acq_time": "956",
        "satellite": "N20",
        "brightness": null,
        "NAME_1": "Zaporizhia",
        "locality": "Rozivs'kyi"
      }
    },
    {
      "type": "Feature",
      "geometry": {
        "type": "Point",
        "coordinates": [
          36.98762,
          47.48323
        ]
      },
      "properties": {
        "frp": 8.38,
        "acq_date": "2026-09-28",
        "acq_time": "956",
        "satellite": "N20",
        "brightness": null,
        "NAME_1": "Zaporizhia",
        "locality": "Rozivs'kyi"
      }
    },
    {
      "type": "Feature",
      "geometry": {
        "type": "Point",
        "coordinates": [
          37.57623,
          47.50784
        ]
      },
      "properties": {
        "frp": 45.25,
        "acq_date": "2026-09-28",
        "acq_time": "956",
        "satellite": "N20",
        "brightness": null,
        "NAME_1": "Donets'k",
        "locality": "Volnovas'kyi"
      }
    },
    {
      "type": "Feature",
      "geometry": {
        "type": "Point",
        "coordinates": [
          37.5832,
          47.50934
        ]
      },
      "properties": {
        "frp": 45.25,
        "acq_date": "2026-09-28",
        "acq_time": "956",
        "satellite": "N20",
        "brightness": null,
        "NAME_1": "Donets'k",
        "locality": "Volnovas'kyi"
      }
    },
    {
      "type": "Feature",
      "geometry": {
        "type": "Point",
        "coordinates": [
          39.28697,
          47.61214
        ]
      },
      "properties": {
        "frp": 2.23,
        "acq_date": "2026-09-28",
        "acq_time": "956",
        "satellite": "N20",
        "brightness": null,
        "NAME_1": "Rostov",
        "locality": "Rodionovo-Nesvetayskiy rayon"
      }
    },
    {
      "type": "Feature",
      "geometry": {
        "type": "Point",
        "coordinates": [
          39.3908,
          47.68379
        ]
      },
      "properties": {
        "frp": 5.89,
        "acq_date": "2026-09-28",
        "acq_time": "956",
        "satellite": "N20",
        "brightness": null,
        "NAME_1": "Rostov",
        "locality": "Rodionovo-Nesvetayskiy rayon"
      }
    },
    {
      "type": "Feature",
      "geometry": {
        "type": "Point",
        "coordinates": [
          39.3967,
          47.68497
        ]
      },
      "properties": {
        "frp": 5.89,
        "acq_date": "2026-09-28",
        "acq_time": "956",
        "satellite": "N20",
        "brightness": null,
        "NAME_1": "Rostov",
        "locality": "Rodionovo-Nesvetayskiy rayon"
      }
    },
    {
      "type": "Feature",
      "geometry": {
        "type": "Point",
        "coordinates": [
          39.39183,
          47.68623
        ]
      },
      "properties": {
        "frp": 9.09,
        "acq_date": "2026-09-28",
        "acq_time": "956",
        "satellite": "N20",
        "brightness": null,
        "NAME_1": "Rostov",
        "locality": "Rodionovo-Nesvetayskiy rayon"
      }
    },
    {
      "type": "Feature",
      "geometry": {
        "type": "Point",
        "coordinates": [
          35.59998,
          47.69941
        ]
      },
      "properties": {
        "frp": 20.5,
        "acq_date": "2026-09-28",
        "acq_time": "956",
        "satellite": "N20",
        "brightness": null,
        "NAME_1": "Zaporizhia",
        "locality": "Orikhivs'kyi"
      }
    },
    {
      "type": "Feature",
      "geometry": {
        "type": "Point",
        "coordinates": [
          38.55222,
          47.72919
        ]
      },
      "properties": {
        "frp": 3.94,
        "acq_date": "2026-09-28",
        "acq_time": "956",
        "satellite": "N20",
        "brightness": null,
        "NAME_1": "Donets'k",
        "locality": "Amvrosi\u2039vs'kyi"
      }
    },
    {
      "type": "Feature",
      "geometry": {
        "type": "Point",
        "coordinates": [
          36.09202,
          47.84919
        ]
      },
      "properties": {
        "frp": 6.11,
        "acq_date": "2026-09-28",
        "acq_time": "956",
        "satellite": "N20",
        "brightness": null,
        "NAME_1": "Dnipropetrovs'k",
        "locality": "Pokrovs'kyi"
      }
    },
    {
      "type": "Feature",
      "geometry": {
        "type": "Point",
        "coordinates": [
          36.44294,
          48.01197
        ]
      },
      "properties": {
        "frp": 7.44,
        "acq_date": "2026-09-28",
        "acq_time": "956",
        "satellite": "N20",
        "brightness": null,
        "NAME_1": "Dnipropetrovs'k",
        "locality": "Pokrovs'kyi"
      }
    },
    {
      "type": "Feature",
      "geometry": {
        "type": "Point",
        "coordinates": [
          40.50562,
          48.07059
        ]
      },
      "properties": {
        "frp": 5.88,
        "acq_date": "2026-09-28",
        "acq_time": "956",
        "satellite": "N20",
        "brightness": null,
        "NAME_1": "Rostov",
        "locality": "Krasnosulinskiy rayon"
      }
    },
    {
      "type": "Feature",
      "geometry": {
        "type": "Point",
        "coordinates": [
          39.05191,
          48.10051
        ]
      },
      "properties": {
        "frp": 3.29,
        "acq_date": "2026-09-28",
        "acq_time": "956",
        "satellite": "N20",
        "brightness": null,
        "NAME_1": "Luhans'k",
        "locality": "Antratsitivs'ka"
      }
    },
    {
      "type": "Feature",
      "geometry": {
        "type": "Point",
        "coordinates": [
          39.05037,
          48.10401
        ]
      },
      "properties": {
        "frp": 3.29,
        "acq_date": "2026-09-28",
        "acq_time": "956",
        "satellite": "N20",
        "brightness": null,
        "NAME_1": "Luhans'k",
        "locality": "Antratsitivs'ka"
      }
    },
    {
      "type": "Feature",
      "geometry": {
        "type": "Point",
        "coordinates": [
          36.4135,
          50.17078
        ]
      },
      "properties": {
        "frp": 3.31,
        "acq_date": "2026-09-28",
        "acq_time": "956",
        "satellite": "N20",
        "brightness": null,
        "NAME_1": "Kharkiv",
        "locality": "Kharkivs'kyi"
      }
    },
    {
      "type": "Feature",
      "geometry": {
        "type": "Point",
        "coordinates": [
          37.0365,
          50.18726
        ]
      },
      "properties": {
        "frp": 71.51,
        "acq_date": "2026-09-28",
        "acq_time": "956",
        "satellite": "N20",
        "brightness": null,
        "NAME_1": "Kharkiv",
        "locality": "Vovchans'kyi"
      }
    },
    {
      "type": "Feature",
      "geometry": {
        "type": "Point",
        "coordinates": [
          37.0432,
          50.18868
        ]
      },
      "properties": {
        "frp": 19.08,
        "acq_date": "2026-09-28",
        "acq_time": "956",
        "satellite": "N20",
        "brightness": null,
        "NAME_1": "Kharkiv",
        "locality": "Vovchans'kyi"
      }
    },
    {
      "type": "Feature",
      "geometry": {
        "type": "Point",
        "coordinates": [
          37.9296,
          51.13731
        ]
      },
      "properties": {
        "frp": 3.11,
        "acq_date": "2026-09-28",
        "acq_time": "956",
        "satellite": "N20",
        "brightness": null,
        "NAME_1": "Belgorod",
        "locality": "Starooskol'skiy rayon"
      }
    },
    {
      "type": "Feature",
      "geometry": {
        "type": "Point",
        "coordinates": [
          37.92788,
          51.14074
        ]
      },
      "properties": {
        "frp": 3.11,
        "acq_date": "2026-09-28",
        "acq_time": "956",
        "satellite": "N20",
        "brightness": null,
        "NAME_1": "Belgorod",
        "locality": "Starooskol'skiy rayon"
      }
    },
    {
      "type": "Feature",
      "geometry": {
        "type": "Point",
        "coordinates": [
          35.03246,
          51.17387
        ]
      },
      "properties": {
        "frp": 18.98,
        "acq_date": "2026-09-28",
        "acq_time": "956",
        "satellite": "N20",
        "brightness": null,
        "NAME_1": "Sumy",
        "locality": "Sums'kyi"
      }
    },
    {
      "type": "Feature",
      "geometry": {
        "type": "Point",
        "coordinates": [
          34.31596,
          51.196
        ]
      },
      "properties": {
        "frp": 3.01,
        "acq_date": "2026-09-28",
        "acq_time": "956",
        "satellite": "N20",
        "brightness": null,
        "NAME_1": "Sumy",
        "locality": "Bilopils'kyi"
      }
    },
    {
      "type": "Feature",
      "geometry": {
        "type": "Point",
        "coordinates": [
          34.31375,
          51.19982
        ]
      },
      "properties": {
        "frp": 4.65,
        "acq_date": "2026-09-28",
        "acq_time": "956",
        "satellite": "N20",
        "brightness": null,
        "NAME_1": "Sumy",
        "locality": "Bilopils'kyi"
      }
    },
    {
      "type": "Feature",
      "geometry": {
        "type": "Point",
        "coordinates": [
          34.36017,
          51.22351
        ]
      },
      "properties": {
        "frp": 5.48,
        "acq_date": "2026-09-28",
        "acq_time": "956",
        "satellite": "N20",
        "brightness": null,
        "NAME_1": "Sumy",
        "locality": "Bilopils'kyi"
      }
    },
    {
      "type": "Feature",
      "geometry": {
        "type": "Point",
        "coordinates": [
          34.35753,
          51.22427
        ]
      },
      "properties": {
        "frp": 4.65,
        "acq_date": "2026-09-28",
        "acq_time": "956",
        "satellite": "N20",
        "brightness": null,
        "NAME_1": "Sumy",
        "locality": "Bilopils'kyi"
      }
    },
    {
      "type": "Feature",
      "geometry": {
        "type": "Point",
        "coordinates": [
          37.25117,
          51.42316
        ]
      },
      "properties": {
        "frp": 2.32,
        "acq_date": "2026-09-28",
        "acq_time": "956",
        "satellite": "N20",
        "brightness": null,
        "NAME_1": "Kursk",
        "locality": "Manturovskiy rayon"
      }
    },
    {
      "type": "Feature",
      "geometry": {
        "type": "Point",
        "coordinates": [
          28.85115,
          50.80585
        ]
      },
      "properties": {
        "frp": 2.25,
        "acq_date": "2026-09-28",
        "acq_time": "958",
        "satellite": "N20",
        "brightness": null,
        "NAME_1": "Zhytomyr",
        "locality": "Korostens'kyi"
      }
    },
    {
      "type": "Feature",
      "geometry": {
        "type": "Point",
        "coordinates": [
          27.71895,
          51.29005
        ]
      },
      "properties": {
        "frp": 3.41,
        "acq_date": "2026-09-28",
        "acq_time": "958",
        "satellite": "N20",
        "brightness": null,
        "NAME_1": "Zhytomyr",
        "locality": "Olevs'kyi"
      }
    },
    {
      "type": "Feature",
      "geometry": {
        "type": "Point",
        "coordinates": [
          29.34374,
          51.89268
        ]
      },
      "properties": {
        "frp": 7.63,
        "acq_date": "2026-09-28",
        "acq_time": "958",
        "satellite": "N20",
        "brightness": null,
        "NAME_1": "Gomel",
        "locality": "Mazyr"
      }
    },
    {
      "type": "Feature",
      "geometry": {
        "type": "Point",
        "coordinates": [
          29.34529,
          51.89328
        ]
      },
      "properties": {
        "frp": 12.31,
        "acq_date": "2026-09-28",
        "acq_time": "958",
        "satellite": "N20",
        "brightness": null,
        "NAME_1": "Gomel",
        "locality": "Mazyr"
      }
    },
    {
      "type": "Feature",
      "geometry": {
        "type": "Point",
        "coordinates": [
          34.04629,
          52.18846
        ]
      },
      "properties": {
        "frp": 2.92,
        "acq_date": "2026-09-28",
        "acq_time": "958",
        "satellite": "N20",
        "brightness": null,
        "NAME_1": "Sumy",
        "locality": "Seredyno-Buds'kyi"
      }
    },
    {
      "type": "Feature",
      "geometry": {
        "type": "Point",
        "coordinates": [
          24.87563,
          52.26424
        ]
      },
      "properties": {
        "frp": 3.19,
        "acq_date": "2026-09-28",
        "acq_time": "958",
        "satellite": "N20",
        "brightness": null,
        "NAME_1": "Brest",
        "locality": "Drahichyn"
      }
    },
    {
      "type": "Feature",
      "geometry": {
        "type": "Point",
        "coordinates": [
          25.16774,
          52.97919
        ]
      },
      "properties": {
        "frp": 1.56,
        "acq_date": "2026-09-28",
        "acq_time": "958",
        "satellite": "N20",
        "brightness": null,
        "NAME_1": "Grodno",
        "locality": "Slonim"
      }
    },
    {
      "type": "Feature",
      "geometry": {
        "type": "Point",
        "coordinates": [
          24.2116,
          44.00217
        ]
      },
      "properties": {
        "frp": 5.88,
        "acq_date": "2026-09-28",
        "acq_time": "1136",
        "satellite": "N20",
        "brightness": null,
        "NAME_1": "",
        "locality": ""
      }
    },
    {
      "type": "Feature",
      "geometry": {
        "type": "Point",
        "coordinates": [
          24.52562,
          44.07943
        ]
      },
      "properties": {
        "frp": 3.58,
        "acq_date": "2026-09-28",
        "acq_time": "1136",
        "satellite": "N20",
        "brightness": null,
        "NAME_1": "",
        "locality": ""
      }
    },
    {
      "type": "Feature",
      "geometry": {
        "type": "Point",
        "coordinates": [
          23.27024,
          44.08189
        ]
      },
      "properties": {
        "frp": 2.2,
        "acq_date": "2026-09-28",
        "acq_time": "1136",
        "satellite": "N20",
        "brightness": null,
        "NAME_1": "",
        "locality": ""
      }
    },
    {
      "type": "Feature",
      "geometry": {
        "type": "Point",
        "coordinates": [
          23.24796,
          44.12868
        ]
      },
      "properties": {
        "frp": 4.23,
        "acq_date": "2026-09-28",
        "acq_time": "1136",
        "satellite": "N20",
        "brightness": null,
        "NAME_1": "",
        "locality": ""
      }
    },
    {
      "type": "Feature",
      "geometry": {
        "type": "Point",
        "coordinates": [
          23.24712,
          44.13212
        ]
      },
      "properties": {
        "frp": 3.29,
        "acq_date": "2026-09-28",
        "acq_time": "1136",
        "satellite": "N20",
        "brightness": null,
        "NAME_1": "",
        "locality": ""
      }
    },
    {
      "type": "Feature",
      "geometry": {
        "type": "Point",
        "coordinates": [
          24.03489,
          44.13615
        ]
      },
      "properties": {
        "frp": 3.51,
        "acq_date": "2026-09-28",
        "acq_time": "1136",
        "satellite": "N20",
        "brightness": null,
        "NAME_1": "",
        "locality": ""
      }
    },
    {
      "type": "Feature",
      "geometry": {
        "type": "Point",
        "coordinates": [
          24.03408,
          44.13968
        ]
      },
      "properties": {
        "frp": 3.51,
        "acq_date": "2026-09-28",
        "acq_time": "1136",
        "satellite": "N20",
        "brightness": null,
        "NAME_1": "",
        "locality": ""
      }
    },
    {
      "type": "Feature",
      "geometry": {
        "type": "Point",
        "coordinates": [
          22.99603,
          44.15882
        ]
      },
      "properties": {
        "frp": 4.22,
        "acq_date": "2026-09-28",
        "acq_time": "1136",
        "satellite": "N20",
        "brightness": null,
        "NAME_1": "",
        "locality": ""
      }
    },
    {
      "type": "Feature",
      "geometry": {
        "type": "Point",
        "coordinates": [
          22.62253,
          44.37971
        ]
      },
      "properties": {
        "frp": 2.34,
        "acq_date": "2026-09-28",
        "acq_time": "1136",
        "satellite": "N20",
        "brightness": null,
        "NAME_1": "",
        "locality": ""
      }
    },
    {
      "type": "Feature",
      "geometry": {
        "type": "Point",
        "coordinates": [
          22.62764,
          44.38039
        ]
      },
      "properties": {
        "frp": 4.39,
        "acq_date": "2026-09-28",
        "acq_time": "1136",
        "satellite": "N20",
        "brightness": null,
        "NAME_1": "",
        "locality": ""
      }
    },
    {
      "type": "Feature",
      "geometry": {
        "type": "Point",
        "coordinates": [
          22.61656,
          44.38242
        ]
      },
      "properties": {
        "frp": 4.89,
        "acq_date": "2026-09-28",
        "acq_time": "1136",
        "satellite": "N20",
        "brightness": null,
        "NAME_1": "",
        "locality": ""
      }
    },
    {
      "type": "Feature",
      "geometry": {
        "type": "Point",
        "coordinates": [
          22.62167,
          44.3831
        ]
      },
      "properties": {
        "frp": 4.89,
        "acq_date": "2026-09-28",
        "acq_time": "1136",
        "satellite": "N20",
        "brightness": null,
        "NAME_1": "",
        "locality": ""
      }
    },
    {
      "type": "Feature",
      "geometry": {
        "type": "Point",
        "coordinates": [
          22.63188,
          44.38445
        ]
      },
      "properties": {
        "frp": 4.7,
        "acq_date": "2026-09-28",
        "acq_time": "1136",
        "satellite": "N20",
        "brightness": null,
        "NAME_1": "",
        "locality": ""
      }
    },
    {
      "type": "Feature",
      "geometry": {
        "type": "Point",
        "coordinates": [
          22.6208,
          44.38648
        ]
      },
      "properties": {
        "frp": 4.89,
        "acq_date": "2026-09-28",
        "acq_time": "1136",
        "satellite": "N20",
        "brightness": null,
        "NAME_1": "",
        "locality": ""
      }
    },
    {
      "type": "Feature",
      "geometry": {
        "type": "Point",
        "coordinates": [
          22.7335,
          44.40134
        ]
      },
      "properties": {
        "frp": 3.95,
        "acq_date": "2026-09-28",
        "acq_time": "1136",
        "satellite": "N20",
        "brightness": null,
        "NAME_1": "",
        "locality": ""
      }
    },
    {
      "type": "Feature",
      "geometry": {
        "type": "Point",
        "coordinates": [
          25.31325,
          44.40318
        ]
      },
      "properties": {
        "frp": 16.53,
        "acq_date": "2026-09-28",
        "acq_time": "1136",
        "satellite": "N20",
        "brightness": null,
        "NAME_1": "",
        "locality": ""
      }
    },
    {
      "type": "Feature",
      "geometry": {
        "type": "Point",
        "coordinates": [
          25.31139,
          44.40397
        ]
      },
      "properties": {
        "frp": 21.04,
        "acq_date": "2026-09-28",
        "acq_time": "1136",
        "satellite": "N20",
        "brightness": null,
        "NAME_1": "",
        "locality": ""
      }
    },
    {
      "type": "Feature",
      "geometry": {
        "type": "Point",
        "coordinates": [
          25.31248,
          44.40689
        ]
      },
      "properties": {
        "frp": 7.29,
        "acq_date": "2026-09-28",
        "acq_time": "1136",
        "satellite": "N20",
        "brightness": null,
        "NAME_1": "",
        "locality": ""
      }
    },
    {
      "type": "Feature",
      "geometry": {
        "type": "Point",
        "coordinates": [
          22.7204,
          44.44154
        ]
      },
      "properties": {
        "frp": 1.44,
        "acq_date": "2026-09-28",
        "acq_time": "1136",
        "satellite": "N20",
        "brightness": null,
        "NAME_1": "",
        "locality": ""
      }
    },
    {
      "type": "Feature",
      "geometry": {
        "type": "Point",
        "coordinates": [
          22.71954,
          44.44493
        ]
      },
      "properties": {
        "frp": 1.44,
        "acq_date": "2026-09-28",
        "acq_time": "1136",
        "satellite": "N20",
        "brightness": null,
        "NAME_1": "",
        "locality": ""
      }
    },
    {
      "type": "Feature",
      "geometry": {
        "type": "Point",
        "coordinates": [
          22.78223,
          44.4706
        ]
      },
      "properties": {
        "frp": 3.46,
        "acq_date": "2026-09-28",
        "acq_time": "1136",
        "satellite": "N20",
        "brightness": null,
        "NAME_1": "",
        "locality": ""
      }
    },
    {
      "type": "Feature",
      "geometry": {
        "type": "Point",
        "coordinates": [
          22.78136,
          44.47401
        ]
      },
      "properties": {
        "frp": 3.46,
        "acq_date": "2026-09-28",
        "acq_time": "1136",
        "satellite": "N20",
        "brightness": null,
        "NAME_1": "",
        "locality": ""
      }
    },
    {
      "type": "Feature",
      "geometry": {
        "type": "Point",
        "coordinates": [
          23.11071,
          44.68116
        ]
      },
      "properties": {
        "frp": 3.75,
        "acq_date": "2026-09-28",
        "acq_time": "1136",
        "satellite": "N20",
        "brightness": null,
        "NAME_1": "",
        "locality": ""
      }
    },
    {
      "type": "Feature",
      "geometry": {
        "type": "Point",
        "coordinates": [
          23.0968,
          44.68491
        ]
      },
      "properties": {
        "frp": 4.51,
        "acq_date": "2026-09-28",
        "acq_time": "1136",
        "satellite": "N20",
        "brightness": null,
        "NAME_1": "",
        "locality": ""
      }
    },
    {
      "type": "Feature",
      "geometry": {
        "type": "Point",
        "coordinates": [
          22.37266,
          44.75282
        ]
      },
      "properties": {
        "frp": 3.07,
        "acq_date": "2026-09-28",
        "acq_time": "1136",
        "satellite": "N20",
        "brightness": null,
        "NAME_1": "",
        "locality": ""
      }
    },
    {
      "type": "Feature",
      "geometry": {
        "type": "Point",
        "coordinates": [
          22.43085,
          44.8831
        ]
      },
      "properties": {
        "frp": 7.25,
        "acq_date": "2026-09-28",
        "acq_time": "1136",
        "satellite": "N20",
        "brightness": null,
        "NAME_1": "",
        "locality": ""
      }
    },
    {
      "type": "Feature",
      "geometry": {
        "type": "Point",
        "coordinates": [
          35.2421,
          47.31002
        ]
      },
      "properties": {
        "frp": 6.53,
        "acq_date": "2026-09-28",
        "acq_time": "1136",
        "satellite": "N20",
        "brightness": null,
        "NAME_1": "Zaporizhia",
        "locality": "Mykhailivs'kyi"
      }
    },
    {
      "type": "Feature",
      "geometry": {
        "type": "Point",
        "coordinates": [
          35.24387,
          47.31086
        ]
      },
      "properties": {
        "frp": 6.73,
        "acq_date": "2026-09-28",
        "acq_time": "1136",
        "satellite": "N20",
        "brightness": null,
        "NAME_1": "Zaporizhia",
        "locality": "Mykhailivs'kyi"
      }
    },
    {
      "type": "Feature",
      "geometry": {
        "type": "Point",
        "coordinates": [
          37.58072,
          47.50736
        ]
      },
      "properties": {
        "frp": 3.95,
        "acq_date": "2026-09-28",
        "acq_time": "1136",
        "satellite": "N20",
        "brightness": null,
        "NAME_1": "Donets'k",
        "locality": "Volnovas'kyi"
      }
    },
    {
      "type": "Feature",
      "geometry": {
        "type": "Point",
        "coordinates": [
          38.07327,
          47.84541
        ]
      },
      "properties": {
        "frp": 11.51,
        "acq_date": "2026-09-28",
        "acq_time": "1136",
        "satellite": "N20",
        "brightness": null,
        "NAME_1": "Donets'k",
        "locality": "Donets'ka"
      }
    },
    {
      "type": "Feature",
      "geometry": {
        "type": "Point",
        "coordinates": [
          38.06397,
          47.84555
        ]
      },
      "properties": {
        "frp": 16.4,
        "acq_date": "2026-09-28",
        "acq_time": "1136",
        "satellite": "N20",
        "brightness": null,
        "NAME_1": "Donets'k",
        "locality": "Donets'ka"
      }
    },
    {
      "type": "Feature",
      "geometry": {
        "type": "Point",
        "coordinates": [
          38.07018,
          47.84643
        ]
      },
      "properties": {
        "frp": 17.2,
        "acq_date": "2026-09-28",
        "acq_time": "1136",
        "satellite": "N20",
        "brightness": null,
        "NAME_1": "Donets'k",
        "locality": "Donets'ka"
      }
    },
    {
      "type": "Feature",
      "geometry": {
        "type": "Point",
        "coordinates": [
          35.26398,
          47.97672
        ]
      },
      "properties": {
        "frp": 2.71,
        "acq_date": "2026-09-28",
        "acq_time": "1136",
        "satellite": "N20",
        "brightness": null,
        "NAME_1": "Zaporizhia",
        "locality": "Vil'nians'kyi"
      }
    },
    {
      "type": "Feature",
      "geometry": {
        "type": "Point",
        "coordinates": [
          22.85707,
          48.16724
        ]
      },
      "properties": {
        "frp": 2.39,
        "acq_date": "2026-09-28",
        "acq_time": "1138",
        "satellite": "N20",
        "brightness": null,
        "NAME_1": "Zakarpattia",
        "locality": "Vynohradivs'kyi"
      }
    },
    {
      "type": "Feature",
      "geometry": {
        "type": "Point",
        "coordinates": [
          26.80409,
          49.11973
        ]
      },
      "properties": {
        "frp": 4.72,
        "acq_date": "2026-09-28",
        "acq_time": "1138",
        "satellite": "N20",
        "brightness": null,
        "NAME_1": "Khmel'nyts'kyy",
        "locality": "Iarmolynets'kyi"
      }
    },
    {
      "type": "Feature",
      "geometry": {
        "type": "Point",
        "coordinates": [
          26.80336,
          49.12395
        ]
      },
      "properties": {
        "frp": 3.38,
        "acq_date": "2026-09-28",
        "acq_time": "1138",
        "satellite": "N20",
        "brightness": null,
        "NAME_1": "Khmel'nyts'kyy",
        "locality": "Iarmolynets'kyi"
      }
    },
    {
      "type": "Feature",
      "geometry": {
        "type": "Point",
        "coordinates": [
          23.69635,
          50.46073
        ]
      },
      "properties": {
        "frp": 3.52,
        "acq_date": "2026-09-28",
        "acq_time": "1138",
        "satellite": "N20",
        "brightness": null,
        "NAME_1": "",
        "locality": ""
      }
    },
    {
      "type": "Feature",
      "geometry": {
        "type": "Point",
        "coordinates": [
          30.86179,
          50.55292
        ]
      },
      "properties": {
        "frp": 1.59,
        "acq_date": "2026-09-28",
        "acq_time": "1138",
        "satellite": "N20",
        "brightness": null,
        "NAME_1": "Kiev",
        "locality": "Brovars'kyi"
      }
    },
    {
      "type": "Feature",
      "geometry": {
        "type": "Point",
        "coordinates": [
          25.33084,
          50.84397
        ]
      },
      "properties": {
        "frp": 4.6,
        "acq_date": "2026-09-28",
        "acq_time": "1138",
        "satellite": "N20",
        "brightness": null,
        "NAME_1": "Volyn",
        "locality": "Kivertsivs'kyi"
      }
    },
    {
      "type": "Feature",
      "geometry": {
        "type": "Point",
        "coordinates": [
          25.33397,
          50.84435
        ]
      },
      "properties": {
        "frp": 6.57,
        "acq_date": "2026-09-28",
        "acq_time": "1138",
        "satellite": "N20",
        "brightness": null,
        "NAME_1": "Volyn",
        "locality": "Kivertsivs'kyi"
      }
    },
    {
      "type": "Feature",
      "geometry": {
        "type": "Point",
        "coordinates": [
          29.3472,
          51.8922
        ]
      },
      "properties": {
        "frp": 4.11,
        "acq_date": "2026-09-28",
        "acq_time": "1138",
        "satellite": "N20",
        "brightness": null,
        "NAME_1": "Gomel",
        "locality": "Mazyr"
      }
    },
    {
      "type": "Feature",
      "geometry": {
        "type": "Point",
        "coordinates": [
          34.05053,
          52.1885
        ]
      },
      "properties": {
        "frp": 3.52,
        "acq_date": "2026-09-28",
        "acq_time": "1138",
        "satellite": "N20",
        "brightness": null,
        "NAME_1": "Sumy",
        "locality": "Seredyno-Buds'kyi"
      }
    },
    {
      "type": "Feature",
      "geometry": {
        "type": "Point",
        "coordinates": [
          24.2877,
          52.29148
        ]
      },
      "properties": {
        "frp": 3.59,
        "acq_date": "2026-09-28",
        "acq_time": "1138",
        "satellite": "N20",
        "brightness": null,
        "NAME_1": "Brest",
        "locality": "Kobryn"
      }
    },
    {
      "type": "Feature",
      "geometry": {
        "type": "Point",
        "coordinates": [
          39.34781,
          47.03646
        ]
      },
      "properties": {
        "frp": 0.49,
        "acq_date": "2026-09-28",
        "acq_time": "2350",
        "satellite": "N20",
        "brightness": null,
        "NAME_1": "Rostov",
        "locality": "Azovskiy rayon"
      }
    },
    {
      "type": "Feature",
      "geometry": {
        "type": "Point",
        "coordinates": [
          38.17287,
          47.37511
        ]
      },
      "properties": {
        "frp": 0.71,
        "acq_date": "2026-09-28",
        "acq_time": "2350",
        "satellite": "N20",
        "brightness": null,
        "NAME_1": "Donets'k",
        "locality": "Tel'manivs'kyi"
      }
    },
    {
      "type": "Feature",
      "geometry": {
        "type": "Point",
        "coordinates": [
          35.14316,
          47.86077
        ]
      },
      "properties": {
        "frp": 1.09,
        "acq_date": "2026-09-28",
        "acq_time": "2350",
        "satellite": "N20",
        "brightness": null,
        "NAME_1": "Zaporizhia",
        "locality": "Zaporiz'ka"
      }
    },
    {
      "type": "Feature",
      "geometry": {
        "type": "Point",
        "coordinates": [
          35.14548,
          47.86727
        ]
      },
      "properties": {
        "frp": 0.62,
        "acq_date": "2026-09-28",
        "acq_time": "2350",
        "satellite": "N20",
        "brightness": null,
        "NAME_1": "Zaporizhia",
        "locality": "Zaporiz'ka"
      }
    },
    {
      "type": "Feature",
      "geometry": {
        "type": "Point",
        "coordinates": [
          33.41534,
          47.87312
        ]
      },
      "properties": {
        "frp": 0.71,
        "acq_date": "2026-09-28",
        "acq_time": "2350",
        "satellite": "N20",
        "brightness": null,
        "NAME_1": "Dnipropetrovs'k",
        "locality": "KryvyiRig"
      }
    },
    {
      "type": "Feature",
      "geometry": {
        "type": "Point",
        "coordinates": [
          33.43705,
          47.87341
        ]
      },
      "properties": {
        "frp": 1.02,
        "acq_date": "2026-09-28",
        "acq_time": "2350",
        "satellite": "N20",
        "brightness": null,
        "NAME_1": "Dnipropetrovs'k",
        "locality": "KryvyiRig"
      }
    },
    {
      "type": "Feature",
      "geometry": {
        "type": "Point",
        "coordinates": [
          33.4164,
          47.87642
        ]
      },
      "properties": {
        "frp": 0.71,
        "acq_date": "2026-09-28",
        "acq_time": "2350",
        "satellite": "N20",
        "brightness": null,
        "NAME_1": "Dnipropetrovs'k",
        "locality": "KryvyiRig"
      }
    },
    {
      "type": "Feature",
      "geometry": {
        "type": "Point",
        "coordinates": [
          37.95382,
          48.05769
        ]
      },
      "properties": {
        "frp": 0.97,
        "acq_date": "2026-09-28",
        "acq_time": "2350",
        "satellite": "N20",
        "brightness": null,
        "NAME_1": "Donets'k",
        "locality": "Maki\u2039vs'ka"
      }
    },
    {
      "type": "Feature",
      "geometry": {
        "type": "Point",
        "coordinates": [
          37.35945,
          48.08827
        ]
      },
      "properties": {
        "frp": 3.52,
        "acq_date": "2026-09-28",
        "acq_time": "2350",
        "satellite": "N20",
        "brightness": null,
        "NAME_1": "Donets'k",
        "locality": "Mar\u2039ns'kyi"
      }
    },
    {
      "type": "Feature",
      "geometry": {
        "type": "Point",
        "coordinates": [
          37.91722,
          48.09692
        ]
      },
      "properties": {
        "frp": 0.6,
        "acq_date": "2026-09-28",
        "acq_time": "2350",
        "satellite": "N20",
        "brightness": null,
        "NAME_1": "Donets'k",
        "locality": "Maki\u2039vs'ka"
      }
    },
    {
      "type": "Feature",
      "geometry": {
        "type": "Point",
        "coordinates": [
          37.92405,
          48.09924
        ]
      },
      "properties": {
        "frp": 0.98,
        "acq_date": "2026-09-28",
        "acq_time": "2350",
        "satellite": "N20",
        "brightness": null,
        "NAME_1": "Donets'k",
        "locality": "Maki\u2039vs'ka"
      }
    },
    {
      "type": "Feature",
      "geometry": {
        "type": "Point",
        "coordinates": [
          38.83432,
          48.12686
        ]
      },
      "properties": {
        "frp": 0.63,
        "acq_date": "2026-09-28",
        "acq_time": "2350",
        "satellite": "N20",
        "brightness": null,
        "NAME_1": "Luhans'k",
        "locality": "Briankivs'ka"
      }
    },
    {
      "type": "Feature",
      "geometry": {
        "type": "Point",
        "coordinates": [
          38.51171,
          48.15981
        ]
      },
      "properties": {
        "frp": 1.34,
        "acq_date": "2026-09-28",
        "acq_time": "2350",
        "satellite": "N20",
        "brightness": null,
        "NAME_1": "Donets'k",
        "locality": "Shakhtars'kyi"
      }
    },
    {
      "type": "Feature",
      "geometry": {
        "type": "Point",
        "coordinates": [
          38.50615,
          48.16087
        ]
      },
      "properties": {
        "frp": 1.29,
        "acq_date": "2026-09-28",
        "acq_time": "2350",
        "satellite": "N20",
        "brightness": null,
        "NAME_1": "Donets'k",
        "locality": "Shakhtars'kyi"
      }
    },
    {
      "type": "Feature",
      "geometry": {
        "type": "Point",
        "coordinates": [
          37.60945,
          48.24676
        ]
      },
      "properties": {
        "frp": 3.93,
        "acq_date": "2026-09-28",
        "acq_time": "2350",
        "satellite": "N20",
        "brightness": null,
        "NAME_1": "Donets'k",
        "locality": "Iasynuvats'kyi"
      }
    },
    {
      "type": "Feature",
      "geometry": {
        "type": "Point",
        "coordinates": [
          37.26366,
          48.32351
        ]
      },
      "properties": {
        "frp": 0.6,
        "acq_date": "2026-09-28",
        "acq_time": "2350",
        "satellite": "N20",
        "brightness": null,
        "NAME_1": "Donets'k",
        "locality": "Krasnoarmiis'ka"
      }
    },
    {
      "type": "Feature",
      "geometry": {
        "type": "Point",
        "coordinates": [
          37.25484,
          48.35448
        ]
      },
      "properties": {
        "frp": 1.19,
        "acq_date": "2026-09-28",
        "acq_time": "2350",
        "satellite": "N20",
        "brightness": null,
        "NAME_1": "Donets'k",
        "locality": "Krasnoarmiis'kyi"
      }
    },
    {
      "type": "Feature",
      "geometry": {
        "type": "Point",
        "coordinates": [
          37.25748,
          48.36107
        ]
      },
      "properties": {
        "frp": 0.48,
        "acq_date": "2026-09-28",
        "acq_time": "2350",
        "satellite": "N20",
        "brightness": null,
        "NAME_1": "Donets'k",
        "locality": "Krasnoarmiis'kyi"
      }
    },
    {
      "type": "Feature",
      "geometry": {
        "type": "Point",
        "coordinates": [
          38.75503,
          48.46177
        ]
      },
      "properties": {
        "frp": 0.9,
        "acq_date": "2026-09-28",
        "acq_time": "2350",
        "satellite": "N20",
        "brightness": null,
        "NAME_1": "Luhans'k",
        "locality": "Alchevs'ka"
      }
    },
    {
      "type": "Feature",
      "geometry": {
        "type": "Point",
        "coordinates": [
          38.75652,
          48.46515
        ]
      },
      "properties": {
        "frp": 0.7,
        "acq_date": "2026-09-28",
        "acq_time": "2350",
        "satellite": "N20",
        "brightness": null,
        "NAME_1": "Luhans'k",
        "locality": "Alchevs'ka"
      }
    },
    {
      "type": "Feature",
      "geometry": {
        "type": "Point",
        "coordinates": [
          38.758,
          48.46854
        ]
      },
      "properties": {
        "frp": 0.7,
        "acq_date": "2026-09-28",
        "acq_time": "2350",
        "satellite": "N20",
        "brightness": null,
        "NAME_1": "Luhans'k",
        "locality": "Alchevs'ka"
      }
    },
    {
      "type": "Feature",
      "geometry": {
        "type": "Point",
        "coordinates": [
          34.63295,
          48.47353
        ]
      },
      "properties": {
        "frp": 0.79,
        "acq_date": "2026-09-28",
        "acq_time": "2350",
        "satellite": "N20",
        "brightness": null,
        "NAME_1": "Dnipropetrovs'k",
        "locality": "Dniprodzerzhyns'ka"
      }
    },
    {
      "type": "Feature",
      "geometry": {
        "type": "Point",
        "coordinates": [
          34.62783,
          48.47433
        ]
      },
      "properties": {
        "frp": 0.86,
        "acq_date": "2026-09-28",
        "acq_time": "2350",
        "satellite": "N20",
        "brightness": null,
        "NAME_1": "Dnipropetrovs'k",
        "locality": "Dniprodzerzhyns'ka"
      }
    },
    {
      "type": "Feature",
      "geometry": {
        "type": "Point",
        "coordinates": [
          27.37101,
          48.51171
        ]
      },
      "properties": {
        "frp": 0.61,
        "acq_date": "2026-09-28",
        "acq_time": "2350",
        "satellite": "N20",
        "brightness": null,
        "NAME_1": "Chernivtsi",
        "locality": "Sokyrians'kyi"
      }
    },
    {
      "type": "Feature",
      "geometry": {
        "type": "Point",
        "coordinates": [
          34.64329,
          48.53378
        ]
      },
      "properties": {
        "frp": 1.04,
        "acq_date": "2026-09-28",
        "acq_time": "2350",
        "satellite": "N20",
        "brightness": null,
        "NAME_1": "Dnipropetrovs'k",
        "locality": "Petrykivs'kyi"
      }
    },
    {
      "type": "Feature",
      "geometry": {
        "type": "Point",
        "coordinates": [
          39.57706,
          48.60491
        ]
      },
      "properties": {
        "frp": 2.06,
        "acq_date": "2026-09-28",
        "acq_time": "2350",
        "satellite": "N20",
        "brightness": null,
        "NAME_1": "Luhans'k",
        "locality": "Stanychno-Luhans'kyi"
      }
    },
    {
      "type": "Feature",
      "geometry": {
        "type": "Point",
        "coordinates": [
          39.59045,
          48.60598
        ]
      },
      "properties": {
        "frp": 2.45,
        "acq_date": "2026-09-28",
        "acq_time": "2350",
        "satellite": "N20",
        "brightness": null,
        "NAME_1": "Luhans'k",
        "locality": "Stanychno-Luhans'kyi"
      }
    },
    {
      "type": "Feature",
      "geometry": {
        "type": "Point",
        "coordinates": [
          39.58453,
          48.60717
        ]
      },
      "properties": {
        "frp": 5.72,
        "acq_date": "2026-09-28",
        "acq_time": "2350",
        "satellite": "N20",
        "brightness": null,
        "NAME_1": "Luhans'k",
        "locality": "Stanychno-Luhans'kyi"
      }
    },
    {
      "type": "Feature",
      "geometry": {
        "type": "Point",
        "coordinates": [
          37.56076,
          48.62008
        ]
      },
      "properties": {
        "frp": 0.6,
        "acq_date": "2026-09-28",
        "acq_time": "2350",
        "satellite": "N20",
        "brightness": null,
        "NAME_1": "Donets'k",
        "locality": "Kostiantynivs'kyi"
      }
    },
    {
      "type": "Feature",
      "geometry": {
        "type": "Point",
        "coordinates": [
          26.60209,
          48.74818
        ]
      },
      "properties": {
        "frp": 1.53,
        "acq_date": "2026-09-28",
        "acq_time": "2350",
        "satellite": "N20",
        "brightness": null,
        "NAME_1": "Khmel'nyts'kyy",
        "locality": "Kamianets'-Podil's'kyi"
      }
    },
    {
      "type": "Feature",
      "geometry": {
        "type": "Point",
        "coordinates": [
          37.78492,
          48.79414
        ]
      },
      "properties": {
        "frp": 0.51,
        "acq_date": "2026-09-28",
        "acq_time": "2350",
        "satellite": "N20",
        "brightness": null,
        "NAME_1": "Donets'k",
        "locality": "Slovians'kyi"
      }
    },
    {
      "type": "Feature",
      "geometry": {
        "type": "Point",
        "coordinates": [
          23.91323,
          48.97193
        ]
      },
      "properties": {
        "frp": 1.04,
        "acq_date": "2026-09-28",
        "acq_time": "2350",
        "satellite": "N20",
        "brightness": null,
        "NAME_1": "Ivano-Frankivs'k",
        "locality": "Dolyns'kyi"
      }
    },
    {
      "type": "Feature",
      "geometry": {
        "type": "Point",
        "coordinates": [
          24.70875,
          48.9751
        ]
      },
      "properties": {
        "frp": 1.79,
        "acq_date": "2026-09-28",
        "acq_time": "2350",
        "satellite": "N20",
        "brightness": null,
        "NAME_1": "Ivano-Frankivs'k",
        "locality": "Tysmenyts'kyi"
      }
    },
    {
      "type": "Feature",
      "geometry": {
        "type": "Point",
        "coordinates": [
          37.81498,
          48.99632
        ]
      },
      "properties": {
        "frp": 0.67,
        "acq_date": "2026-09-28",
        "acq_time": "2350",
        "satellite": "N20",
        "brightness": null,
        "NAME_1": "Donets'k",
        "locality": "Krasnolymans'kyi"
      }
    },
    {
      "type": "Feature",
      "geometry": {
        "type": "Point",
        "coordinates": [
          37.80958,
          48.9973
        ]
      },
      "properties": {
        "frp": 0.67,
        "acq_date": "2026-09-28",
        "acq_time": "2350",
        "satellite": "N20",
        "brightness": null,
        "NAME_1": "Donets'k",
        "locality": "Krasnolymans'kyi"
      }
    },
    {
      "type": "Feature",
      "geometry": {
        "type": "Point",
        "coordinates": [
          37.78676,
          49.0121
        ]
      },
      "properties": {
        "frp": 1.04,
        "acq_date": "2026-09-28",
        "acq_time": "2350",
        "satellite": "N20",
        "brightness": null,
        "NAME_1": "Donets'k",
        "locality": "Krasnolymans'kyi"
      }
    },
    {
      "type": "Feature",
      "geometry": {
        "type": "Point",
        "coordinates": [
          37.71907,
          49.65787
        ]
      },
      "properties": {
        "frp": 0.48,
        "acq_date": "2026-09-28",
        "acq_time": "2350",
        "satellite": "N20",
        "brightness": null,
        "NAME_1": "Kharkiv",
        "locality": "Kupians'kyi"
      }
    },
    {
      "type": "Feature",
      "geometry": {
        "type": "Point",
        "coordinates": [
          26.25787,
          50.54668
        ]
      },
      "properties": {
        "frp": 1.4,
        "acq_date": "2026-09-28",
        "acq_time": "2350",
        "satellite": "N20",
        "brightness": null,
        "NAME_1": "Rivne",
        "locality": "Zdolbunivs'kyi"
      }
    },
    {
      "type": "Feature",
      "geometry": {
        "type": "Point",
        "coordinates": [
          37.99412,
          51.11993
        ]
      },
      "properties": {
        "frp": 0.53,
        "acq_date": "2026-09-28",
        "acq_time": "2350",
        "satellite": "N20",
        "brightness": null,
        "NAME_1": "Belgorod",
        "locality": "Starooskol'skiy rayon"
      }
    },
    {
      "type": "Feature",
      "geometry": {
        "type": "Point",
        "coordinates": [
          37.76096,
          51.25755
        ]
      },
      "properties": {
        "frp": 1.32,
        "acq_date": "2026-09-28",
        "acq_time": "2350",
        "satellite": "N20",
        "brightness": null,
        "NAME_1": "Belgorod",
        "locality": "Starooskol'skiy rayon"
      }
    },
    {
      "type": "Feature",
      "geometry": {
        "type": "Point",
        "coordinates": [
          37.76239,
          51.2608
        ]
      },
      "properties": {
        "frp": 1.32,
        "acq_date": "2026-09-28",
        "acq_time": "2350",
        "satellite": "N20",
        "brightness": null,
        "NAME_1": "Belgorod",
        "locality": "Starooskol'skiy rayon"
      }
    },
    {
      "type": "Feature",
      "geometry": {
        "type": "Point",
        "coordinates": [
          29.33293,
          51.88837
        ]
      },
      "properties": {
        "frp": 1.07,
        "acq_date": "2026-09-28",
        "acq_time": "2350",
        "satellite": "N20",
        "brightness": null,
        "NAME_1": "Gomel",
        "locality": "Mazyr"
      }
    },
    {
      "type": "Feature",
      "geometry": {
        "type": "Point",
        "coordinates": [
          29.34188,
          51.89149
        ]
      },
      "properties": {
        "frp": 2.6,
        "acq_date": "2026-09-28",
        "acq_time": "2350",
        "satellite": "N20",
        "brightness": null,
        "NAME_1": "Gomel",
        "locality": "Mazyr"
      }
    },
    {
      "type": "Feature",
      "geometry": {
        "type": "Point",
        "coordinates": [
          34.53356,
          52.26659
        ]
      },
      "properties": {
        "frp": 1.33,
        "acq_date": "2026-09-28",
        "acq_time": "2350",
        "satellite": "N20",
        "brightness": null,
        "NAME_1": "Bryansk",
        "locality": "Sevskiy rayon"
      }
    },
    {
      "type": "Feature",
      "geometry": {
        "type": "Point",
        "coordinates": [
          39.63292,
          52.53394
        ]
      },
      "properties": {
        "frp": 1.31,
        "acq_date": "2026-09-28",
        "acq_time": "2350",
        "satellite": "N20",
        "brightness": null,
        "NAME_1": "Lipetsk",
        "locality": "Lipetskiy rayon"
      }
    },
    {
      "type": "Feature",
      "geometry": {
        "type": "Point",
        "coordinates": [
          39.62877,
          52.53828
        ]
      },
      "properties": {
        "frp": 0.82,
        "acq_date": "2026-09-28",
        "acq_time": "2350",
        "satellite": "N20",
        "brightness": null,
        "NAME_1": "Lipetsk",
        "locality": "Lipetskiy rayon"
      }
    },
    {
      "type": "Feature",
      "geometry": {
        "type": "Point",
        "coordinates": [
          32.22381,
          52.80692
        ]
      },
      "properties": {
        "frp": 1.08,
        "acq_date": "2026-09-28",
        "acq_time": "2350",
        "satellite": "N20",
        "brightness": null,
        "NAME_1": "Bryansk",
        "locality": "Klintsovskiy rayon"
      }
    },
    {
      "type": "Feature",
      "geometry": {
        "type": "Point",
        "coordinates": [
          29.99052,
          52.84601
        ]
      },
      "properties": {
        "frp": 3.0,
        "acq_date": "2026-09-28",
        "acq_time": "2350",
        "satellite": "N20",
        "brightness": null,
        "NAME_1": "Gomel",
        "locality": "\u017dlobin"
      }
    },
    {
      "type": "Feature",
      "geometry": {
        "type": "Point",
        "coordinates": [
          29.98787,
          52.84748
        ]
      },
      "properties": {
        "frp": 2.96,
        "acq_date": "2026-09-28",
        "acq_time": "2350",
        "satellite": "N20",
        "brightness": null,
        "NAME_1": "Gomel",
        "locality": "\u017dlobin"
      }
    },
    {
      "type": "Feature",
      "geometry": {
        "type": "Point",
        "coordinates": [
          22.7213,
          44.43708
        ]
      },
      "properties": {
        "frp": 3.57,
        "acq_date": "2026-09-28",
        "acq_time": "2352",
        "satellite": "N20",
        "brightness": null,
        "NAME_1": "",
        "locality": ""
      }
    },
    {
      "type": "Feature",
      "geometry": {
        "type": "Point",
        "coordinates": [
          22.72192,
          44.44194
        ]
      },
      "properties": {
        "frp": 5.29,
        "acq_date": "2026-09-28",
        "acq_time": "2352",
        "satellite": "N20",
        "brightness": null,
        "NAME_1": "",
        "locality": ""
      }
    },
    {
      "type": "Feature",
      "geometry": {
        "type": "Point",
        "coordinates": [
          22.73,
          44.44632
        ]
      },
      "properties": {
        "frp": 5.29,
        "acq_date": "2026-09-28",
        "acq_time": "2352",
        "satellite": "N20",
        "brightness": null,
        "NAME_1": "",
        "locality": ""
      }
    },
    {
      "type": "Feature",
      "geometry": {
        "type": "Point",
        "coordinates": [
          22.72255,
          44.4468
        ]
      },
      "properties": {
        "frp": 5.29,
        "acq_date": "2026-09-28",
        "acq_time": "2352",
        "satellite": "N20",
        "brightness": null,
        "NAME_1": "",
        "locality": ""
      }
    },
    {
      "type": "Feature",
      "geometry": {
        "type": "Point",
        "coordinates": [
          22.37177,
          44.75052
        ]
      },
      "properties": {
        "frp": 1.55,
        "acq_date": "2026-09-28",
        "acq_time": "2352",
        "satellite": "N20",
        "brightness": null,
        "NAME_1": "",
        "locality": ""
      }
    },
    {
      "type": "Feature",
      "geometry": {
        "type": "Point",
        "coordinates": [
          33.86048,
          44.77467
        ]
      },
      "properties": {
        "frp": 0.48,
        "acq_date": "2026-09-28",
        "acq_time": "2352",
        "satellite": "N20",
        "brightness": null,
        "NAME_1": "Crimea",
        "locality": "Bakhchysarais'kyi"
      }
    },
    {
      "type": "Feature",
      "geometry": {
        "type": "Point",
        "coordinates": [
          22.47153,
          44.90107
        ]
      },
      "properties": {
        "frp": 0.69,
        "acq_date": "2026-09-28",
        "acq_time": "2352",
        "satellite": "N20",
        "brightness": null,
        "NAME_1": "",
        "locality": ""
      }
    },
    {
      "type": "Feature",
      "geometry": {
        "type": "Point",
        "coordinates": [
          31.67235,
          45.25823
        ]
      },
      "properties": {
        "frp": 12.38,
        "acq_date": "2026-09-28",
        "acq_time": "2352",
        "satellite": "N20",
        "brightness": null,
        "NAME_1": "",
        "locality": ""
      }
    },
    {
      "type": "Feature",
      "geometry": {
        "type": "Point",
        "coordinates": [
          22.25402,
          45.30006
        ]
      },
      "properties": {
        "frp": 1.02,
        "acq_date": "2026-09-28",
        "acq_time": "2352",
        "satellite": "N20",
        "brightness": null,
        "NAME_1": "",
        "locality": ""
      }
    },
    {
      "type": "Feature",
      "geometry": {
        "type": "Point",
        "coordinates": [
          36.04894,
          45.30272
        ]
      },
      "properties": {
        "frp": 0.95,
        "acq_date": "2026-09-28",
        "acq_time": "2352",
        "satellite": "N20",
        "brightness": null,
        "NAME_1": "Crimea",
        "locality": "Lenins'kyi"
      }
    },
    {
      "type": "Feature",
      "geometry": {
        "type": "Point",
        "coordinates": [
          30.90143,
          45.35656
        ]
      },
      "properties": {
        "frp": 2.9,
        "acq_date": "2026-09-28",
        "acq_time": "2352",
        "satellite": "N20",
        "brightness": null,
        "NAME_1": "",
        "locality": ""
      }
    },
    {
      "type": "Feature",
      "geometry": {
        "type": "Point",
        "coordinates": [
          30.92799,
          45.3742
        ]
      },
      "properties": {
        "frp": 1.77,
        "acq_date": "2026-09-28",
        "acq_time": "2352",
        "satellite": "N20",
        "brightness": null,
        "NAME_1": "",
        "locality": ""
      }
    },
    {
      "type": "Feature",
      "geometry": {
        "type": "Point",
        "coordinates": [
          39.05232,
          45.68048
        ]
      },
      "properties": {
        "frp": 0.79,
        "acq_date": "2026-09-28",
        "acq_time": "2352",
        "satellite": "N20",
        "brightness": null,
        "NAME_1": "Krasnodar",
        "locality": "Timashevskiy rayon"
      }
    },
    {
      "type": "Feature",
      "geometry": {
        "type": "Point",
        "coordinates": [
          25.28286,
          45.9539
        ]
      },
      "properties": {
        "frp": 0.62,
        "acq_date": "2026-09-28",
        "acq_time": "2352",
        "satellite": "N20",
        "brightness": null,
        "NAME_1": "",
        "locality": ""
      }
    },
    {
      "type": "Feature",
      "geometry": {
        "type": "Point",
        "coordinates": [
          30.26216,
          46.1541
        ]
      },
      "properties": {
        "frp": 1.36,
        "acq_date": "2026-09-28",
        "acq_time": "2352",
        "satellite": "N20",
        "brightness": null,
        "NAME_1": "Odessa",
        "locality": "Bilhorod-Dnistrovs'kyi"
      }
    },
    {
      "type": "Feature",
      "geometry": {
        "type": "Point",
        "coordinates": [
          33.49283,
          46.29744
        ]
      },
      "properties": {
        "frp": 0.42,
        "acq_date": "2026-09-28",
        "acq_time": "2352",
        "satellite": "N20",
        "brightness": null,
        "NAME_1": "Kherson",
        "locality": "Chaplyns'kyi"
      }
    },
    {
      "type": "Feature",
      "geometry": {
        "type": "Point",
        "coordinates": [
          30.54267,
          46.32858
        ]
      },
      "properties": {
        "frp": 0.62,
        "acq_date": "2026-09-28",
        "acq_time": "2352",
        "satellite": "N20",
        "brightness": null,
        "NAME_1": "Odessa",
        "locality": "Ovidiopol's'kyi"
      }
    },
    {
      "type": "Feature",
      "geometry": {
        "type": "Point",
        "coordinates": [
          34.71518,
          46.52245
        ]
      },
      "properties": {
        "frp": 0.63,
        "acq_date": "2026-09-28",
        "acq_time": "2352",
        "satellite": "N20",
        "brightness": null,
        "NAME_1": "Kherson",
        "locality": "Ivanivs'kyi"
      }
    },
    {
      "type": "Feature",
      "geometry": {
        "type": "Point",
        "coordinates": [
          39.13178,
          46.6492
        ]
      },
      "properties": {
        "frp": 0.89,
        "acq_date": "2026-09-28",
        "acq_time": "2352",
        "satellite": "N20",
        "brightness": null,
        "NAME_1": "Krasnodar",
        "locality": "Starominskiy rayon"
      }
    },
    {
      "type": "Feature",
      "geometry": {
        "type": "Point",
        "coordinates": [
          39.13167,
          46.64981
        ]
      },
      "properties": {
        "frp": 0.26,
        "acq_date": "2026-09-28",
        "acq_time": "2352",
        "satellite": "N20",
        "brightness": null,
        "NAME_1": "Krasnodar",
        "locality": "Starominskiy rayon"
      }
    },
    {
      "type": "Feature",
      "geometry": {
        "type": "Point",
        "coordinates": [
          23.52816,
          46.67909
        ]
      },
      "properties": {
        "frp": 1.76,
        "acq_date": "2026-09-28",
        "acq_time": "2352",
        "satellite": "N20",
        "brightness": null,
        "NAME_1": "",
        "locality": ""
      }
    },
    {
      "type": "Feature",
      "geometry": {
        "type": "Point",
        "coordinates": [
          32.70489,
          46.67997
        ]
      },
      "properties": {
        "frp": 0.38,
        "acq_date": "2026-09-28",
        "acq_time": "2352",
        "satellite": "N20",
        "brightness": null,
        "NAME_1": "Kherson",
        "locality": "Khersons'ka"
      }
    },
    {
      "type": "Feature",
      "geometry": {
        "type": "Point",
        "coordinates": [
          33.35943,
          46.80252
        ]
      },
      "properties": {
        "frp": 1.65,
        "acq_date": "2026-09-28",
        "acq_time": "2352",
        "satellite": "N20",
        "brightness": null,
        "NAME_1": "Kherson",
        "locality": "Beryslavs'kyi"
      }
    },
    {
      "type": "Feature",
      "geometry": {
        "type": "Point",
        "coordinates": [
          22.32686,
          47.03682
        ]
      },
      "properties": {
        "frp": 0.52,
        "acq_date": "2026-09-28",
        "acq_time": "2352",
        "satellite": "N20",
        "brightness": null,
        "NAME_1": "",
        "locality": ""
      }
    },
    {
      "type": "Feature",
      "geometry": {
        "type": "Point",
        "coordinates": [
          37.25394,
          47.04601
        ]
      },
      "properties": {
        "frp": 0.78,
        "acq_date": "2026-09-28",
        "acq_time": "2352",
        "satellite": "N20",
        "brightness": null,
        "NAME_1": "Donets'k",
        "locality": "Pershotravnevyi"
      }
    },
    {
      "type": "Feature",
      "geometry": {
        "type": "Point",
        "coordinates": [
          37.25526,
          47.04934
        ]
      },
      "properties": {
        "frp": 0.78,
        "acq_date": "2026-09-28",
        "acq_time": "2352",
        "satellite": "N20",
        "brightness": null,
        "NAME_1": "Donets'k",
        "locality": "Pershotravnevyi"
      }
    },
    {
      "type": "Feature",
      "geometry": {
        "type": "Point",
        "coordinates": [
          31.75758,
          47.1727
        ]
      },
      "properties": {
        "frp": 0.75,
        "acq_date": "2026-09-28",
        "acq_time": "2352",
        "satellite": "N20",
        "brightness": null,
        "NAME_1": "Mykolayiv",
        "locality": "Mykola\u2039vs'kyi"
      }
    },
    {
      "type": "Feature",
      "geometry": {
        "type": "Point",
        "coordinates": [
          36.20303,
          47.19793
        ]
      },
      "properties": {
        "frp": 0.77,
        "acq_date": "2026-09-28",
        "acq_time": "2352",
        "satellite": "N20",
        "brightness": null,
        "NAME_1": "Zaporizhia",
        "locality": "Chernihivs'kyi"
      }
    },
    {
      "type": "Feature",
      "geometry": {
        "type": "Point",
        "coordinates": [
          35.70359,
          47.23143
        ]
      },
      "properties": {
        "frp": 1.05,
        "acq_date": "2026-09-28",
        "acq_time": "2352",
        "satellite": "N20",
        "brightness": null,
        "NAME_1": "Zaporizhia",
        "locality": "Tokmats'ka"
      }
    },
    {
      "type": "Feature",
      "geometry": {
        "type": "Point",
        "coordinates": [
          34.66561,
          47.30252
        ]
      },
      "properties": {
        "frp": 2.15,
        "acq_date": "2026-09-28",
        "acq_time": "2352",
        "satellite": "N20",
        "brightness": null,
        "NAME_1": "Zaporizhia",
        "locality": "Kamians'ko-Dniprovs'kyi"
      }
    },
    {
      "type": "Feature",
      "geometry": {
        "type": "Point",
        "coordinates": [
          29.0135,
          47.78441
        ]
      },
      "properties": {
        "frp": 1.32,
        "acq_date": "2026-09-28",
        "acq_time": "2352",
        "satellite": "N20",
        "brightness": null,
        "NAME_1": "",
        "locality": ""
      }
    },
    {
      "type": "Feature",
      "geometry": {
        "type": "Point",
        "coordinates": [
          29.01443,
          47.78814
        ]
      },
      "properties": {
        "frp": 0.41,
        "acq_date": "2026-09-28",
        "acq_time": "2352",
        "satellite": "N20",
        "brightness": null,
        "NAME_1": "",
        "locality": ""
      }
    },
    {
      "type": "Feature",
      "geometry": {
        "type": "Point",
        "coordinates": [
          28.65158,
          47.93708
        ]
      },
      "properties": {
        "frp": 0.8,
        "acq_date": "2026-09-28",
        "acq_time": "2352",
        "satellite": "N20",
        "brightness": null,
        "NAME_1": "",
        "locality": ""
      }
    },
    {
      "type": "Feature",
      "geometry": {
        "type": "Point",
        "coordinates": [
          26.25817,
          50.54615
        ]
      },
      "properties": {
        "frp": 1.22,
        "acq_date": "2026-09-29",
        "acq_time": "130",
        "satellite": "N20",
        "brightness": null,
        "NAME_1": "Rivne",
        "locality": "Zdolbunivs'kyi"
      }
    },
    {
      "type": "Feature",
      "geometry": {
        "type": "Point",
        "coordinates": [
          23.5535,
          51.13871
        ]
      },
      "properties": {
        "frp": 1.07,
        "acq_date": "2026-09-29",
        "acq_time": "130",
        "satellite": "N20",
        "brightness": null,
        "NAME_1": "",
        "locality": ""
      }
    },
    {
      "type": "Feature",
      "geometry": {
        "type": "Point",
        "coordinates": [
          29.33401,
          51.88889
        ]
      },
      "properties": {
        "frp": 1.12,
        "acq_date": "2026-09-29",
        "acq_time": "130",
        "satellite": "N20",
        "brightness": null,
        "NAME_1": "Gomel",
        "locality": "Mazyr"
      }
    },
    {
      "type": "Feature",
      "geometry": {
        "type": "Point",
        "coordinates": [
          29.3433,
          51.89286
        ]
      },
      "properties": {
        "frp": 1.01,
        "acq_date": "2026-09-29",
        "acq_time": "130",
        "satellite": "N20",
        "brightness": null,
        "NAME_1": "Gomel",
        "locality": "Mazyr"
      }
    },
    {
      "type": "Feature",
      "geometry": {
        "type": "Point",
        "coordinates": [
          29.33853,
          51.89407
        ]
      },
      "properties": {
        "frp": 1.66,
        "acq_date": "2026-09-29",
        "acq_time": "130",
        "satellite": "N20",
        "brightness": null,
        "NAME_1": "Gomel",
        "locality": "Mazyr"
      }
    },
    {
      "type": "Feature",
      "geometry": {
        "type": "Point",
        "coordinates": [
          29.33744,
          51.89487
        ]
      },
      "properties": {
        "frp": 1.53,
        "acq_date": "2026-09-29",
        "acq_time": "130",
        "satellite": "N20",
        "brightness": null,
        "NAME_1": "Gomel",
        "locality": "Mazyr"
      }
    },
    {
      "type": "Feature",
      "geometry": {
        "type": "Point",
        "coordinates": [
          29.9903,
          52.84665
        ]
      },
      "properties": {
        "frp": 2.55,
        "acq_date": "2026-09-29",
        "acq_time": "130",
        "satellite": "N20",
        "brightness": null,
        "NAME_1": "Gomel",
        "locality": "\u017dlobin"
      }
    },
    {
      "type": "Feature",
      "geometry": {
        "type": "Point",
        "coordinates": [
          29.98442,
          52.84866
        ]
      },
      "properties": {
        "frp": 2.1,
        "acq_date": "2026-09-29",
        "acq_time": "130",
        "satellite": "N20",
        "brightness": null,
        "NAME_1": "Gomel",
        "locality": "\u017dlobin"
      }
    },
    {
      "type": "Feature",
      "geometry": {
        "type": "Point",
        "coordinates": [
          22.98551,
          44.15481
        ]
      },
      "properties": {
        "frp": 4.8,
        "acq_date": "2026-09-29",
        "acq_time": "132",
        "satellite": "N20",
        "brightness": null,
        "NAME_1": "",
        "locality": ""
      }
    },
    {
      "type": "Feature",
      "geometry": {
        "type": "Point",
        "coordinates": [
          22.98709,
          44.15514
        ]
      },
      "properties": {
        "frp": 2.42,
        "acq_date": "2026-09-29",
        "acq_time": "132",
        "satellite": "N20",
        "brightness": null,
        "NAME_1": "",
        "locality": ""
      }
    },
    {
      "type": "Feature",
      "geometry": {
        "type": "Point",
        "coordinates": [
          22.98323,
          44.16185
        ]
      },
      "properties": {
        "frp": 2.32,
        "acq_date": "2026-09-29",
        "acq_time": "132",
        "satellite": "N20",
        "brightness": null,
        "NAME_1": "",
        "locality": ""
      }
    },
    {
      "type": "Feature",
      "geometry": {
        "type": "Point",
        "coordinates": [
          22.9849,
          44.16218
        ]
      },
      "properties": {
        "frp": 2.42,
        "acq_date": "2026-09-29",
        "acq_time": "132",
        "satellite": "N20",
        "brightness": null,
        "NAME_1": "",
        "locality": ""
      }
    },
    {
      "type": "Feature",
      "geometry": {
        "type": "Point",
        "coordinates": [
          22.42895,
          44.87856
        ]
      },
      "properties": {
        "frp": 3.31,
        "acq_date": "2026-09-29",
        "acq_time": "132",
        "satellite": "N20",
        "brightness": null,
        "NAME_1": "",
        "locality": ""
      }
    },
    {
      "type": "Feature",
      "geometry": {
        "type": "Point",
        "coordinates": [
          22.42636,
          44.87933
        ]
      },
      "properties": {
        "frp": 3.46,
        "acq_date": "2026-09-29",
        "acq_time": "132",
        "satellite": "N20",
        "brightness": null,
        "NAME_1": "",
        "locality": ""
      }
    },
    {
      "type": "Feature",
      "geometry": {
        "type": "Point",
        "coordinates": [
          22.42414,
          44.88605
        ]
      },
      "properties": {
        "frp": 0.51,
        "acq_date": "2026-09-29",
        "acq_time": "132",
        "satellite": "N20",
        "brightness": null,
        "NAME_1": "",
        "locality": ""
      }
    },
    {
      "type": "Feature",
      "geometry": {
        "type": "Point",
        "coordinates": [
          22.43212,
          44.91433
        ]
      },
      "properties": {
        "frp": 0.47,
        "acq_date": "2026-09-29",
        "acq_time": "132",
        "satellite": "N20",
        "brightness": null,
        "NAME_1": "",
        "locality": ""
      }
    },
    {
      "type": "Feature",
      "geometry": {
        "type": "Point",
        "coordinates": [
          25.27727,
          45.95095
        ]
      },
      "properties": {
        "frp": 1.14,
        "acq_date": "2026-09-29",
        "acq_time": "132",
        "satellite": "N20",
        "brightness": null,
        "NAME_1": "",
        "locality": ""
      }
    },
    {
      "type": "Feature",
      "geometry": {
        "type": "Point",
        "coordinates": [
          22.86514,
          45.95306
        ]
      },
      "properties": {
        "frp": 0.64,
        "acq_date": "2026-09-29",
        "acq_time": "132",
        "satellite": "N20",
        "brightness": null,
        "NAME_1": "",
        "locality": ""
      }
    },
    {
      "type": "Feature",
      "geometry": {
        "type": "Point",
        "coordinates": [
          28.65049,
          47.94047
        ]
      },
      "properties": {
        "frp": 0.53,
        "acq_date": "2026-09-29",
        "acq_time": "132",
        "satellite": "N20",
        "brightness": null,
        "NAME_1": "",
        "locality": ""
      }
    },
    {
      "type": "Feature",
      "geometry": {
        "type": "Point",
        "coordinates": [
          26.60329,
          48.74839
        ]
      },
      "properties": {
        "frp": 0.68,
        "acq_date": "2026-09-29",
        "acq_time": "132",
        "satellite": "N20",
        "brightness": null,
        "NAME_1": "Khmel'nyts'kyy",
        "locality": "Kamianets'-Podil's'kyi"
      }
    },
    {
      "type": "Feature",
      "geometry": {
        "type": "Point",
        "coordinates": [
          26.60228,
          48.74884
        ]
      },
      "properties": {
        "frp": 0.75,
        "acq_date": "2026-09-29",
        "acq_time": "132",
        "satellite": "N20",
        "brightness": null,
        "NAME_1": "Khmel'nyts'kyy",
        "locality": "Kamianets'-Podil's'kyi"
      }
    },
    {
      "type": "Feature",
      "geometry": {
        "type": "Point",
        "coordinates": [
          23.91653,
          48.97164
        ]
      },
      "properties": {
        "frp": 0.99,
        "acq_date": "2026-09-29",
        "acq_time": "132",
        "satellite": "N20",
        "brightness": null,
        "NAME_1": "Ivano-Frankivs'k",
        "locality": "Dolyns'kyi"
      }
    },
    {
      "type": "Feature",
      "geometry": {
        "type": "Point",
        "coordinates": [
          24.70836,
          48.97537
        ]
      },
      "properties": {
        "frp": 1.46,
        "acq_date": "2026-09-29",
        "acq_time": "132",
        "satellite": "N20",
        "brightness": null,
        "NAME_1": "Ivano-Frankivs'k",
        "locality": "Tysmenyts'kyi"
      }
    },
    {
      "type": "Feature",
      "geometry": {
        "type": "Point",
        "coordinates": [
          28.8587,
          45.62251
        ]
      },
      "properties": {
        "frp": 3.71,
        "acq_date": "2026-09-29",
        "acq_time": "939",
        "satellite": "N20",
        "brightness": null,
        "NAME_1": "Odessa",
        "locality": "Bolhrads'kyi"
      }
    },
    {
      "type": "Feature",
      "geometry": {
        "type": "Point",
        "coordinates": [
          33.69563,
          45.88752
        ]
      },
      "properties": {
        "frp": 15.73,
        "acq_date": "2026-09-29",
        "acq_time": "939",
        "satellite": "N20",
        "brightness": null,
        "NAME_1": "Crimea",
        "locality": "Krasnoperekops'kyi"
      }
    },
    {
      "type": "Feature",
      "geometry": {
        "type": "Point",
        "coordinates": [
          33.69217,
          45.89294
        ]
      },
      "properties": {
        "frp": 15.73,
        "acq_date": "2026-09-29",
        "acq_time": "939",
        "satellite": "N20",
        "brightness": null,
        "NAME_1": "Crimea",
        "locality": "Krasnoperekops'kyi"
      }
    },
    {
      "type": "Feature",
      "geometry": {
        "type": "Point",
        "coordinates": [
          33.69777,
          45.8947
        ]
      },
      "properties": {
        "frp": 15.73,
        "acq_date": "2026-09-29",
        "acq_time": "939",
        "satellite": "N20",
        "brightness": null,
        "NAME_1": "Crimea",
        "locality": "Krasnoperekops'kyi"
      }
    },
    {
      "type": "Feature",
      "geometry": {
        "type": "Point",
        "coordinates": [
          29.94784,
          45.986
        ]
      },
      "properties": {
        "frp": 6.89,
        "acq_date": "2026-09-29",
        "acq_time": "939",
        "satellite": "N20",
        "brightness": null,
        "NAME_1": "Odessa",
        "locality": "Sarats'kyi"
      }
    },
    {
      "type": "Feature",
      "geometry": {
        "type": "Point",
        "coordinates": [
          29.94685,
          45.98869
        ]
      },
      "properties": {
        "frp": 11.09,
        "acq_date": "2026-09-29",
        "acq_time": "939",
        "satellite": "N20",
        "brightness": null,
        "NAME_1": "Odessa",
        "locality": "Sarats'kyi"
      }
    },
    {
      "type": "Feature",
      "geometry": {
        "type": "Point",
        "coordinates": [
          32.42706,
          46.12667
        ]
      },
      "properties": {
        "frp": 21.07,
        "acq_date": "2026-09-29",
        "acq_time": "939",
        "satellite": "N20",
        "brightness": null,
        "NAME_1": "Kherson",
        "locality": "Holoprystans'kyi"
      }
    },
    {
      "type": "Feature",
      "geometry": {
        "type": "Point",
        "coordinates": [
          32.42589,
          46.12668
        ]
      },
      "properties": {
        "frp": 16.23,
        "acq_date": "2026-09-29",
        "acq_time": "939",
        "satellite": "N20",
        "brightness": null,
        "NAME_1": "Kherson",
        "locality": "Holoprystans'kyi"
      }
    },
    {
      "type": "Feature",
      "geometry": {
        "type": "Point",
        "coordinates": [
          33.58861,
          46.35216
        ]
      },
      "properties": {
        "frp": 4.16,
        "acq_date": "2026-09-29",
        "acq_time": "939",
        "satellite": "N20",
        "brightness": null,
        "NAME_1": "Kherson",
        "locality": "Chaplyns'kyi"
      }
    },
    {
      "type": "Feature",
      "geometry": {
        "type": "Point",
        "coordinates": [
          33.59413,
          46.35388
        ]
      },
      "properties": {
        "frp": 4.16,
        "acq_date": "2026-09-29",
        "acq_time": "939",
        "satellite": "N20",
        "brightness": null,
        "NAME_1": "Kherson",
        "locality": "Chaplyns'kyi"
      }
    },
    {
      "type": "Feature",
      "geometry": {
        "type": "Point",
        "coordinates": [
          33.59963,
          46.35559
        ]
      },
      "properties": {
        "frp": 4.26,
        "acq_date": "2026-09-29",
        "acq_time": "939",
        "satellite": "N20",
        "brightness": null,
        "NAME_1": "Kherson",
        "locality": "Chaplyns'kyi"
      }
    },
    {
      "type": "Feature",
      "geometry": {
        "type": "Point",
        "coordinates": [
          33.9515,
          46.5493
        ]
      },
      "properties": {
        "frp": 3.47,
        "acq_date": "2026-09-29",
        "acq_time": "939",
        "satellite": "N20",
        "brightness": null,
        "NAME_1": "Kherson",
        "locality": "Kakhovs'kyi"
      }
    },
    {
      "type": "Feature",
      "geometry": {
        "type": "Point",
        "coordinates": [
          33.95677,
          46.55093
        ]
      },
      "properties": {
        "frp": 3.0,
        "acq_date": "2026-09-29",
        "acq_time": "939",
        "satellite": "N20",
        "brightness": null,
        "NAME_1": "Kherson",
        "locality": "Kakhovs'kyi"
      }
    },
    {
      "type": "Feature",
      "geometry": {
        "type": "Point",
        "coordinates": [
          33.76687,
          46.68461
        ]
      },
      "properties": {
        "frp": 4.52,
        "acq_date": "2026-09-29",
        "acq_time": "939",
        "satellite": "N20",
        "brightness": null,
        "NAME_1": "Kherson",
        "locality": "Kakhovs'kyi"
      }
    },
    {
      "type": "Feature",
      "geometry": {
        "type": "Point",
        "coordinates": [
          35.93974,
          46.74501
        ]
      },
      "properties": {
        "frp": 2.01,
        "acq_date": "2026-09-29",
        "acq_time": "939",
        "satellite": "N20",
        "brightness": null,
        "NAME_1": "Zaporizhia",
        "locality": "Pryazovs'kyi"
      }
    },
    {
      "type": "Feature",
      "geometry": {
        "type": "Point",
        "coordinates": [
          34.47641,
          46.83762
        ]
      },
      "properties": {
        "frp": 3.4,
        "acq_date": "2026-09-29",
        "acq_time": "939",
        "satellite": "N20",
        "brightness": null,
        "NAME_1": "Kherson",
        "locality": "Nyzhn'osirohoz'kyi"
      }
    },
    {
      "type": "Feature",
      "geometry": {
        "type": "Point",
        "coordinates": [
          34.48133,
          46.8391
        ]
      },
      "properties": {
        "frp": 3.63,
        "acq_date": "2026-09-29",
        "acq_time": "939",
        "satellite": "N20",
        "brightness": null,
        "NAME_1": "Kherson",
        "locality": "Nyzhn'osirohoz'kyi"
      }
    },
    {
      "type": "Feature",
      "geometry": {
        "type": "Point",
        "coordinates": [
          34.86076,
          46.91043
        ]
      },
      "properties": {
        "frp": 3.08,
        "acq_date": "2026-09-29",
        "acq_time": "939",
        "satellite": "N20",
        "brightness": null,
        "NAME_1": "Zaporizhia",
        "locality": "Veselivs'kyi"
      }
    },
    {
      "type": "Feature",
      "geometry": {
        "type": "Point",
        "coordinates": [
          34.86546,
          46.91184
        ]
      },
      "properties": {
        "frp": 3.08,
        "acq_date": "2026-09-29",
        "acq_time": "939",
        "satellite": "N20",
        "brightness": null,
        "NAME_1": "Zaporizhia",
        "locality": "Veselivs'kyi"
      }
    },
    {
      "type": "Feature",
      "geometry": {
        "type": "Point",
        "coordinates": [
          35.87955,
          47.06775
        ]
      },
      "properties": {
        "frp": 5.22,
        "acq_date": "2026-09-29",
        "acq_time": "939",
        "satellite": "N20",
        "brightness": null,
        "NAME_1": "Zaporizhia",
        "locality": "Chernihivs'kyi"
      }
    },
    {
      "type": "Feature",
      "geometry": {
        "type": "Point",
        "coordinates": [
          35.87648,
          47.06914
        ]
      },
      "properties": {
        "frp": 4.09,
        "acq_date": "2026-09-29",
        "acq_time": "939",
        "satellite": "N20",
        "brightness": null,
        "NAME_1": "Zaporizhia",
        "locality": "Chernihivs'kyi"
      }
    },
    {
      "type": "Feature",
      "geometry": {
        "type": "Point",
        "coordinates": [
          35.88077,
          47.07037
        ]
      },
      "properties": {
        "frp": 3.84,
        "acq_date": "2026-09-29",
        "acq_time": "939",
        "satellite": "N20",
        "brightness": null,
        "NAME_1": "Zaporizhia",
        "locality": "Chernihivs'kyi"
      }
    },
    {
      "type": "Feature",
      "geometry": {
        "type": "Point",
        "coordinates": [
          31.35931,
          47.12944
        ]
      },
      "properties": {
        "frp": 4.77,
        "acq_date": "2026-09-29",
        "acq_time": "939",
        "satellite": "N20",
        "brightness": null,
        "NAME_1": "Mykolayiv",
        "locality": "Veselynivs'kyi"
      }
    },
    {
      "type": "Feature",
      "geometry": {
        "type": "Point",
        "coordinates": [
          34.13317,
          47.14375
        ]
      },
      "properties": {
        "frp": 1.57,
        "acq_date": "2026-09-29",
        "acq_time": "939",
        "satellite": "N20",
        "brightness": null,
        "NAME_1": "Kherson",
        "locality": "Velykolepetys'kyi"
      }
    },
    {
      "type": "Feature",
      "geometry": {
        "type": "Point",
        "coordinates": [
          36.32664,
          47.1926
        ]
      },
      "properties": {
        "frp": 1.35,
        "acq_date": "2026-09-29",
        "acq_time": "939",
        "satellite": "N20",
        "brightness": null,
        "NAME_1": "Zaporizhia",
        "locality": "Chernihivs'kyi"
      }
    },
    {
      "type": "Feature",
      "geometry": {
        "type": "Point",
        "coordinates": [
          36.34788,
          47.20903
        ]
      },
      "properties": {
        "frp": 5.39,
        "acq_date": "2026-09-29",
        "acq_time": "939",
        "satellite": "N20",
        "brightness": null,
        "NAME_1": "Zaporizhia",
        "locality": "Chernihivs'kyi"
      }
    },
    {
      "type": "Feature",
      "geometry": {
        "type": "Point",
        "coordinates": [
          36.34972,
          47.21
        ]
      },
      "properties": {
        "frp": 4.33,
        "acq_date": "2026-09-29",
        "acq_time": "939",
        "satellite": "N20",
        "brightness": null,
        "NAME_1": "Zaporizhia",
        "locality": "Chernihivs'kyi"
      }
    },
    {
      "type": "Feature",
      "geometry": {
        "type": "Point",
        "coordinates": [
          36.35189,
          47.21017
        ]
      },
      "properties": {
        "frp": 7.43,
        "acq_date": "2026-09-29",
        "acq_time": "939",
        "satellite": "N20",
        "brightness": null,
        "NAME_1": "Zaporizhia",
        "locality": "Chernihivs'kyi"
      }
    },
    {
      "type": "Feature",
      "geometry": {
        "type": "Point",
        "coordinates": [
          36.35373,
          47.21111
        ]
      },
      "properties": {
        "frp": 4.33,
        "acq_date": "2026-09-29",
        "acq_time": "939",
        "satellite": "N20",
        "brightness": null,
        "NAME_1": "Zaporizhia",
        "locality": "Chernihivs'kyi"
      }
    },
    {
      "type": "Feature",
      "geometry": {
        "type": "Point",
        "coordinates": [
          36.40008,
          47.22374
        ]
      },
      "properties": {
        "frp": 1.76,
        "acq_date": "2026-09-29",
        "acq_time": "939",
        "satellite": "N20",
        "brightness": null,
        "NAME_1": "Zaporizhia",
        "locality": "Chernihivs'kyi"
      }
    },
    {
      "type": "Feature",
      "geometry": {
        "type": "Point",
        "coordinates": [
          36.40213,
          47.22444
        ]
      },
      "properties": {
        "frp": 2.84,
        "acq_date": "2026-09-29",
        "acq_time": "939",
        "satellite": "N20",
        "brightness": null,
        "NAME_1": "Zaporizhia",
        "locality": "Chernihivs'kyi"
      }
    },
    {
      "type": "Feature",
      "geometry": {
        "type": "Point",
        "coordinates": [
          36.40413,
          47.22487
        ]
      },
      "properties": {
        "frp": 1.76,
        "acq_date": "2026-09-29",
        "acq_time": "939",
        "satellite": "N20",
        "brightness": null,
        "NAME_1": "Zaporizhia",
        "locality": "Chernihivs'kyi"
      }
    },
    {
      "type": "Feature",
      "geometry": {
        "type": "Point",
        "coordinates": [
          33.57693,
          47.2369
        ]
      },
      "properties": {
        "frp": 7.02,
        "acq_date": "2026-09-29",
        "acq_time": "939",
        "satellite": "N20",
        "brightness": null,
        "NAME_1": "Kherson",
        "locality": "Velykooleksandrivs'kyi"
      }
    },
    {
      "type": "Feature",
      "geometry": {
        "type": "Point",
        "coordinates": [
          33.58215,
          47.23853
        ]
      },
      "properties": {
        "frp": 7.02,
        "acq_date": "2026-09-29",
        "acq_time": "939",
        "satellite": "N20",
        "brightness": null,
        "NAME_1": "Kherson",
        "locality": "Velykooleksandrivs'kyi"
      }
    },
    {
      "type": "Feature",
      "geometry": {
        "type": "Point",
        "coordinates": [
          37.58214,
          47.44339
        ]
      },
      "properties": {
        "frp": 9.91,
        "acq_date": "2026-09-29",
        "acq_time": "939",
        "satellite": "N20",
        "brightness": null,
        "NAME_1": "Donets'k",
        "locality": "Volnovas'kyi"
      }
    },
    {
      "type": "Feature",
      "geometry": {
        "type": "Point",
        "coordinates": [
          34.61614,
          47.48402
        ]
      },
      "properties": {
        "frp": 1.82,
        "acq_date": "2026-09-29",
        "acq_time": "939",
        "satellite": "N20",
        "brightness": null,
        "NAME_1": "Zaporizhia",
        "locality": "Enerhodars'ka"
      }
    },
    {
      "type": "Feature",
      "geometry": {
        "type": "Point",
        "coordinates": [
          34.39799,
          47.49335
        ]
      },
      "properties": {
        "frp": 2.1,
        "acq_date": "2026-09-29",
        "acq_time": "939",
        "satellite": "N20",
        "brightness": null,
        "NAME_1": "Zaporizhia",
        "locality": "Kamians'ko-Dniprovs'kyi"
      }
    },
    {
      "type": "Feature",
      "geometry": {
        "type": "Point",
        "coordinates": [
          30.50889,
          47.55875
        ]
      },
      "properties": {
        "frp": 12.45,
        "acq_date": "2026-09-29",
        "acq_time": "939",
        "satellite": "N20",
        "brightness": null,
        "NAME_1": "Odessa",
        "locality": "Mykola\u2039vs'kyi"
      }
    },
    {
      "type": "Feature",
      "geometry": {
        "type": "Point",
        "coordinates": [
          30.50489,
          47.56455
        ]
      },
      "properties": {
        "frp": 12.45,
        "acq_date": "2026-09-29",
        "acq_time": "939",
        "satellite": "N20",
        "brightness": null,
        "NAME_1": "Odessa",
        "locality": "Mykola\u2039vs'kyi"
      }
    },
    {
      "type": "Feature",
      "geometry": {
        "type": "Point",
        "coordinates": [
          30.51159,
          47.56684
        ]
      },
      "properties": {
        "frp": 12.45,
        "acq_date": "2026-09-29",
        "acq_time": "939",
        "satellite": "N20",
        "brightness": null,
        "NAME_1": "Odessa",
        "locality": "Mykola\u2039vs'kyi"
      }
    },
    {
      "type": "Feature",
      "geometry": {
        "type": "Point",
        "coordinates": [
          35.7156,
          47.6013
        ]
      },
      "properties": {
        "frp": 2.81,
        "acq_date": "2026-09-29",
        "acq_time": "939",
        "satellite": "N20",
        "brightness": null,
        "NAME_1": "Zaporizhia",
        "locality": "Orikhivs'kyi"
      }
    },
    {
      "type": "Feature",
      "geometry": {
        "type": "Point",
        "coordinates": [
          35.71288,
          47.6032
        ]
      },
      "properties": {
        "frp": 2.28,
        "acq_date": "2026-09-29",
        "acq_time": "939",
        "satellite": "N20",
        "brightness": null,
        "NAME_1": "Zaporizhia",
        "locality": "Orikhivs'kyi"
      }
    },
    {
      "type": "Feature",
      "geometry": {
        "type": "Point",
        "coordinates": [
          37.5878,
          47.74603
        ]
      },
      "properties": {
        "frp": 5.03,
        "acq_date": "2026-09-29",
        "acq_time": "939",
        "satellite": "N20",
        "brightness": null,
        "NAME_1": "Donets'k",
        "locality": "Volnovas'kyi"
      }
    },
    {
      "type": "Feature",
      "geometry": {
        "type": "Point",
        "coordinates": [
          37.58502,
          47.7504
        ]
      },
      "properties": {
        "frp": 5.03,
        "acq_date": "2026-09-29",
        "acq_time": "939",
        "satellite": "N20",
        "brightness": null,
        "NAME_1": "Donets'k",
        "locality": "Volnovas'kyi"
      }
    },
    {
      "type": "Feature",
      "geometry": {
        "type": "Point",
        "coordinates": [
          37.59187,
          47.7522
        ]
      },
      "properties": {
        "frp": 10.22,
        "acq_date": "2026-09-29",
        "acq_time": "939",
        "satellite": "N20",
        "brightness": null,
        "NAME_1": "Donets'k",
        "locality": "Volnovas'kyi"
      }
    },
    {
      "type": "Feature",
      "geometry": {
        "type": "Point",
        "coordinates": [
          36.99297,
          47.79667
        ]
      },
      "properties": {
        "frp": 2.33,
        "acq_date": "2026-09-29",
        "acq_time": "939",
        "satellite": "N20",
        "brightness": null,
        "NAME_1": "Donets'k",
        "locality": "Velykonovosilkivs'kyi"
      }
    },
    {
      "type": "Feature",
      "geometry": {
        "type": "Point",
        "coordinates": [
          39.21478,
          47.80256
        ]
      },
      "properties": {
        "frp": 3.66,
        "acq_date": "2026-09-29",
        "acq_time": "939",
        "satellite": "N20",
        "brightness": null,
        "NAME_1": "Rostov",
        "locality": "Kuybyshevskiy rayon"
      }
    },
    {
      "type": "Feature",
      "geometry": {
        "type": "Point",
        "coordinates": [
          35.26725,
          47.97538
        ]
      },
      "properties": {
        "frp": 4.34,
        "acq_date": "2026-09-29",
        "acq_time": "939",
        "satellite": "N20",
        "brightness": null,
        "NAME_1": "Zaporizhia",
        "locality": "Vil'nians'kyi"
      }
    },
    {
      "type": "Feature",
      "geometry": {
        "type": "Point",
        "coordinates": [
          37.5152,
          48.2545
        ]
      },
      "properties": {
        "frp": 3.88,
        "acq_date": "2026-09-29",
        "acq_time": "939",
        "satellite": "N20",
        "brightness": null,
        "NAME_1": "Donets'k",
        "locality": "Krasnoarmiis'kyi"
      }
    },
    {
      "type": "Feature",
      "geometry": {
        "type": "Point",
        "coordinates": [
          33.34348,
          48.32223
        ]
      },
      "properties": {
        "frp": 12.26,
        "acq_date": "2026-09-29",
        "acq_time": "939",
        "satellite": "N20",
        "brightness": null,
        "NAME_1": "Kirovohrad",
        "locality": "Petrivs'kyi"
      }
    },
    {
      "type": "Feature",
      "geometry": {
        "type": "Point",
        "coordinates": [
          33.34857,
          48.3238
        ]
      },
      "properties": {
        "frp": 12.26,
        "acq_date": "2026-09-29",
        "acq_time": "939",
        "satellite": "N20",
        "brightness": null,
        "NAME_1": "Kirovohrad",
        "locality": "Petrivs'kyi"
      }
    },
    {
      "type": "Feature",
      "geometry": {
        "type": "Point",
        "coordinates": [
          37.89064,
          48.32771
        ]
      },
      "properties": {
        "frp": 6.91,
        "acq_date": "2026-09-29",
        "acq_time": "939",
        "satellite": "N20",
        "brightness": null,
        "NAME_1": "Donets'k",
        "locality": "Iasynuvats'kyi"
      }
    },
    {
      "type": "Feature",
      "geometry": {
        "type": "Point",
        "coordinates": [
          37.88828,
          48.33205
        ]
      },
      "properties": {
        "frp": 6.91,
        "acq_date": "2026-09-29",
        "acq_time": "939",
        "satellite": "N20",
        "brightness": null,
        "NAME_1": "Donets'k",
        "locality": "Iasynuvats'kyi"
      }
    },
    {
      "type": "Feature",
      "geometry": {
        "type": "Point",
        "coordinates": [
          36.01373,
          48.37513
        ]
      },
      "properties": {
        "frp": 161.84,
        "acq_date": "2026-09-29",
        "acq_time": "939",
        "satellite": "N20",
        "brightness": null,
        "NAME_1": "Dnipropetrovs'k",
        "locality": "Pavlohrads'kyi"
      }
    },
    {
      "type": "Feature",
      "geometry": {
        "type": "Point",
        "coordinates": [
          36.00302,
          48.37599
        ]
      },
      "properties": {
        "frp": 192.67,
        "acq_date": "2026-09-29",
        "acq_time": "939",
        "satellite": "N20",
        "brightness": null,
        "NAME_1": "Dnipropetrovs'k",
        "locality": "Pavlohrads'kyi"
      }
    },
    {
      "type": "Feature",
      "geometry": {
        "type": "Point",
        "coordinates": [
          36.00282,
          48.37749
        ]
      },
      "properties": {
        "frp": 252.38,
        "acq_date": "2026-09-29",
        "acq_time": "939",
        "satellite": "N20",
        "brightness": null,
        "NAME_1": "Dnipropetrovs'k",
        "locality": "Pavlohrads'kyi"
      }
    },
    {
      "type": "Feature",
      "geometry": {
        "type": "Point",
        "coordinates": [
          36.01095,
          48.37817
        ]
      },
      "properties": {
        "frp": 192.67,
        "acq_date": "2026-09-29",
        "acq_time": "939",
        "satellite": "N20",
        "brightness": null,
        "NAME_1": "Dnipropetrovs'k",
        "locality": "Pavlohrads'kyi"
      }
    },
    {
      "type": "Feature",
      "geometry": {
        "type": "Point",
        "coordinates": [
          36.01072,
          48.37971
        ]
      },
      "properties": {
        "frp": 161.84,
        "acq_date": "2026-09-29",
        "acq_time": "939",
        "satellite": "N20",
        "brightness": null,
        "NAME_1": "Dnipropetrovs'k",
        "locality": "Pavlohrads'kyi"
      }
    },
    {
      "type": "Feature",
      "geometry": {
        "type": "Point",
        "coordinates": [
          36.01895,
          48.38036
        ]
      },
      "properties": {
        "frp": 63.3,
        "acq_date": "2026-09-29",
        "acq_time": "939",
        "satellite": "N20",
        "brightness": null,
        "NAME_1": "Dnipropetrovs'k",
        "locality": "Pavlohrads'kyi"
      }
    },
    {
      "type": "Feature",
      "geometry": {
        "type": "Point",
        "coordinates": [
          36.0187,
          48.38195
        ]
      },
      "properties": {
        "frp": 161.84,
        "acq_date": "2026-09-29",
        "acq_time": "939",
        "satellite": "N20",
        "brightness": null,
        "NAME_1": "Dnipropetrovs'k",
        "locality": "Pavlohrads'kyi"
      }
    },
    {
      "type": "Feature",
      "geometry": {
        "type": "Point",
        "coordinates": [
          36.00799,
          48.38276
        ]
      },
      "properties": {
        "frp": 192.67,
        "acq_date": "2026-09-29",
        "acq_time": "939",
        "satellite": "N20",
        "brightness": null,
        "NAME_1": "Dnipropetrovs'k",
        "locality": "Pavlohrads'kyi"
      }
    },
    {
      "type": "Feature",
      "geometry": {
        "type": "Point",
        "coordinates": [
          36.01597,
          48.38495
        ]
      },
      "properties": {
        "frp": 63.3,
        "acq_date": "2026-09-29",
        "acq_time": "939",
        "satellite": "N20",
        "brightness": null,
        "NAME_1": "Dnipropetrovs'k",
        "locality": "Pavlohrads'kyi"
      }
    },
    {
      "type": "Feature",
      "geometry": {
        "type": "Point",
        "coordinates": [
          37.57381,
          48.41963
        ]
      },
      "properties": {
        "frp": 3.4,
        "acq_date": "2026-09-29",
        "acq_time": "939",
        "satellite": "N20",
        "brightness": null,
        "NAME_1": "Donets'k",
        "locality": "Kostiantynivs'kyi"
      }
    },
    {
      "type": "Feature",
      "geometry": {
        "type": "Point",
        "coordinates": [
          34.34966,
          48.47467
        ]
      },
      "properties": {
        "frp": 2.34,
        "acq_date": "2026-09-29",
        "acq_time": "939",
        "satellite": "N20",
        "brightness": null,
        "NAME_1": "Dnipropetrovs'k",
        "locality": "Verkhn'odniprovs'kyi"
      }
    },
    {
      "type": "Feature",
      "geometry": {
        "type": "Point",
        "coordinates": [
          34.35099,
          48.47534
        ]
      },
      "properties": {
        "frp": 1.78,
        "acq_date": "2026-09-29",
        "acq_time": "939",
        "satellite": "N20",
        "brightness": null,
        "NAME_1": "Dnipropetrovs'k",
        "locality": "Verkhn'odniprovs'kyi"
      }
    },
    {
      "type": "Feature",
      "geometry": {
        "type": "Point",
        "coordinates": [
          39.58725,
          48.60231
        ]
      },
      "properties": {
        "frp": 3.14,
        "acq_date": "2026-09-29",
        "acq_time": "939",
        "satellite": "N20",
        "brightness": null,
        "NAME_1": "Luhans'k",
        "locality": "Stanychno-Luhans'kyi"
      }
    },
    {
      "type": "Feature",
      "geometry": {
        "type": "Point",
        "coordinates": [
          38.27194,
          48.71759
        ]
      },
      "properties": {
        "frp": 6.48,
        "acq_date": "2026-09-29",
        "acq_time": "939",
        "satellite": "N20",
        "brightness": null,
        "NAME_1": "Donets'k",
        "locality": "Artemivs'kyi"
      }
    },
    {
      "type": "Feature",
      "geometry": {
        "type": "Point",
        "coordinates": [
          37.67824,
          48.85085
        ]
      },
      "properties": {
        "frp": 4.68,
        "acq_date": "2026-09-29",
        "acq_time": "939",
        "satellite": "N20",
        "brightness": null,
        "NAME_1": "Donets'k",
        "locality": "Slovians'ka"
      }
    },
    {
      "type": "Feature",
      "geometry": {
        "type": "Point",
        "coordinates": [
          35.55296,
          50.49784
        ]
      },
      "properties": {
        "frp": 75.45,
        "acq_date": "2026-09-29",
        "acq_time": "939",
        "satellite": "N20",
        "brightness": null,
        "NAME_1": "Belgorod",
        "locality": "Grayvoronskiy rayon"
      }
    },
    {
      "type": "Feature",
      "geometry": {
        "type": "Point",
        "coordinates": [
          34.07106,
          52.12856
        ]
      },
      "properties": {
        "frp": 2.82,
        "acq_date": "2026-09-29",
        "acq_time": "939",
        "satellite": "N20",
        "brightness": null,
        "NAME_1": "Sumy",
        "locality": "Seredyno-Buds'kyi"
      }
    },
    {
      "type": "Feature",
      "geometry": {
        "type": "Point",
        "coordinates": [
          34.07016,
          52.1292
        ]
      },
      "properties": {
        "frp": 2.66,
        "acq_date": "2026-09-29",
        "acq_time": "939",
        "satellite": "N20",
        "brightness": null,
        "NAME_1": "Sumy",
        "locality": "Seredyno-Buds'kyi"
      }
    },
    {
      "type": "Feature",
      "geometry": {
        "type": "Point",
        "coordinates": [
          39.63635,
          52.53625
        ]
      },
      "properties": {
        "frp": 37.5,
        "acq_date": "2026-09-29",
        "acq_time": "939",
        "satellite": "N20",
        "brightness": null,
        "NAME_1": "Lipetsk",
        "locality": "Lipetskiy rayon"
      }
    },
    {
      "type": "Feature",
      "geometry": {
        "type": "Point",
        "coordinates": [
          39.63934,
          52.54511
        ]
      },
      "properties": {
        "frp": 6.57,
        "acq_date": "2026-09-29",
        "acq_time": "939",
        "satellite": "N20",
        "brightness": null,
        "NAME_1": "Lipetsk",
        "locality": "Lipetsk"
      }
    },
    {
      "type": "Feature",
      "geometry": {
        "type": "Point",
        "coordinates": [
          22.93273,
          44.18021
        ]
      },
      "properties": {
        "frp": 3.63,
        "acq_date": "2026-09-29",
        "acq_time": "1115",
        "satellite": "N20",
        "brightness": null,
        "NAME_1": "",
        "locality": ""
      }
    },
    {
      "type": "Feature",
      "geometry": {
        "type": "Point",
        "coordinates": [
          23.09817,
          44.28365
        ]
      },
      "properties": {
        "frp": 5.3,
        "acq_date": "2026-09-29",
        "acq_time": "1115",
        "satellite": "N20",
        "brightness": null,
        "NAME_1": "",
        "locality": ""
      }
    },
    {
      "type": "Feature",
      "geometry": {
        "type": "Point",
        "coordinates": [
          22.68517,
          44.31205
        ]
      },
      "properties": {
        "frp": 2.73,
        "acq_date": "2026-09-29",
        "acq_time": "1115",
        "satellite": "N20",
        "brightness": null,
        "NAME_1": "",
        "locality": ""
      }
    },
    {
      "type": "Feature",
      "geometry": {
        "type": "Point",
        "coordinates": [
          23.48173,
          44.4165
        ]
      },
      "properties": {
        "frp": 2.49,
        "acq_date": "2026-09-29",
        "acq_time": "1115",
        "satellite": "N20",
        "brightness": null,
        "NAME_1": "",
        "locality": ""
      }
    },
    {
      "type": "Feature",
      "geometry": {
        "type": "Point",
        "coordinates": [
          31.67189,
          45.25776
        ]
      },
      "properties": {
        "frp": 7.13,
        "acq_date": "2026-09-29",
        "acq_time": "1115",
        "satellite": "N20",
        "brightness": null,
        "NAME_1": "",
        "locality": ""
      }
    },
    {
      "type": "Feature",
      "geometry": {
        "type": "Point",
        "coordinates": [
          30.90116,
          45.35598
        ]
      },
      "properties": {
        "frp": 2.15,
        "acq_date": "2026-09-29",
        "acq_time": "1115",
        "satellite": "N20",
        "brightness": null,
        "NAME_1": "",
        "locality": ""
      }
    },
    {
      "type": "Feature",
      "geometry": {
        "type": "Point",
        "coordinates": [
          30.90202,
          45.3564
        ]
      },
      "properties": {
        "frp": 2.78,
        "acq_date": "2026-09-29",
        "acq_time": "1115",
        "satellite": "N20",
        "brightness": null,
        "NAME_1": "",
        "locality": ""
      }
    },
    {
      "type": "Feature",
      "geometry": {
        "type": "Point",
        "coordinates": [
          22.73441,
          44.45184
        ]
      },
      "properties": {
        "frp": 1.83,
        "acq_date": "2026-09-29",
        "acq_time": "1117",
        "satellite": "N20",
        "brightness": null,
        "NAME_1": "",
        "locality": ""
      }
    },
    {
      "type": "Feature",
      "geometry": {
        "type": "Point",
        "coordinates": [
          23.06654,
          44.68691
        ]
      },
      "properties": {
        "frp": 2.61,
        "acq_date": "2026-09-29",
        "acq_time": "1117",
        "satellite": "N20",
        "brightness": null,
        "NAME_1": "",
        "locality": ""
      }
    },
    {
      "type": "Feature",
      "geometry": {
        "type": "Point",
        "coordinates": [
          23.22333,
          44.72725
        ]
      },
      "properties": {
        "frp": 1.8,
        "acq_date": "2026-09-29",
        "acq_time": "1117",
        "satellite": "N20",
        "brightness": null,
        "NAME_1": "",
        "locality": ""
      }
    },
    {
      "type": "Feature",
      "geometry": {
        "type": "Point",
        "coordinates": [
          23.22709,
          44.73135
        ]
      },
      "properties": {
        "frp": 1.69,
        "acq_date": "2026-09-29",
        "acq_time": "1117",
        "satellite": "N20",
        "brightness": null,
        "NAME_1": "",
        "locality": ""
      }
    },
    {
      "type": "Feature",
      "geometry": {
        "type": "Point",
        "coordinates": [
          23.23193,
          44.73216
        ]
      },
      "properties": {
        "frp": 1.69,
        "acq_date": "2026-09-29",
        "acq_time": "1117",
        "satellite": "N20",
        "brightness": null,
        "NAME_1": "",
        "locality": ""
      }
    },
    {
      "type": "Feature",
      "geometry": {
        "type": "Point",
        "coordinates": [
          22.368,
          44.74662
        ]
      },
      "properties": {
        "frp": 11.19,
        "acq_date": "2026-09-29",
        "acq_time": "1117",
        "satellite": "N20",
        "brightness": null,
        "NAME_1": "",
        "locality": ""
      }
    },
    {
      "type": "Feature",
      "geometry": {
        "type": "Point",
        "coordinates": [
          22.36568,
          44.74728
        ]
      },
      "properties": {
        "frp": 2.21,
        "acq_date": "2026-09-29",
        "acq_time": "1117",
        "satellite": "N20",
        "brightness": null,
        "NAME_1": "",
        "locality": ""
      }
    },
    {
      "type": "Feature",
      "geometry": {
        "type": "Point",
        "coordinates": [
          23.21087,
          44.78059
        ]
      },
      "properties": {
        "frp": 1.07,
        "acq_date": "2026-09-29",
        "acq_time": "1117",
        "satellite": "N20",
        "brightness": null,
        "NAME_1": "",
        "locality": ""
      }
    },
    {
      "type": "Feature",
      "geometry": {
        "type": "Point",
        "coordinates": [
          22.44814,
          44.87202
        ]
      },
      "properties": {
        "frp": 2.3,
        "acq_date": "2026-09-29",
        "acq_time": "1117",
        "satellite": "N20",
        "brightness": null,
        "NAME_1": "",
        "locality": ""
      }
    },
    {
      "type": "Feature",
      "geometry": {
        "type": "Point",
        "coordinates": [
          22.43816,
          44.88431
        ]
      },
      "properties": {
        "frp": 2.26,
        "acq_date": "2026-09-29",
        "acq_time": "1117",
        "satellite": "N20",
        "brightness": null,
        "NAME_1": "",
        "locality": ""
      }
    },
    {
      "type": "Feature",
      "geometry": {
        "type": "Point",
        "coordinates": [
          22.48054,
          44.90227
        ]
      },
      "properties": {
        "frp": 7.76,
        "acq_date": "2026-09-29",
        "acq_time": "1117",
        "satellite": "N20",
        "brightness": null,
        "NAME_1": "",
        "locality": ""
      }
    },
    {
      "type": "Feature",
      "geometry": {
        "type": "Point",
        "coordinates": [
          28.58023,
          45.32814
        ]
      },
      "properties": {
        "frp": 4.28,
        "acq_date": "2026-09-29",
        "acq_time": "1117",
        "satellite": "N20",
        "brightness": null,
        "NAME_1": "Odessa",
        "locality": "Reniis'kyi"
      }
    },
    {
      "type": "Feature",
      "geometry": {
        "type": "Point",
        "coordinates": [
          28.57762,
          45.33006
        ]
      },
      "properties": {
        "frp": 4.39,
        "acq_date": "2026-09-29",
        "acq_time": "1117",
        "satellite": "N20",
        "brightness": null,
        "NAME_1": "Odessa",
        "locality": "Reniis'kyi"
      }
    },
    {
      "type": "Feature",
      "geometry": {
        "type": "Point",
        "coordinates": [
          29.05856,
          45.81222
        ]
      },
      "properties": {
        "frp": 3.1,
        "acq_date": "2026-09-29",
        "acq_time": "1117",
        "satellite": "N20",
        "brightness": null,
        "NAME_1": "Odessa",
        "locality": "Bolhrads'kyi"
      }
    },
    {
      "type": "Feature",
      "geometry": {
        "type": "Point",
        "coordinates": [
          30.1822,
          45.85332
        ]
      },
      "properties": {
        "frp": 4.11,
        "acq_date": "2026-09-29",
        "acq_time": "1117",
        "satellite": "N20",
        "brightness": null,
        "NAME_1": "Odessa",
        "locality": "Bilhorod-Dnistrovs'kyi"
      }
    },
    {
      "type": "Feature",
      "geometry": {
        "type": "Point",
        "coordinates": [
          33.74112,
          45.87317
        ]
      },
      "properties": {
        "frp": 12.08,
        "acq_date": "2026-09-29",
        "acq_time": "1117",
        "satellite": "N20",
        "brightness": null,
        "NAME_1": "Crimea",
        "locality": "Krasnoperekops'kyi"
      }
    },
    {
      "type": "Feature",
      "geometry": {
        "type": "Point",
        "coordinates": [
          33.74049,
          45.87769
        ]
      },
      "properties": {
        "frp": 12.08,
        "acq_date": "2026-09-29",
        "acq_time": "1117",
        "satellite": "N20",
        "brightness": null,
        "NAME_1": "Crimea",
        "locality": "Krasnoperekops'kyi"
      }
    },
    {
      "type": "Feature",
      "geometry": {
        "type": "Point",
        "coordinates": [
          33.74697,
          45.87815
        ]
      },
      "properties": {
        "frp": 7.77,
        "acq_date": "2026-09-29",
        "acq_time": "1117",
        "satellite": "N20",
        "brightness": null,
        "NAME_1": "Crimea",
        "locality": "Krasnoperekops'kyi"
      }
    },
    {
      "type": "Feature",
      "geometry": {
        "type": "Point",
        "coordinates": [
          33.73339,
          45.88173
        ]
      },
      "properties": {
        "frp": 9.67,
        "acq_date": "2026-09-29",
        "acq_time": "1117",
        "satellite": "N20",
        "brightness": null,
        "NAME_1": "Crimea",
        "locality": "Krasnoperekops'kyi"
      }
    },
    {
      "type": "Feature",
      "geometry": {
        "type": "Point",
        "coordinates": [
          33.73986,
          45.88219
        ]
      },
      "properties": {
        "frp": 9.67,
        "acq_date": "2026-09-29",
        "acq_time": "1117",
        "satellite": "N20",
        "brightness": null,
        "NAME_1": "Crimea",
        "locality": "Krasnoperekops'kyi"
      }
    },
    {
      "type": "Feature",
      "geometry": {
        "type": "Point",
        "coordinates": [
          33.74633,
          45.88266
        ]
      },
      "properties": {
        "frp": 17.2,
        "acq_date": "2026-09-29",
        "acq_time": "1117",
        "satellite": "N20",
        "brightness": null,
        "NAME_1": "Crimea",
        "locality": "Krasnoperekops'kyi"
      }
    },
    {
      "type": "Feature",
      "geometry": {
        "type": "Point",
        "coordinates": [
          24.00949,
          46.428
        ]
      },
      "properties": {
        "frp": 2.63,
        "acq_date": "2026-09-29",
        "acq_time": "1117",
        "satellite": "N20",
        "brightness": null,
        "NAME_1": "",
        "locality": ""
      }
    },
    {
      "type": "Feature",
      "geometry": {
        "type": "Point",
        "coordinates": [
          33.88351,
          46.56592
        ]
      },
      "properties": {
        "frp": 4.45,
        "acq_date": "2026-09-29",
        "acq_time": "1117",
        "satellite": "N20",
        "brightness": null,
        "NAME_1": "Kherson",
        "locality": "Kakhovs'kyi"
      }
    },
    {
      "type": "Feature",
      "geometry": {
        "type": "Point",
        "coordinates": [
          33.88383,
          46.56608
        ]
      },
      "properties": {
        "frp": 8.72,
        "acq_date": "2026-09-29",
        "acq_time": "1117",
        "satellite": "N20",
        "brightness": null,
        "NAME_1": "Kherson",
        "locality": "Kakhovs'kyi"
      }
    },
    {
      "type": "Feature",
      "geometry": {
        "type": "Point",
        "coordinates": [
          33.88287,
          46.5705
        ]
      },
      "properties": {
        "frp": 11.0,
        "acq_date": "2026-09-29",
        "acq_time": "1117",
        "satellite": "N20",
        "brightness": null,
        "NAME_1": "Kherson",
        "locality": "Kakhovs'kyi"
      }
    },
    {
      "type": "Feature",
      "geometry": {
        "type": "Point",
        "coordinates": [
          33.88319,
          46.57066
        ]
      },
      "properties": {
        "frp": 8.72,
        "acq_date": "2026-09-29",
        "acq_time": "1117",
        "satellite": "N20",
        "brightness": null,
        "NAME_1": "Kherson",
        "locality": "Kakhovs'kyi"
      }
    },
    {
      "type": "Feature",
      "geometry": {
        "type": "Point",
        "coordinates": [
          33.88966,
          46.57094
        ]
      },
      "properties": {
        "frp": 11.64,
        "acq_date": "2026-09-29",
        "acq_time": "1117",
        "satellite": "N20",
        "brightness": null,
        "NAME_1": "Kherson",
        "locality": "Kakhovs'kyi"
      }
    },
    {
      "type": "Feature",
      "geometry": {
        "type": "Point",
        "coordinates": [
          33.88997,
          46.57114
        ]
      },
      "properties": {
        "frp": 8.72,
        "acq_date": "2026-09-29",
        "acq_time": "1117",
        "satellite": "N20",
        "brightness": null,
        "NAME_1": "Kherson",
        "locality": "Kakhovs'kyi"
      }
    },
    {
      "type": "Feature",
      "geometry": {
        "type": "Point",
        "coordinates": [
          33.89646,
          46.57138
        ]
      },
      "properties": {
        "frp": 11.64,
        "acq_date": "2026-09-29",
        "acq_time": "1117",
        "satellite": "N20",
        "brightness": null,
        "NAME_1": "Kherson",
        "locality": "Kakhovs'kyi"
      }
    },
    {
      "type": "Feature",
      "geometry": {
        "type": "Point",
        "coordinates": [
          33.89677,
          46.57162
        ]
      },
      "properties": {
        "frp": 6.13,
        "acq_date": "2026-09-29",
        "acq_time": "1117",
        "satellite": "N20",
        "brightness": null,
        "NAME_1": "Kherson",
        "locality": "Kakhovs'kyi"
      }
    },
    {
      "type": "Feature",
      "geometry": {
        "type": "Point",
        "coordinates": [
          33.90326,
          46.57183
        ]
      },
      "properties": {
        "frp": 7.36,
        "acq_date": "2026-09-29",
        "acq_time": "1117",
        "satellite": "N20",
        "brightness": null,
        "NAME_1": "Kherson",
        "locality": "Kakhovs'kyi"
      }
    },
    {
      "type": "Feature",
      "geometry": {
        "type": "Point",
        "coordinates": [
          33.90355,
          46.57209
        ]
      },
      "properties": {
        "frp": 6.13,
        "acq_date": "2026-09-29",
        "acq_time": "1117",
        "satellite": "N20",
        "brightness": null,
        "NAME_1": "Kherson",
        "locality": "Kakhovs'kyi"
      }
    },
    {
      "type": "Feature",
      "geometry": {
        "type": "Point",
        "coordinates": [
          33.88902,
          46.57552
        ]
      },
      "properties": {
        "frp": 11.64,
        "acq_date": "2026-09-29",
        "acq_time": "1117",
        "satellite": "N20",
        "brightness": null,
        "NAME_1": "Kherson",
        "locality": "Kakhovs'kyi"
      }
    },
    {
      "type": "Feature",
      "geometry": {
        "type": "Point",
        "coordinates": [
          33.88935,
          46.57571
        ]
      },
      "properties": {
        "frp": 16.5,
        "acq_date": "2026-09-29",
        "acq_time": "1117",
        "satellite": "N20",
        "brightness": null,
        "NAME_1": "Kherson",
        "locality": "Kakhovs'kyi"
      }
    },
    {
      "type": "Feature",
      "geometry": {
        "type": "Point",
        "coordinates": [
          33.89583,
          46.57597
        ]
      },
      "properties": {
        "frp": 11.64,
        "acq_date": "2026-09-29",
        "acq_time": "1117",
        "satellite": "N20",
        "brightness": null,
        "NAME_1": "Kherson",
        "locality": "Kakhovs'kyi"
      }
    },
    {
      "type": "Feature",
      "geometry": {
        "type": "Point",
        "coordinates": [
          33.89614,
          46.5762
        ]
      },
      "properties": {
        "frp": 12.41,
        "acq_date": "2026-09-29",
        "acq_time": "1117",
        "satellite": "N20",
        "brightness": null,
        "NAME_1": "Kherson",
        "locality": "Kakhovs'kyi"
      }
    },
    {
      "type": "Feature",
      "geometry": {
        "type": "Point",
        "coordinates": [
          24.80524,
          46.65743
        ]
      },
      "properties": {
        "frp": 1.82,
        "acq_date": "2026-09-29",
        "acq_time": "1117",
        "satellite": "N20",
        "brightness": null,
        "NAME_1": "",
        "locality": ""
      }
    },
    {
      "type": "Feature",
      "geometry": {
        "type": "Point",
        "coordinates": [
          35.77239,
          46.66351
        ]
      },
      "properties": {
        "frp": 6.65,
        "acq_date": "2026-09-29",
        "acq_time": "1117",
        "satellite": "N20",
        "brightness": null,
        "NAME_1": "Zaporizhia",
        "locality": "Pryazovs'kyi"
      }
    },
    {
      "type": "Feature",
      "geometry": {
        "type": "Point",
        "coordinates": [
          35.93442,
          46.74178
        ]
      },
      "properties": {
        "frp": 4.91,
        "acq_date": "2026-09-29",
        "acq_time": "1117",
        "satellite": "N20",
        "brightness": null,
        "NAME_1": "Zaporizhia",
        "locality": "Pryazovs'kyi"
      }
    },
    {
      "type": "Feature",
      "geometry": {
        "type": "Point",
        "coordinates": [
          34.93286,
          46.81749
        ]
      },
      "properties": {
        "frp": 5.59,
        "acq_date": "2026-09-29",
        "acq_time": "1117",
        "satellite": "N20",
        "brightness": null,
        "NAME_1": "Zaporizhia",
        "locality": "Veselivs'kyi"
      }
    },
    {
      "type": "Feature",
      "geometry": {
        "type": "Point",
        "coordinates": [
          34.47832,
          46.83251
        ]
      },
      "properties": {
        "frp": 8.86,
        "acq_date": "2026-09-29",
        "acq_time": "1117",
        "satellite": "N20",
        "brightness": null,
        "NAME_1": "Kherson",
        "locality": "Nyzhn'osirohoz'kyi"
      }
    },
    {
      "type": "Feature",
      "geometry": {
        "type": "Point",
        "coordinates": [
          34.47647,
          46.83353
        ]
      },
      "properties": {
        "frp": 7.87,
        "acq_date": "2026-09-29",
        "acq_time": "1117",
        "satellite": "N20",
        "brightness": null,
        "NAME_1": "Kherson",
        "locality": "Nyzhn'osirohoz'kyi"
      }
    },
    {
      "type": "Feature",
      "geometry": {
        "type": "Point",
        "coordinates": [
          31.39082,
          46.8692
        ]
      },
      "properties": {
        "frp": 2.76,
        "acq_date": "2026-09-29",
        "acq_time": "1117",
        "satellite": "N20",
        "brightness": null,
        "NAME_1": "Mykolayiv",
        "locality": "Berezans'kyi"
      }
    },
    {
      "type": "Feature",
      "geometry": {
        "type": "Point",
        "coordinates": [
          34.67163,
          46.93623
        ]
      },
      "properties": {
        "frp": 8.34,
        "acq_date": "2026-09-29",
        "acq_time": "1117",
        "satellite": "N20",
        "brightness": null,
        "NAME_1": "Zaporizhia",
        "locality": "Veselivs'kyi"
      }
    },
    {
      "type": "Feature",
      "geometry": {
        "type": "Point",
        "coordinates": [
          34.67234,
          46.93651
        ]
      },
      "properties": {
        "frp": 6.69,
        "acq_date": "2026-09-29",
        "acq_time": "1117",
        "satellite": "N20",
        "brightness": null,
        "NAME_1": "Zaporizhia",
        "locality": "Veselivs'kyi"
      }
    },
    {
      "type": "Feature",
      "geometry": {
        "type": "Point",
        "coordinates": [
          34.67104,
          46.94101
        ]
      },
      "properties": {
        "frp": 8.34,
        "acq_date": "2026-09-29",
        "acq_time": "1117",
        "satellite": "N20",
        "brightness": null,
        "NAME_1": "Zaporizhia",
        "locality": "Veselivs'kyi"
      }
    },
    {
      "type": "Feature",
      "geometry": {
        "type": "Point",
        "coordinates": [
          34.67178,
          46.94129
        ]
      },
      "properties": {
        "frp": 6.69,
        "acq_date": "2026-09-29",
        "acq_time": "1117",
        "satellite": "N20",
        "brightness": null,
        "NAME_1": "Zaporizhia",
        "locality": "Veselivs'kyi"
      }
    },
    {
      "type": "Feature",
      "geometry": {
        "type": "Point",
        "coordinates": [
          34.20739,
          47.10421
        ]
      },
      "properties": {
        "frp": 11.82,
        "acq_date": "2026-09-29",
        "acq_time": "1117",
        "satellite": "N20",
        "brightness": null,
        "NAME_1": "Kherson",
        "locality": "Velykolepetys'kyi"
      }
    },
    {
      "type": "Feature",
      "geometry": {
        "type": "Point",
        "coordinates": [
          36.3204,
          47.16542
        ]
      },
      "properties": {
        "frp": 3.95,
        "acq_date": "2026-09-29",
        "acq_time": "1117",
        "satellite": "N20",
        "brightness": null,
        "NAME_1": "Zaporizhia",
        "locality": "Chernihivs'kyi"
      }
    },
    {
      "type": "Feature",
      "geometry": {
        "type": "Point",
        "coordinates": [
          36.32427,
          47.1708
        ]
      },
      "properties": {
        "frp": 3.95,
        "acq_date": "2026-09-29",
        "acq_time": "1117",
        "satellite": "N20",
        "brightness": null,
        "NAME_1": "Zaporizhia",
        "locality": "Chernihivs'kyi"
      }
    },
    {
      "type": "Feature",
      "geometry": {
        "type": "Point",
        "coordinates": [
          33.57806,
          47.23698
        ]
      },
      "properties": {
        "frp": 10.17,
        "acq_date": "2026-09-29",
        "acq_time": "1117",
        "satellite": "N20",
        "brightness": null,
        "NAME_1": "Kherson",
        "locality": "Velykooleksandrivs'kyi"
      }
    },
    {
      "type": "Feature",
      "geometry": {
        "type": "Point",
        "coordinates": [
          33.57743,
          47.24152
        ]
      },
      "properties": {
        "frp": 11.9,
        "acq_date": "2026-09-29",
        "acq_time": "1117",
        "satellite": "N20",
        "brightness": null,
        "NAME_1": "Kherson",
        "locality": "Velykooleksandrivs'kyi"
      }
    },
    {
      "type": "Feature",
      "geometry": {
        "type": "Point",
        "coordinates": [
          34.89631,
          47.24781
        ]
      },
      "properties": {
        "frp": 4.87,
        "acq_date": "2026-09-29",
        "acq_time": "1117",
        "satellite": "N20",
        "brightness": null,
        "NAME_1": "Zaporizhia",
        "locality": "Vasylivs'kyi"
      }
    },
    {
      "type": "Feature",
      "geometry": {
        "type": "Point",
        "coordinates": [
          22.74086,
          47.29623
        ]
      },
      "properties": {
        "frp": 2.43,
        "acq_date": "2026-09-29",
        "acq_time": "1117",
        "satellite": "N20",
        "brightness": null,
        "NAME_1": "",
        "locality": ""
      }
    },
    {
      "type": "Feature",
      "geometry": {
        "type": "Point",
        "coordinates": [
          32.20753,
          47.38265
        ]
      },
      "properties": {
        "frp": 2.72,
        "acq_date": "2026-09-29",
        "acq_time": "1117",
        "satellite": "N20",
        "brightness": null,
        "NAME_1": "Mykolayiv",
        "locality": "Bashtans'kyi"
      }
    },
    {
      "type": "Feature",
      "geometry": {
        "type": "Point",
        "coordinates": [
          37.05804,
          47.54807
        ]
      },
      "properties": {
        "frp": 1.41,
        "acq_date": "2026-09-29",
        "acq_time": "1117",
        "satellite": "N20",
        "brightness": null,
        "NAME_1": "Donets'k",
        "locality": "Velykonovosilkivs'kyi"
      }
    },
    {
      "type": "Feature",
      "geometry": {
        "type": "Point",
        "coordinates": [
          29.50093,
          47.66014
        ]
      },
      "properties": {
        "frp": 18.45,
        "acq_date": "2026-09-29",
        "acq_time": "1117",
        "satellite": "N20",
        "brightness": null,
        "NAME_1": "Odessa",
        "locality": "Kotovs'kyi"
      }
    },
    {
      "type": "Feature",
      "geometry": {
        "type": "Point",
        "coordinates": [
          35.62675,
          47.70492
        ]
      },
      "properties": {
        "frp": 4.82,
        "acq_date": "2026-09-29",
        "acq_time": "1117",
        "satellite": "N20",
        "brightness": null,
        "NAME_1": "Zaporizhia",
        "locality": "Orikhivs'kyi"
      }
    },
    {
      "type": "Feature",
      "geometry": {
        "type": "Point",
        "coordinates": [
          37.03868,
          47.74631
        ]
      },
      "properties": {
        "frp": 15.53,
        "acq_date": "2026-09-29",
        "acq_time": "1117",
        "satellite": "N20",
        "brightness": null,
        "NAME_1": "Donets'k",
        "locality": "Velykonovosilkivs'kyi"
      }
    },
    {
      "type": "Feature",
      "geometry": {
        "type": "Point",
        "coordinates": [
          37.04369,
          47.74649
        ]
      },
      "properties": {
        "frp": 15.53,
        "acq_date": "2026-09-29",
        "acq_time": "1117",
        "satellite": "N20",
        "brightness": null,
        "NAME_1": "Donets'k",
        "locality": "Velykonovosilkivs'kyi"
      }
    },
    {
      "type": "Feature",
      "geometry": {
        "type": "Point",
        "coordinates": [
          37.14449,
          47.75023
        ]
      },
      "properties": {
        "frp": 15.76,
        "acq_date": "2026-09-29",
        "acq_time": "1117",
        "satellite": "N20",
        "brightness": null,
        "NAME_1": "Donets'k",
        "locality": "Mar\u2039ns'kyi"
      }
    },
    {
      "type": "Feature",
      "geometry": {
        "type": "Point",
        "coordinates": [
          37.14956,
          47.75041
        ]
      },
      "properties": {
        "frp": 13.47,
        "acq_date": "2026-09-29",
        "acq_time": "1117",
        "satellite": "N20",
        "brightness": null,
        "NAME_1": "Donets'k",
        "locality": "Mar\u2039ns'kyi"
      }
    },
    {
      "type": "Feature",
      "geometry": {
        "type": "Point",
        "coordinates": [
          22.9443,
          47.83036
        ]
      },
      "properties": {
        "frp": 3.56,
        "acq_date": "2026-09-29",
        "acq_time": "1117",
        "satellite": "N20",
        "brightness": null,
        "NAME_1": "",
        "locality": ""
      }
    },
    {
      "type": "Feature",
      "geometry": {
        "type": "Point",
        "coordinates": [
          29.79381,
          47.90465
        ]
      },
      "properties": {
        "frp": 6.45,
        "acq_date": "2026-09-29",
        "acq_time": "1117",
        "satellite": "N20",
        "brightness": null,
        "NAME_1": "Odessa",
        "locality": "Balts'kyi"
      }
    },
    {
      "type": "Feature",
      "geometry": {
        "type": "Point",
        "coordinates": [
          37.43534,
          48.00858
        ]
      },
      "properties": {
        "frp": 5.64,
        "acq_date": "2026-09-29",
        "acq_time": "1117",
        "satellite": "N20",
        "brightness": null,
        "NAME_1": "Donets'k",
        "locality": "Mar\u2039ns'kyi"
      }
    },
    {
      "type": "Feature",
      "geometry": {
        "type": "Point",
        "coordinates": [
          37.43667,
          48.0087
        ]
      },
      "properties": {
        "frp": 5.27,
        "acq_date": "2026-09-29",
        "acq_time": "1117",
        "satellite": "N20",
        "brightness": null,
        "NAME_1": "Donets'k",
        "locality": "Mar\u2039ns'kyi"
      }
    },
    {
      "type": "Feature",
      "geometry": {
        "type": "Point",
        "coordinates": [
          37.33395,
          48.1431
        ]
      },
      "properties": {
        "frp": 4.6,
        "acq_date": "2026-09-29",
        "acq_time": "1117",
        "satellite": "N20",
        "brightness": null,
        "NAME_1": "Donets'k",
        "locality": "Krasnoarmiis'kyi"
      }
    },
    {
      "type": "Feature",
      "geometry": {
        "type": "Point",
        "coordinates": [
          36.75507,
          48.14979
        ]
      },
      "properties": {
        "frp": 2.79,
        "acq_date": "2026-09-29",
        "acq_time": "1117",
        "satellite": "N20",
        "brightness": null,
        "NAME_1": "Dnipropetrovs'k",
        "locality": "Mezhivs'kyi"
      }
    },
    {
      "type": "Feature",
      "geometry": {
        "type": "Point",
        "coordinates": [
          36.24227,
          48.16032
        ]
      },
      "properties": {
        "frp": 3.95,
        "acq_date": "2026-09-29",
        "acq_time": "1117",
        "satellite": "N20",
        "brightness": null,
        "NAME_1": "Dnipropetrovs'k",
        "locality": "Vasyl'kivs'kyi"
      }
    },
    {
      "type": "Feature",
      "geometry": {
        "type": "Point",
        "coordinates": [
          22.68836,
          48.363
        ]
      },
      "properties": {
        "frp": 5.31,
        "acq_date": "2026-09-29",
        "acq_time": "1117",
        "satellite": "N20",
        "brightness": null,
        "NAME_1": "Zakarpattia",
        "locality": "Mukachivs'kyi"
      }
    },
    {
      "type": "Feature",
      "geometry": {
        "type": "Point",
        "coordinates": [
          22.68719,
          48.36625
        ]
      },
      "properties": {
        "frp": 1.08,
        "acq_date": "2026-09-29",
        "acq_time": "1117",
        "satellite": "N20",
        "brightness": null,
        "NAME_1": "Zakarpattia",
        "locality": "Mukachivs'kyi"
      }
    },
    {
      "type": "Feature",
      "geometry": {
        "type": "Point",
        "coordinates": [
          36.00401,
          48.38065
        ]
      },
      "properties": {
        "frp": 1.96,
        "acq_date": "2026-09-29",
        "acq_time": "1117",
        "satellite": "N20",
        "brightness": null,
        "NAME_1": "Dnipropetrovs'k",
        "locality": "Pavlohrads'kyi"
      }
    },
    {
      "type": "Feature",
      "geometry": {
        "type": "Point",
        "coordinates": [
          36.00855,
          48.38086
        ]
      },
      "properties": {
        "frp": 1.96,
        "acq_date": "2026-09-29",
        "acq_time": "1117",
        "satellite": "N20",
        "brightness": null,
        "NAME_1": "Dnipropetrovs'k",
        "locality": "Pavlohrads'kyi"
      }
    },
    {
      "type": "Feature",
      "geometry": {
        "type": "Point",
        "coordinates": [
          36.00148,
          48.38218
        ]
      },
      "properties": {
        "frp": 1.9,
        "acq_date": "2026-09-29",
        "acq_time": "1117",
        "satellite": "N20",
        "brightness": null,
        "NAME_1": "Dnipropetrovs'k",
        "locality": "Pavlohrads'kyi"
      }
    },
    {
      "type": "Feature",
      "geometry": {
        "type": "Point",
        "coordinates": [
          36.00602,
          48.38237
        ]
      },
      "properties": {
        "frp": 1.82,
        "acq_date": "2026-09-29",
        "acq_time": "1117",
        "satellite": "N20",
        "brightness": null,
        "NAME_1": "Dnipropetrovs'k",
        "locality": "Pavlohrads'kyi"
      }
    },
    {
      "type": "Feature",
      "geometry": {
        "type": "Point",
        "coordinates": [
          36.01056,
          48.38255
        ]
      },
      "properties": {
        "frp": 1.82,
        "acq_date": "2026-09-29",
        "acq_time": "1117",
        "satellite": "N20",
        "brightness": null,
        "NAME_1": "Dnipropetrovs'k",
        "locality": "Pavlohrads'kyi"
      }
    },
    {
      "type": "Feature",
      "geometry": {
        "type": "Point",
        "coordinates": [
          37.49002,
          48.40721
        ]
      },
      "properties": {
        "frp": 5.07,
        "acq_date": "2026-09-29",
        "acq_time": "1117",
        "satellite": "N20",
        "brightness": null,
        "NAME_1": "Donets'k",
        "locality": "Kostiantynivs'kyi"
      }
    },
    {
      "type": "Feature",
      "geometry": {
        "type": "Point",
        "coordinates": [
          29.87351,
          48.47711
        ]
      },
      "properties": {
        "frp": 129.81,
        "acq_date": "2026-09-29",
        "acq_time": "1117",
        "satellite": "N20",
        "brightness": null,
        "NAME_1": "Vinnytsya",
        "locality": "Bershads'kyi"
      }
    },
    {
      "type": "Feature",
      "geometry": {
        "type": "Point",
        "coordinates": [
          29.88871,
          48.4783
        ]
      },
      "properties": {
        "frp": 60.47,
        "acq_date": "2026-09-29",
        "acq_time": "1117",
        "satellite": "N20",
        "brightness": null,
        "NAME_1": "Vinnytsya",
        "locality": "Bershads'kyi"
      }
    },
    {
      "type": "Feature",
      "geometry": {
        "type": "Point",
        "coordinates": [
          29.88809,
          48.47847
        ]
      },
      "properties": {
        "frp": 17.69,
        "acq_date": "2026-09-29",
        "acq_time": "1117",
        "satellite": "N20",
        "brightness": null,
        "NAME_1": "Vinnytsya",
        "locality": "Bershads'kyi"
      }
    },
    {
      "type": "Feature",
      "geometry": {
        "type": "Point",
        "coordinates": [
          29.87332,
          48.48074
        ]
      },
      "properties": {
        "frp": 57.02,
        "acq_date": "2026-09-29",
        "acq_time": "1117",
        "satellite": "N20",
        "brightness": null,
        "NAME_1": "Vinnytsya",
        "locality": "Bershads'kyi"
      }
    },
    {
      "type": "Feature",
      "geometry": {
        "type": "Point",
        "coordinates": [
          36.35976,
          48.4808
        ]
      },
      "properties": {
        "frp": 1.05,
        "acq_date": "2026-09-29",
        "acq_time": "1117",
        "satellite": "N20",
        "brightness": null,
        "NAME_1": "Dnipropetrovs'k",
        "locality": "Petropavlivs'kyi"
      }
    },
    {
      "type": "Feature",
      "geometry": {
        "type": "Point",
        "coordinates": [
          29.87267,
          48.48099
        ]
      },
      "properties": {
        "frp": 39.79,
        "acq_date": "2026-09-29",
        "acq_time": "1117",
        "satellite": "N20",
        "brightness": null,
        "NAME_1": "Vinnytsya",
        "locality": "Bershads'kyi"
      }
    },
    {
      "type": "Feature",
      "geometry": {
        "type": "Point",
        "coordinates": [
          29.88057,
          48.48146
        ]
      },
      "properties": {
        "frp": 60.47,
        "acq_date": "2026-09-29",
        "acq_time": "1117",
        "satellite": "N20",
        "brightness": null,
        "NAME_1": "Vinnytsya",
        "locality": "Bershads'kyi"
      }
    },
    {
      "type": "Feature",
      "geometry": {
        "type": "Point",
        "coordinates": [
          29.87993,
          48.48167
        ]
      },
      "properties": {
        "frp": 39.79,
        "acq_date": "2026-09-29",
        "acq_time": "1117",
        "satellite": "N20",
        "brightness": null,
        "NAME_1": "Vinnytsya",
        "locality": "Bershads'kyi"
      }
    },
    {
      "type": "Feature",
      "geometry": {
        "type": "Point",
        "coordinates": [
          29.88787,
          48.48217
        ]
      },
      "properties": {
        "frp": 60.47,
        "acq_date": "2026-09-29",
        "acq_time": "1117",
        "satellite": "N20",
        "brightness": null,
        "NAME_1": "Vinnytsya",
        "locality": "Bershads'kyi"
      }
    },
    {
      "type": "Feature",
      "geometry": {
        "type": "Point",
        "coordinates": [
          29.88724,
          48.48235
        ]
      },
      "properties": {
        "frp": 13.46,
        "acq_date": "2026-09-29",
        "acq_time": "1117",
        "satellite": "N20",
        "brightness": null,
        "NAME_1": "Vinnytsya",
        "locality": "Bershads'kyi"
      }
    },
    {
      "type": "Feature",
      "geometry": {
        "type": "Point",
        "coordinates": [
          29.87974,
          48.48534
        ]
      },
      "properties": {
        "frp": 28.92,
        "acq_date": "2026-09-29",
        "acq_time": "1117",
        "satellite": "N20",
        "brightness": null,
        "NAME_1": "Vinnytsya",
        "locality": "Bershads'kyi"
      }
    },
    {
      "type": "Feature",
      "geometry": {
        "type": "Point",
        "coordinates": [
          29.8791,
          48.48555
        ]
      },
      "properties": {
        "frp": 39.79,
        "acq_date": "2026-09-29",
        "acq_time": "1117",
        "satellite": "N20",
        "brightness": null,
        "NAME_1": "Vinnytsya",
        "locality": "Bershads'kyi"
      }
    },
    {
      "type": "Feature",
      "geometry": {
        "type": "Point",
        "coordinates": [
          26.80443,
          48.49226
        ]
      },
      "properties": {
        "frp": 2.49,
        "acq_date": "2026-09-29",
        "acq_time": "1117",
        "satellite": "N20",
        "brightness": null,
        "NAME_1": "Chernivtsi",
        "locality": "Kel'menets'kyi"
      }
    },
    {
      "type": "Feature",
      "geometry": {
        "type": "Point",
        "coordinates": [
          30.57952,
          49.06265
        ]
      },
      "properties": {
        "frp": 2.31,
        "acq_date": "2026-09-29",
        "acq_time": "1117",
        "satellite": "N20",
        "brightness": null,
        "NAME_1": "Cherkasy",
        "locality": "Tal'nivs'kyi"
      }
    },
    {
      "type": "Feature",
      "geometry": {
        "type": "Point",
        "coordinates": [
          37.86473,
          49.24923
        ]
      },
      "properties": {
        "frp": 5.38,
        "acq_date": "2026-09-29",
        "acq_time": "1117",
        "satellite": "N20",
        "brightness": null,
        "NAME_1": "Kharkiv",
        "locality": "Borivs'kyi"
      }
    },
    {
      "type": "Feature",
      "geometry": {
        "type": "Point",
        "coordinates": [
          25.52613,
          49.31095
        ]
      },
      "properties": {
        "frp": 16.89,
        "acq_date": "2026-09-29",
        "acq_time": "1117",
        "satellite": "N20",
        "brightness": null,
        "NAME_1": "Ternopil'",
        "locality": "Terebovlians'kyi"
      }
    },
    {
      "type": "Feature",
      "geometry": {
        "type": "Point",
        "coordinates": [
          25.53169,
          49.31167
        ]
      },
      "properties": {
        "frp": 6.62,
        "acq_date": "2026-09-29",
        "acq_time": "1117",
        "satellite": "N20",
        "brightness": null,
        "NAME_1": "Ternopil'",
        "locality": "Terebovlians'kyi"
      }
    },
    {
      "type": "Feature",
      "geometry": {
        "type": "Point",
        "coordinates": [
          36.47221,
          49.4035
        ]
      },
      "properties": {
        "frp": 2.78,
        "acq_date": "2026-09-29",
        "acq_time": "1117",
        "satellite": "N20",
        "brightness": null,
        "NAME_1": "Kharkiv",
        "locality": "Balakliis'kyi"
      }
    },
    {
      "type": "Feature",
      "geometry": {
        "type": "Point",
        "coordinates": [
          28.27815,
          49.7026
        ]
      },
      "properties": {
        "frp": 2.52,
        "acq_date": "2026-09-29",
        "acq_time": "1117",
        "satellite": "N20",
        "brightness": null,
        "NAME_1": "Vinnytsya",
        "locality": "Khmil'nyts'kyi"
      }
    },
    {
      "type": "Feature",
      "geometry": {
        "type": "Point",
        "coordinates": [
          26.73921,
          50.12597
        ]
      },
      "properties": {
        "frp": 2.97,
        "acq_date": "2026-09-29",
        "acq_time": "1117",
        "satellite": "N20",
        "brightness": null,
        "NAME_1": "Khmel'nyts'kyy",
        "locality": "Iziaslavs'kyi"
      }
    },
    {
      "type": "Feature",
      "geometry": {
        "type": "Point",
        "coordinates": [
          30.23196,
          50.7592
        ]
      },
      "properties": {
        "frp": 2.07,
        "acq_date": "2026-09-29",
        "acq_time": "1117",
        "satellite": "N20",
        "brightness": null,
        "NAME_1": "Kiev",
        "locality": "Vyshhorods'kyi"
      }
    },
    {
      "type": "Feature",
      "geometry": {
        "type": "Point",
        "coordinates": [
          30.23343,
          50.75957
        ]
      },
      "properties": {
        "frp": 2.25,
        "acq_date": "2026-09-29",
        "acq_time": "1117",
        "satellite": "N20",
        "brightness": null,
        "NAME_1": "Kiev",
        "locality": "Vyshhorods'kyi"
      }
    },
    {
      "type": "Feature",
      "geometry": {
        "type": "Point",
        "coordinates": [
          27.96014,
          50.94617
        ]
      },
      "properties": {
        "frp": 12.03,
        "acq_date": "2026-09-29",
        "acq_time": "1117",
        "satellite": "N20",
        "brightness": null,
        "NAME_1": "Zhytomyr",
        "locality": "Iemil'chyns'kyi"
      }
    },
    {
      "type": "Feature",
      "geometry": {
        "type": "Point",
        "coordinates": [
          34.88076,
          51.13455
        ]
      },
      "properties": {
        "frp": 3.56,
        "acq_date": "2026-09-29",
        "acq_time": "1117",
        "satellite": "N20",
        "brightness": null,
        "NAME_1": "Sumy",
        "locality": "Sums'kyi"
      }
    },
    {
      "type": "Feature",
      "geometry": {
        "type": "Point",
        "coordinates": [
          34.88025,
          51.13956
        ]
      },
      "properties": {
        "frp": 5.86,
        "acq_date": "2026-09-29",
        "acq_time": "1117",
        "satellite": "N20",
        "brightness": null,
        "NAME_1": "Sumy",
        "locality": "Sums'kyi"
      }
    },
    {
      "type": "Feature",
      "geometry": {
        "type": "Point",
        "coordinates": [
          29.86331,
          51.24544
        ]
      },
      "properties": {
        "frp": 5.38,
        "acq_date": "2026-09-29",
        "acq_time": "1117",
        "satellite": "N20",
        "brightness": null,
        "NAME_1": "Kiev",
        "locality": "Ivankivs'kyi"
      }
    },
    {
      "type": "Feature",
      "geometry": {
        "type": "Point",
        "coordinates": [
          34.52792,
          51.34355
        ]
      },
      "properties": {
        "frp": 7.15,
        "acq_date": "2026-09-29",
        "acq_time": "1117",
        "satellite": "N20",
        "brightness": null,
        "NAME_1": "Kursk",
        "locality": "Glushkovskiy rayon"
      }
    },
    {
      "type": "Feature",
      "geometry": {
        "type": "Point",
        "coordinates": [
          34.52736,
          51.3485
        ]
      },
      "properties": {
        "frp": 7.15,
        "acq_date": "2026-09-29",
        "acq_time": "1117",
        "satellite": "N20",
        "brightness": null,
        "NAME_1": "Kursk",
        "locality": "Glushkovskiy rayon"
      }
    },
    {
      "type": "Feature",
      "geometry": {
        "type": "Point",
        "coordinates": [
          34.52797,
          51.34937
        ]
      },
      "properties": {
        "frp": 9.31,
        "acq_date": "2026-09-29",
        "acq_time": "1117",
        "satellite": "N20",
        "brightness": null,
        "NAME_1": "Kursk",
        "locality": "Glushkovskiy rayon"
      }
    },
    {
      "type": "Feature",
      "geometry": {
        "type": "Point",
        "coordinates": [
          32.02771,
          52.57955
        ]
      },
      "properties": {
        "frp": 4.29,
        "acq_date": "2026-09-29",
        "acq_time": "1119",
        "satellite": "N20",
        "brightness": null,
        "NAME_1": "Bryansk",
        "locality": "Novozybkovskiy rayon"
      }
    },
    {
      "type": "Feature",
      "geometry": {
        "type": "Point",
        "coordinates": [
          29.99002,
          52.84673
        ]
      },
      "properties": {
        "frp": 2.41,
        "acq_date": "2026-09-29",
        "acq_time": "1119",
        "satellite": "N20",
        "brightness": null,
        "NAME_1": "Gomel",
        "locality": "\u017dlobin"
      }
    },
    {
      "type": "Feature",
      "geometry": {
        "type": "Point",
        "coordinates": [
          39.63054,
          52.53506
        ]
      },
      "properties": {
        "frp": 24.23,
        "acq_date": "2026-09-29",
        "acq_time": "2329",
        "satellite": "N20",
        "brightness": null,
        "NAME_1": "Lipetsk",
        "locality": "Lipetskiy rayon"
      }
    },
    {
      "type": "Feature",
      "geometry": {
        "type": "Point",
        "coordinates": [
          39.61903,
          52.53669
        ]
      },
      "properties": {
        "frp": 0.81,
        "acq_date": "2026-09-29",
        "acq_time": "2329",
        "satellite": "N20",
        "brightness": null,
        "NAME_1": "Lipetsk",
        "locality": "Lipetsk"
      }
    },
    {
      "type": "Feature",
      "geometry": {
        "type": "Point",
        "coordinates": [
          39.62604,
          52.53918
        ]
      },
      "properties": {
        "frp": 24.23,
        "acq_date": "2026-09-29",
        "acq_time": "2329",
        "satellite": "N20",
        "brightness": null,
        "NAME_1": "Lipetsk",
        "locality": "Lipetsk"
      }
    },
    {
      "type": "Feature",
      "geometry": {
        "type": "Point",
        "coordinates": [
          39.62027,
          52.53999
        ]
      },
      "properties": {
        "frp": 0.81,
        "acq_date": "2026-09-29",
        "acq_time": "2329",
        "satellite": "N20",
        "brightness": null,
        "NAME_1": "Lipetsk",
        "locality": "Lipetsk"
      }
    },
    {
      "type": "Feature",
      "geometry": {
        "type": "Point",
        "coordinates": [
          39.61451,
          52.54081
        ]
      },
      "properties": {
        "frp": 0.81,
        "acq_date": "2026-09-29",
        "acq_time": "2329",
        "satellite": "N20",
        "brightness": null,
        "NAME_1": "Lipetsk",
        "locality": "Lipetsk"
      }
    },
    {
      "type": "Feature",
      "geometry": {
        "type": "Point",
        "coordinates": [
          39.62154,
          52.5433
        ]
      },
      "properties": {
        "frp": 1.44,
        "acq_date": "2026-09-29",
        "acq_time": "2329",
        "satellite": "N20",
        "brightness": null,
        "NAME_1": "Lipetsk",
        "locality": "Lipetsk"
      }
    },
    {
      "type": "Feature",
      "geometry": {
        "type": "Point",
        "coordinates": [
          39.61577,
          52.54412
        ]
      },
      "properties": {
        "frp": 1.44,
        "acq_date": "2026-09-29",
        "acq_time": "2329",
        "satellite": "N20",
        "brightness": null,
        "NAME_1": "Lipetsk",
        "locality": "Lipetsk"
      }
    },
    {
      "type": "Feature",
      "geometry": {
        "type": "Point",
        "coordinates": [
          39.63432,
          52.54497
        ]
      },
      "properties": {
        "frp": 0.85,
        "acq_date": "2026-09-29",
        "acq_time": "2329",
        "satellite": "N20",
        "brightness": null,
        "NAME_1": "Lipetsk",
        "locality": "Lipetsk"
      }
    },
    {
      "type": "Feature",
      "geometry": {
        "type": "Point",
        "coordinates": [
          39.62856,
          52.54579
        ]
      },
      "properties": {
        "frp": 0.85,
        "acq_date": "2026-09-29",
        "acq_time": "2329",
        "satellite": "N20",
        "brightness": null,
        "NAME_1": "Lipetsk",
        "locality": "Lipetsk"
      }
    },
    {
      "type": "Feature",
      "geometry": {
        "type": "Point",
        "coordinates": [
          39.64133,
          52.54746
        ]
      },
      "properties": {
        "frp": 5.83,
        "acq_date": "2026-09-29",
        "acq_time": "2329",
        "satellite": "N20",
        "brightness": null,
        "NAME_1": "Lipetsk",
        "locality": "Lipetsk"
      }
    },
    {
      "type": "Feature",
      "geometry": {
        "type": "Point",
        "coordinates": [
          39.63557,
          52.54827
        ]
      },
      "properties": {
        "frp": 0.68,
        "acq_date": "2026-09-29",
        "acq_time": "2329",
        "satellite": "N20",
        "brightness": null,
        "NAME_1": "Lipetsk",
        "locality": "Lipetsk"
      }
    },
    {
      "type": "Feature",
      "geometry": {
        "type": "Point",
        "coordinates": [
          39.57792,
          52.55643
        ]
      },
      "properties": {
        "frp": 4.43,
        "acq_date": "2026-09-29",
        "acq_time": "2329",
        "satellite": "N20",
        "brightness": null,
        "NAME_1": "Lipetsk",
        "locality": "Lipetsk"
      }
    },
    {
      "type": "Feature",
      "geometry": {
        "type": "Point",
        "coordinates": [
          39.57214,
          52.55725
        ]
      },
      "properties": {
        "frp": 4.43,
        "acq_date": "2026-09-29",
        "acq_time": "2329",
        "satellite": "N20",
        "brightness": null,
        "NAME_1": "Lipetsk",
        "locality": "Lipetsk"
      }
    },
    {
      "type": "Feature",
      "geometry": {
        "type": "Point",
        "coordinates": [
          39.59072,
          52.55811
        ]
      },
      "properties": {
        "frp": 1.35,
        "acq_date": "2026-09-29",
        "acq_time": "2329",
        "satellite": "N20",
        "brightness": null,
        "NAME_1": "Lipetsk",
        "locality": "Lipetsk"
      }
    },
    {
      "type": "Feature",
      "geometry": {
        "type": "Point",
        "coordinates": [
          39.61504,
          52.55815
        ]
      },
      "properties": {
        "frp": 4.22,
        "acq_date": "2026-09-29",
        "acq_time": "2329",
        "satellite": "N20",
        "brightness": null,
        "NAME_1": "Lipetsk",
        "locality": "Lipetsk"
      }
    },
    {
      "type": "Feature",
      "geometry": {
        "type": "Point",
        "coordinates": [
          39.60928,
          52.55896
        ]
      },
      "properties": {
        "frp": 4.22,
        "acq_date": "2026-09-29",
        "acq_time": "2329",
        "satellite": "N20",
        "brightness": null,
        "NAME_1": "Lipetsk",
        "locality": "Lipetsk"
      }
    },
    {
      "type": "Feature",
      "geometry": {
        "type": "Point",
        "coordinates": [
          39.57338,
          52.56055
        ]
      },
      "properties": {
        "frp": 4.43,
        "acq_date": "2026-09-29",
        "acq_time": "2329",
        "satellite": "N20",
        "brightness": null,
        "NAME_1": "Lipetsk",
        "locality": "Lipetsk"
      }
    },
    {
      "type": "Feature",
      "geometry": {
        "type": "Point",
        "coordinates": [
          39.62206,
          52.56063
        ]
      },
      "properties": {
        "frp": 1.31,
        "acq_date": "2026-09-29",
        "acq_time": "2329",
        "satellite": "N20",
        "brightness": null,
        "NAME_1": "Lipetsk",
        "locality": "Lipetsk"
      }
    },
    {
      "type": "Feature",
      "geometry": {
        "type": "Point",
        "coordinates": [
          39.599,
          52.5639
        ]
      },
      "properties": {
        "frp": 1.51,
        "acq_date": "2026-09-29",
        "acq_time": "2329",
        "satellite": "N20",
        "brightness": null,
        "NAME_1": "Lipetsk",
        "locality": "Lipetsk"
      }
    },
    {
      "type": "Feature",
      "geometry": {
        "type": "Point",
        "coordinates": [
          39.70376,
          52.56464
        ]
      },
      "properties": {
        "frp": 2.13,
        "acq_date": "2026-09-29",
        "acq_time": "2329",
        "satellite": "N20",
        "brightness": null,
        "NAME_1": "Lipetsk",
        "locality": "Lipetskiy rayon"
      }
    },
    {
      "type": "Feature",
      "geometry": {
        "type": "Point",
        "coordinates": [
          39.69801,
          52.56545
        ]
      },
      "properties": {
        "frp": 2.29,
        "acq_date": "2026-09-29",
        "acq_time": "2329",
        "satellite": "N20",
        "brightness": null,
        "NAME_1": "Lipetsk",
        "locality": "Lipetskiy rayon"
      }
    },
    {
      "type": "Feature",
      "geometry": {
        "type": "Point",
        "coordinates": [
          37.80885,
          44.73645
        ]
      },
      "properties": {
        "frp": 0.96,
        "acq_date": "2026-09-29",
        "acq_time": "2331",
        "satellite": "N20",
        "brightness": null,
        "NAME_1": "Krasnodar",
        "locality": "Gelendzhik gorsovet"
      }
    },
    {
      "type": "Feature",
      "geometry": {
        "type": "Point",
        "coordinates": [
          33.85803,
          44.77331
        ]
      },
      "properties": {
        "frp": 1.02,
        "acq_date": "2026-09-29",
        "acq_time": "2331",
        "satellite": "N20",
        "brightness": null,
        "NAME_1": "Crimea",
        "locality": "Bakhchysarais'kyi"
      }
    },
    {
      "type": "Feature",
      "geometry": {
        "type": "Point",
        "coordinates": [
          37.6933,
          44.79514
        ]
      },
      "properties": {
        "frp": 0.51,
        "acq_date": "2026-09-29",
        "acq_time": "2331",
        "satellite": "N20",
        "brightness": null,
        "NAME_1": "Krasnodar",
        "locality": "Novorossiysk gorsovet"
      }
    },
    {
      "type": "Feature",
      "geometry": {
        "type": "Point",
        "coordinates": [
          37.66859,
          44.84685
        ]
      },
      "properties": {
        "frp": 1.01,
        "acq_date": "2026-09-29",
        "acq_time": "2331",
        "satellite": "N20",
        "brightness": null,
        "NAME_1": "Krasnodar",
        "locality": "Novorossiysk gorsovet"
      }
    },
    {
      "type": "Feature",
      "geometry": {
        "type": "Point",
        "coordinates": [
          31.6721,
          45.25849
        ]
      },
      "properties": {
        "frp": 13.29,
        "acq_date": "2026-09-29",
        "acq_time": "2331",
        "satellite": "N20",
        "brightness": null,
        "NAME_1": "",
        "locality": ""
      }
    },
    {
      "type": "Feature",
      "geometry": {
        "type": "Point",
        "coordinates": [
          30.90321,
          45.35631
        ]
      },
      "properties": {
        "frp": 2.61,
        "acq_date": "2026-09-29",
        "acq_time": "2331",
        "satellite": "N20",
        "brightness": null,
        "NAME_1": "",
        "locality": ""
      }
    },
    {
      "type": "Feature",
      "geometry": {
        "type": "Point",
        "coordinates": [
          30.93031,
          45.37682
        ]
      },
      "properties": {
        "frp": 0.8,
        "acq_date": "2026-09-29",
        "acq_time": "2331",
        "satellite": "N20",
        "brightness": null,
        "NAME_1": "",
        "locality": ""
      }
    },
    {
      "type": "Feature",
      "geometry": {
        "type": "Point",
        "coordinates": [
          30.92503,
          45.37729
        ]
      },
      "properties": {
        "frp": 0.83,
        "acq_date": "2026-09-29",
        "acq_time": "2331",
        "satellite": "N20",
        "brightness": null,
        "NAME_1": "",
        "locality": ""
      }
    },
    {
      "type": "Feature",
      "geometry": {
        "type": "Point",
        "coordinates": [
          25.27934,
          45.95418
        ]
      },
      "properties": {
        "frp": 1.25,
        "acq_date": "2026-09-29",
        "acq_time": "2331",
        "satellite": "N20",
        "brightness": null,
        "NAME_1": "",
        "locality": ""
      }
    },
    {
      "type": "Feature",
      "geometry": {
        "type": "Point",
        "coordinates": [
          29.12181,
          46.02813
        ]
      },
      "properties": {
        "frp": 0.91,
        "acq_date": "2026-09-29",
        "acq_time": "2331",
        "satellite": "N20",
        "brightness": null,
        "NAME_1": "Odessa",
        "locality": "Tarutyns'kyi"
      }
    },
    {
      "type": "Feature",
      "geometry": {
        "type": "Point",
        "coordinates": [
          29.04911,
          46.07951
        ]
      },
      "properties": {
        "frp": 0.96,
        "acq_date": "2026-09-29",
        "acq_time": "2331",
        "satellite": "N20",
        "brightness": null,
        "NAME_1": "Odessa",
        "locality": "Tarutyns'kyi"
      }
    },
    {
      "type": "Feature",
      "geometry": {
        "type": "Point",
        "coordinates": [
          34.82862,
          46.09785
        ]
      },
      "properties": {
        "frp": 1.58,
        "acq_date": "2026-09-29",
        "acq_time": "2331",
        "satellite": "N20",
        "brightness": null,
        "NAME_1": "Kherson",
        "locality": "Heniches'kyi"
      }
    },
    {
      "type": "Feature",
      "geometry": {
        "type": "Point",
        "coordinates": [
          34.82381,
          46.10208
        ]
      },
      "properties": {
        "frp": 15.81,
        "acq_date": "2026-09-29",
        "acq_time": "2331",
        "satellite": "N20",
        "brightness": null,
        "NAME_1": "Kherson",
        "locality": "Heniches'kyi"
      }
    },
    {
      "type": "Feature",
      "geometry": {
        "type": "Point",
        "coordinates": [
          34.83041,
          46.1049
        ]
      },
      "properties": {
        "frp": 111.39,
        "acq_date": "2026-09-29",
        "acq_time": "2331",
        "satellite": "N20",
        "brightness": null,
        "NAME_1": "Kherson",
        "locality": "Heniches'kyi"
      }
    },
    {
      "type": "Feature",
      "geometry": {
        "type": "Point",
        "coordinates": [
          35.08869,
          46.56319
        ]
      },
      "properties": {
        "frp": 1.2,
        "acq_date": "2026-09-29",
        "acq_time": "2331",
        "satellite": "N20",
        "brightness": null,
        "NAME_1": "Zaporizhia",
        "locality": "Iakymivs'kyi"
      }
    },
    {
      "type": "Feature",
      "geometry": {
        "type": "Point",
        "coordinates": [
          34.1476,
          46.6666
        ]
      },
      "properties": {
        "frp": 0.61,
        "acq_date": "2026-09-29",
        "acq_time": "2331",
        "satellite": "N20",
        "brightness": null,
        "NAME_1": "Kherson",
        "locality": "Novotro\u2039ts'kyi"
      }
    },
    {
      "type": "Feature",
      "geometry": {
        "type": "Point",
        "coordinates": [
          33.33294,
          46.75169
        ]
      },
      "properties": {
        "frp": 1.41,
        "acq_date": "2026-09-29",
        "acq_time": "2331",
        "satellite": "N20",
        "brightness": null,
        "NAME_1": "Kherson",
        "locality": "Beryslavs'kyi"
      }
    },
    {
      "type": "Feature",
      "geometry": {
        "type": "Point",
        "coordinates": [
          33.35859,
          46.80289
        ]
      },
      "properties": {
        "frp": 1.61,
        "acq_date": "2026-09-29",
        "acq_time": "2331",
        "satellite": "N20",
        "brightness": null,
        "NAME_1": "Kherson",
        "locality": "Beryslavs'kyi"
      }
    },
    {
      "type": "Feature",
      "geometry": {
        "type": "Point",
        "coordinates": [
          31.7585,
          47.17302
        ]
      },
      "properties": {
        "frp": 0.93,
        "acq_date": "2026-09-29",
        "acq_time": "2331",
        "satellite": "N20",
        "brightness": null,
        "NAME_1": "Mykolayiv",
        "locality": "Mykola\u2039vs'kyi"
      }
    },
    {
      "type": "Feature",
      "geometry": {
        "type": "Point",
        "coordinates": [
          36.70197,
          47.25497
        ]
      },
      "properties": {
        "frp": 0.59,
        "acq_date": "2026-09-29",
        "acq_time": "2331",
        "satellite": "N20",
        "brightness": null,
        "NAME_1": "Zaporizhia",
        "locality": "Kuibyshevs'kyi"
      }
    },
    {
      "type": "Feature",
      "geometry": {
        "type": "Point",
        "coordinates": [
          34.43047,
          47.31134
        ]
      },
      "properties": {
        "frp": 0.42,
        "acq_date": "2026-09-29",
        "acq_time": "2331",
        "satellite": "N20",
        "brightness": null,
        "NAME_1": "Zaporizhia",
        "locality": "Kamians'ko-Dniprovs'kyi"
      }
    },
    {
      "type": "Feature",
      "geometry": {
        "type": "Point",
        "coordinates": [
          34.8852,
          47.57883
        ]
      },
      "properties": {
        "frp": 5.17,
        "acq_date": "2026-09-29",
        "acq_time": "2331",
        "satellite": "N20",
        "brightness": null,
        "NAME_1": "Dnipropetrovs'k",
        "locality": "Tomakivs'kyi"
      }
    },
    {
      "type": "Feature",
      "geometry": {
        "type": "Point",
        "coordinates": [
          36.93309,
          47.65869
        ]
      },
      "properties": {
        "frp": 0.26,
        "acq_date": "2026-09-29",
        "acq_time": "2331",
        "satellite": "N20",
        "brightness": null,
        "NAME_1": "Donets'k",
        "locality": "Velykonovosilkivs'kyi"
      }
    },
    {
      "type": "Feature",
      "geometry": {
        "type": "Point",
        "coordinates": [
          29.01646,
          47.78679
        ]
      },
      "properties": {
        "frp": 1.58,
        "acq_date": "2026-09-29",
        "acq_time": "2331",
        "satellite": "N20",
        "brightness": null,
        "NAME_1": "",
        "locality": ""
      }
    },
    {
      "type": "Feature",
      "geometry": {
        "type": "Point",
        "coordinates": [
          35.21276,
          47.80362
        ]
      },
      "properties": {
        "frp": 1.11,
        "acq_date": "2026-09-29",
        "acq_time": "2331",
        "satellite": "N20",
        "brightness": null,
        "NAME_1": "Zaporizhia",
        "locality": "Zaporiz'ka"
      }
    },
    {
      "type": "Feature",
      "geometry": {
        "type": "Point",
        "coordinates": [
          33.43672,
          47.8738
        ]
      },
      "properties": {
        "frp": 1.09,
        "acq_date": "2026-09-29",
        "acq_time": "2331",
        "satellite": "N20",
        "brightness": null,
        "NAME_1": "Dnipropetrovs'k",
        "locality": "KryvyiRig"
      }
    },
    {
      "type": "Feature",
      "geometry": {
        "type": "Point",
        "coordinates": [
          33.41591,
          47.87598
        ]
      },
      "properties": {
        "frp": 1.12,
        "acq_date": "2026-09-29",
        "acq_time": "2331",
        "satellite": "N20",
        "brightness": null,
        "NAME_1": "Dnipropetrovs'k",
        "locality": "KryvyiRig"
      }
    },
    {
      "type": "Feature",
      "geometry": {
        "type": "Point",
        "coordinates": [
          36.84915,
          48.00694
        ]
      },
      "properties": {
        "frp": 0.54,
        "acq_date": "2026-09-29",
        "acq_time": "2331",
        "satellite": "N20",
        "brightness": null,
        "NAME_1": "Donets'k",
        "locality": "Velykonovosilkivs'kyi"
      }
    },
    {
      "type": "Feature",
      "geometry": {
        "type": "Point",
        "coordinates": [
          36.85015,
          48.01033
        ]
      },
      "properties": {
        "frp": 0.53,
        "acq_date": "2026-09-29",
        "acq_time": "2331",
        "satellite": "N20",
        "brightness": null,
        "NAME_1": "Donets'k",
        "locality": "Velykonovosilkivs'kyi"
      }
    },
    {
      "type": "Feature",
      "geometry": {
        "type": "Point",
        "coordinates": [
          37.95265,
          48.06106
        ]
      },
      "properties": {
        "frp": 0.79,
        "acq_date": "2026-09-29",
        "acq_time": "2331",
        "satellite": "N20",
        "brightness": null,
        "NAME_1": "Donets'k",
        "locality": "Maki\u2039vs'ka"
      }
    },
    {
      "type": "Feature",
      "geometry": {
        "type": "Point",
        "coordinates": [
          30.02121,
          48.13781
        ]
      },
      "properties": {
        "frp": 1.2,
        "acq_date": "2026-09-29",
        "acq_time": "2331",
        "satellite": "N20",
        "brightness": null,
        "NAME_1": "Odessa",
        "locality": "Savrans'kyi"
      }
    },
    {
      "type": "Feature",
      "geometry": {
        "type": "Point",
        "coordinates": [
          37.31205,
          48.15116
        ]
      },
      "properties": {
        "frp": 0.97,
        "acq_date": "2026-09-29",
        "acq_time": "2331",
        "satellite": "N20",
        "brightness": null,
        "NAME_1": "Donets'k",
        "locality": "Novohrodivs'ka"
      }
    },
    {
      "type": "Feature",
      "geometry": {
        "type": "Point",
        "coordinates": [
          37.60007,
          48.24787
        ]
      },
      "properties": {
        "frp": 2.15,
        "acq_date": "2026-09-29",
        "acq_time": "2331",
        "satellite": "N20",
        "brightness": null,
        "NAME_1": "Donets'k",
        "locality": "Iasynuvats'kyi"
      }
    },
    {
      "type": "Feature",
      "geometry": {
        "type": "Point",
        "coordinates": [
          37.25423,
          48.35584
        ]
      },
      "properties": {
        "frp": 0.78,
        "acq_date": "2026-09-29",
        "acq_time": "2331",
        "satellite": "N20",
        "brightness": null,
        "NAME_1": "Donets'k",
        "locality": "Krasnoarmiis'kyi"
      }
    },
    {
      "type": "Feature",
      "geometry": {
        "type": "Point",
        "coordinates": [
          37.26173,
          48.36182
        ]
      },
      "properties": {
        "frp": 0.51,
        "acq_date": "2026-09-29",
        "acq_time": "2331",
        "satellite": "N20",
        "brightness": null,
        "NAME_1": "Donets'k",
        "locality": "Krasnoarmiis'kyi"
      }
    },
    {
      "type": "Feature",
      "geometry": {
        "type": "Point",
        "coordinates": [
          34.62923,
          48.47161
        ]
      },
      "properties": {
        "frp": 1.68,
        "acq_date": "2026-09-29",
        "acq_time": "2331",
        "satellite": "N20",
        "brightness": null,
        "NAME_1": "Dnipropetrovs'k",
        "locality": "Dniprodzerzhyns'ka"
      }
    },
    {
      "type": "Feature",
      "geometry": {
        "type": "Point",
        "coordinates": [
          34.64417,
          48.53266
        ]
      },
      "properties": {
        "frp": 1.93,
        "acq_date": "2026-09-29",
        "acq_time": "2331",
        "satellite": "N20",
        "brightness": null,
        "NAME_1": "Dnipropetrovs'k",
        "locality": "Petrykivs'kyi"
      }
    },
    {
      "type": "Feature",
      "geometry": {
        "type": "Point",
        "coordinates": [
          34.65081,
          48.53293
        ]
      },
      "properties": {
        "frp": 1.56,
        "acq_date": "2026-09-29",
        "acq_time": "2331",
        "satellite": "N20",
        "brightness": null,
        "NAME_1": "Dnipropetrovs'k",
        "locality": "Petrykivs'kyi"
      }
    },
    {
      "type": "Feature",
      "geometry": {
        "type": "Point",
        "coordinates": [
          34.64437,
          48.53367
        ]
      },
      "properties": {
        "frp": 1.17,
        "acq_date": "2026-09-29",
        "acq_time": "2331",
        "satellite": "N20",
        "brightness": null,
        "NAME_1": "Dnipropetrovs'k",
        "locality": "Petrykivs'kyi"
      }
    },
    {
      "type": "Feature",
      "geometry": {
        "type": "Point",
        "coordinates": [
          37.54178,
          48.60054
        ]
      },
      "properties": {
        "frp": 0.56,
        "acq_date": "2026-09-29",
        "acq_time": "2331",
        "satellite": "N20",
        "brightness": null,
        "NAME_1": "Donets'k",
        "locality": "Kramators'ka"
      }
    },
    {
      "type": "Feature",
      "geometry": {
        "type": "Point",
        "coordinates": [
          37.54216,
          48.60118
        ]
      },
      "properties": {
        "frp": 0.64,
        "acq_date": "2026-09-29",
        "acq_time": "2331",
        "satellite": "N20",
        "brightness": null,
        "NAME_1": "Donets'k",
        "locality": "Kramators'ka"
      }
    },
    {
      "type": "Feature",
      "geometry": {
        "type": "Point",
        "coordinates": [
          24.70539,
          48.97382
        ]
      },
      "properties": {
        "frp": 0.74,
        "acq_date": "2026-09-29",
        "acq_time": "2331",
        "satellite": "N20",
        "brightness": null,
        "NAME_1": "Ivano-Frankivs'k",
        "locality": "Tysmenyts'kyi"
      }
    },
    {
      "type": "Feature",
      "geometry": {
        "type": "Point",
        "coordinates": [
          24.70622,
          48.97905
        ]
      },
      "properties": {
        "frp": 1.86,
        "acq_date": "2026-09-29",
        "acq_time": "2331",
        "satellite": "N20",
        "brightness": null,
        "NAME_1": "Ivano-Frankivs'k",
        "locality": "Tysmenyts'kyi"
      }
    },
    {
      "type": "Feature",
      "geometry": {
        "type": "Point",
        "coordinates": [
          24.70569,
          48.97958
        ]
      },
      "properties": {
        "frp": 0.74,
        "acq_date": "2026-09-29",
        "acq_time": "2331",
        "satellite": "N20",
        "brightness": null,
        "NAME_1": "Ivano-Frankivs'k",
        "locality": "Tysmenyts'kyi"
      }
    },
    {
      "type": "Feature",
      "geometry": {
        "type": "Point",
        "coordinates": [
          37.81533,
          48.9845
        ]
      },
      "properties": {
        "frp": 0.57,
        "acq_date": "2026-09-29",
        "acq_time": "2331",
        "satellite": "N20",
        "brightness": null,
        "NAME_1": "Donets'k",
        "locality": "Krasnolymans'kyi"
      }
    },
    {
      "type": "Feature",
      "geometry": {
        "type": "Point",
        "coordinates": [
          35.03646,
          49.28875
        ]
      },
      "properties": {
        "frp": 0.52,
        "acq_date": "2026-09-29",
        "acq_time": "2331",
        "satellite": "N20",
        "brightness": null,
        "NAME_1": "Kharkiv",
        "locality": "Zachepylivs'kyi"
      }
    },
    {
      "type": "Feature",
      "geometry": {
        "type": "Point",
        "coordinates": [
          34.40672,
          49.41901
        ]
      },
      "properties": {
        "frp": 1.24,
        "acq_date": "2026-09-29",
        "acq_time": "2331",
        "satellite": "N20",
        "brightness": null,
        "NAME_1": "Poltava",
        "locality": "Novosanzhars'kyi"
      }
    },
    {
      "type": "Feature",
      "geometry": {
        "type": "Point",
        "coordinates": [
          34.40635,
          49.41965
        ]
      },
      "properties": {
        "frp": 1.76,
        "acq_date": "2026-09-29",
        "acq_time": "2331",
        "satellite": "N20",
        "brightness": null,
        "NAME_1": "Poltava",
        "locality": "Novosanzhars'kyi"
      }
    },
    {
      "type": "Feature",
      "geometry": {
        "type": "Point",
        "coordinates": [
          36.06243,
          49.81418
        ]
      },
      "properties": {
        "frp": 0.52,
        "acq_date": "2026-09-29",
        "acq_time": "2331",
        "satellite": "N20",
        "brightness": null,
        "NAME_1": "Kharkiv",
        "locality": "Kharkivs'kyi"
      }
    },
    {
      "type": "Feature",
      "geometry": {
        "type": "Point",
        "coordinates": [
          36.07416,
          50.27119
        ]
      },
      "properties": {
        "frp": 1.06,
        "acq_date": "2026-09-29",
        "acq_time": "2331",
        "satellite": "N20",
        "brightness": null,
        "NAME_1": "Kharkiv",
        "locality": "Zolochivs'kyi"
      }
    },
    {
      "type": "Feature",
      "geometry": {
        "type": "Point",
        "coordinates": [
          30.48064,
          50.48617
        ]
      },
      "properties": {
        "frp": 1.6,
        "acq_date": "2026-09-29",
        "acq_time": "2331",
        "satellite": "N20",
        "brightness": null,
        "NAME_1": "Kiev City",
        "locality": "Podil's'kyi"
      }
    },
    {
      "type": "Feature",
      "geometry": {
        "type": "Point",
        "coordinates": [
          26.25608,
          50.54581
        ]
      },
      "properties": {
        "frp": 1.33,
        "acq_date": "2026-09-29",
        "acq_time": "2331",
        "satellite": "N20",
        "brightness": null,
        "NAME_1": "Rivne",
        "locality": "Zdolbunivs'kyi"
      }
    },
    {
      "type": "Feature",
      "geometry": {
        "type": "Point",
        "coordinates": [
          36.602,
          50.61537
        ]
      },
      "properties": {
        "frp": 0.79,
        "acq_date": "2026-09-29",
        "acq_time": "2331",
        "satellite": "N20",
        "brightness": null,
        "NAME_1": "Belgorod",
        "locality": "Belgorod"
      }
    },
    {
      "type": "Feature",
      "geometry": {
        "type": "Point",
        "coordinates": [
          35.4472,
          50.99921
        ]
      },
      "properties": {
        "frp": 1.1,
        "acq_date": "2026-09-29",
        "acq_time": "2331",
        "satellite": "N20",
        "brightness": null,
        "NAME_1": "Belgorod",
        "locality": "Krasnoyaruzhskiy rayon"
      }
    },
    {
      "type": "Feature",
      "geometry": {
        "type": "Point",
        "coordinates": [
          37.76287,
          51.25771
        ]
      },
      "properties": {
        "frp": 1.53,
        "acq_date": "2026-09-29",
        "acq_time": "2331",
        "satellite": "N20",
        "brightness": null,
        "NAME_1": "Belgorod",
        "locality": "Starooskol'skiy rayon"
      }
    },
    {
      "type": "Feature",
      "geometry": {
        "type": "Point",
        "coordinates": [
          37.76398,
          51.26112
        ]
      },
      "properties": {
        "frp": 1.03,
        "acq_date": "2026-09-29",
        "acq_time": "2331",
        "satellite": "N20",
        "brightness": null,
        "NAME_1": "Belgorod",
        "locality": "Starooskol'skiy rayon"
      }
    },
    {
      "type": "Feature",
      "geometry": {
        "type": "Point",
        "coordinates": [
          29.33643,
          51.89132
        ]
      },
      "properties": {
        "frp": 1.05,
        "acq_date": "2026-09-29",
        "acq_time": "2331",
        "satellite": "N20",
        "brightness": null,
        "NAME_1": "Gomel",
        "locality": "Mazyr"
      }
    },
    {
      "type": "Feature",
      "geometry": {
        "type": "Point",
        "coordinates": [
          29.33717,
          51.8961
        ]
      },
      "properties": {
        "frp": 1.34,
        "acq_date": "2026-09-29",
        "acq_time": "2331",
        "satellite": "N20",
        "brightness": null,
        "NAME_1": "Gomel",
        "locality": "Mazyr"
      }
    },
    {
      "type": "Feature",
      "geometry": {
        "type": "Point",
        "coordinates": [
          34.13728,
          52.1468
        ]
      },
      "properties": {
        "frp": 1.5,
        "acq_date": "2026-09-29",
        "acq_time": "2331",
        "satellite": "N20",
        "brightness": null,
        "NAME_1": "Bryansk",
        "locality": "Sevskiy rayon"
      }
    },
    {
      "type": "Feature",
      "geometry": {
        "type": "Point",
        "coordinates": [
          34.13828,
          52.15069
        ]
      },
      "properties": {
        "frp": 1.5,
        "acq_date": "2026-09-29",
        "acq_time": "2331",
        "satellite": "N20",
        "brightness": null,
        "NAME_1": "Bryansk",
        "locality": "Sevskiy rayon"
      }
    },
    {
      "type": "Feature",
      "geometry": {
        "type": "Point",
        "coordinates": [
          32.66073,
          52.35465
        ]
      },
      "properties": {
        "frp": 1.33,
        "acq_date": "2026-09-29",
        "acq_time": "2331",
        "satellite": "N20",
        "brightness": null,
        "NAME_1": "Bryansk",
        "locality": "Starodubskiy rayon"
      }
    },
    {
      "type": "Feature",
      "geometry": {
        "type": "Point",
        "coordinates": [
          32.56711,
          52.35815
        ]
      },
      "properties": {
        "frp": 0.57,
        "acq_date": "2026-09-29",
        "acq_time": "2331",
        "satellite": "N20",
        "brightness": null,
        "NAME_1": "Bryansk",
        "locality": "Starodubskiy rayon"
      }
    },
    {
      "type": "Feature",
      "geometry": {
        "type": "Point",
        "coordinates": [
          33.48635,
          52.38599
        ]
      },
      "properties": {
        "frp": 0.67,
        "acq_date": "2026-09-29",
        "acq_time": "2331",
        "satellite": "N20",
        "brightness": null,
        "NAME_1": "Bryansk",
        "locality": "Trubchevskiy rayon"
      }
    },
    {
      "type": "Feature",
      "geometry": {
        "type": "Point",
        "coordinates": [
          39.63092,
          52.53787
        ]
      },
      "properties": {
        "frp": 3.06,
        "acq_date": "2026-09-30",
        "acq_time": "109",
        "satellite": "N20",
        "brightness": null,
        "NAME_1": "Lipetsk",
        "locality": "Lipetskiy rayon"
      }
    },
    {
      "type": "Feature",
      "geometry": {
        "type": "Point",
        "coordinates": [
          39.63241,
          52.54033
        ]
      },
      "properties": {
        "frp": 3.99,
        "acq_date": "2026-09-30",
        "acq_time": "109",
        "satellite": "N20",
        "brightness": null,
        "NAME_1": "Lipetsk",
        "locality": "Lipetsk"
      }
    },
    {
      "type": "Feature",
      "geometry": {
        "type": "Point",
        "coordinates": [
          39.62236,
          52.54131
        ]
      },
      "properties": {
        "frp": 3.06,
        "acq_date": "2026-09-30",
        "acq_time": "109",
        "satellite": "N20",
        "brightness": null,
        "NAME_1": "Lipetsk",
        "locality": "Lipetsk"
      }
    },
    {
      "type": "Feature",
      "geometry": {
        "type": "Point",
        "coordinates": [
          39.62386,
          52.54381
        ]
      },
      "properties": {
        "frp": 3.75,
        "acq_date": "2026-09-30",
        "acq_time": "109",
        "satellite": "N20",
        "brightness": null,
        "NAME_1": "Lipetsk",
        "locality": "Lipetsk"
      }
    },
    {
      "type": "Feature",
      "geometry": {
        "type": "Point",
        "coordinates": [
          39.57512,
          52.55538
        ]
      },
      "properties": {
        "frp": 8.98,
        "acq_date": "2026-09-30",
        "acq_time": "109",
        "satellite": "N20",
        "brightness": null,
        "NAME_1": "Lipetsk",
        "locality": "Lipetsk"
      }
    },
    {
      "type": "Feature",
      "geometry": {
        "type": "Point",
        "coordinates": [
          39.57963,
          52.55846
        ]
      },
      "properties": {
        "frp": 9.98,
        "acq_date": "2026-09-30",
        "acq_time": "109",
        "satellite": "N20",
        "brightness": null,
        "NAME_1": "Lipetsk",
        "locality": "Lipetsk"
      }
    },
    {
      "type": "Feature",
      "geometry": {
        "type": "Point",
        "coordinates": [
          39.56696,
          52.5587
        ]
      },
      "properties": {
        "frp": 15.76,
        "acq_date": "2026-09-30",
        "acq_time": "109",
        "satellite": "N20",
        "brightness": null,
        "NAME_1": "Lipetsk",
        "locality": "Lipetsk"
      }
    },
    {
      "type": "Feature",
      "geometry": {
        "type": "Point",
        "coordinates": [
          39.57138,
          52.56176
        ]
      },
      "properties": {
        "frp": 9.98,
        "acq_date": "2026-09-30",
        "acq_time": "109",
        "satellite": "N20",
        "brightness": null,
        "NAME_1": "Lipetsk",
        "locality": "Lipetsk"
      }
    },
    {
      "type": "Feature",
      "geometry": {
        "type": "Point",
        "coordinates": [
          24.70996,
          48.97425
        ]
      },
      "properties": {
        "frp": 2.26,
        "acq_date": "2026-09-30",
        "acq_time": "111",
        "satellite": "N20",
        "brightness": null,
        "NAME_1": "Ivano-Frankivs'k",
        "locality": "Tysmenyts'kyi"
      }
    },
    {
      "type": "Feature",
      "geometry": {
        "type": "Point",
        "coordinates": [
          34.40218,
          49.41825
        ]
      },
      "properties": {
        "frp": 1.54,
        "acq_date": "2026-09-30",
        "acq_time": "111",
        "satellite": "N20",
        "brightness": null,
        "NAME_1": "Poltava",
        "locality": "Novosanzhars'kyi"
      }
    },
    {
      "type": "Feature",
      "geometry": {
        "type": "Point",
        "coordinates": [
          30.57215,
          50.37957
        ]
      },
      "properties": {
        "frp": 1.11,
        "acq_date": "2026-09-30",
        "acq_time": "111",
        "satellite": "N20",
        "brightness": null,
        "NAME_1": "Kiev City",
        "locality": "Holosi\u00efvs'kyi"
      }
    },
    {
      "type": "Feature",
      "geometry": {
        "type": "Point",
        "coordinates": [
          30.57586,
          50.38446
        ]
      },
      "properties": {
        "frp": 1.32,
        "acq_date": "2026-09-30",
        "acq_time": "111",
        "satellite": "N20",
        "brightness": null,
        "NAME_1": "Kiev City",
        "locality": "Holosi\u00efvs'kyi"
      }
    },
    {
      "type": "Feature",
      "geometry": {
        "type": "Point",
        "coordinates": [
          26.25835,
          50.54409
        ]
      },
      "properties": {
        "frp": 1.62,
        "acq_date": "2026-09-30",
        "acq_time": "111",
        "satellite": "N20",
        "brightness": null,
        "NAME_1": "Rivne",
        "locality": "Zdolbunivs'kyi"
      }
    },
    {
      "type": "Feature",
      "geometry": {
        "type": "Point",
        "coordinates": [
          30.53033,
          50.58052
        ]
      },
      "properties": {
        "frp": 0.72,
        "acq_date": "2026-09-30",
        "acq_time": "111",
        "satellite": "N20",
        "brightness": null,
        "NAME_1": "Kiev",
        "locality": "Vyshhorods'kyi"
      }
    },
    {
      "type": "Feature",
      "geometry": {
        "type": "Point",
        "coordinates": [
          23.55107,
          51.13927
        ]
      },
      "properties": {
        "frp": 1.09,
        "acq_date": "2026-09-30",
        "acq_time": "111",
        "satellite": "N20",
        "brightness": null,
        "NAME_1": "",
        "locality": ""
      }
    },
    {
      "type": "Feature",
      "geometry": {
        "type": "Point",
        "coordinates": [
          23.55233,
          51.14059
        ]
      },
      "properties": {
        "frp": 1.3,
        "acq_date": "2026-09-30",
        "acq_time": "111",
        "satellite": "N20",
        "brightness": null,
        "NAME_1": "",
        "locality": ""
      }
    },
    {
      "type": "Feature",
      "geometry": {
        "type": "Point",
        "coordinates": [
          22.42511,
          44.8774
        ]
      },
      "properties": {
        "frp": 1.35,
        "acq_date": "2026-09-30",
        "acq_time": "113",
        "satellite": "N20",
        "brightness": null,
        "NAME_1": "",
        "locality": ""
      }
    },
    {
      "type": "Feature",
      "geometry": {
        "type": "Point",
        "coordinates": [
          22.42324,
          44.88263
        ]
      },
      "properties": {
        "frp": 1.27,
        "acq_date": "2026-09-30",
        "acq_time": "113",
        "satellite": "N20",
        "brightness": null,
        "NAME_1": "",
        "locality": ""
      }
    },
    {
      "type": "Feature",
      "geometry": {
        "type": "Point",
        "coordinates": [
          25.41772,
          45.12196
        ]
      },
      "properties": {
        "frp": 1.24,
        "acq_date": "2026-09-30",
        "acq_time": "113",
        "satellite": "N20",
        "brightness": null,
        "NAME_1": "",
        "locality": ""
      }
    },
    {
      "type": "Feature",
      "geometry": {
        "type": "Point",
        "coordinates": [
          31.67071,
          45.25613
        ]
      },
      "properties": {
        "frp": 4.46,
        "acq_date": "2026-09-30",
        "acq_time": "113",
        "satellite": "N20",
        "brightness": null,
        "NAME_1": "",
        "locality": ""
      }
    },
    {
      "type": "Feature",
      "geometry": {
        "type": "Point",
        "coordinates": [
          31.66347,
          45.25863
        ]
      },
      "properties": {
        "frp": 4.46,
        "acq_date": "2026-09-30",
        "acq_time": "113",
        "satellite": "N20",
        "brightness": null,
        "NAME_1": "",
        "locality": ""
      }
    },
    {
      "type": "Feature",
      "geometry": {
        "type": "Point",
        "coordinates": [
          25.27878,
          45.95103
        ]
      },
      "properties": {
        "frp": 1.92,
        "acq_date": "2026-09-30",
        "acq_time": "113",
        "satellite": "N20",
        "brightness": null,
        "NAME_1": "",
        "locality": ""
      }
    },
    {
      "type": "Feature",
      "geometry": {
        "type": "Point",
        "coordinates": [
          29.88122,
          46.05458
        ]
      },
      "properties": {
        "frp": 3.48,
        "acq_date": "2026-09-30",
        "acq_time": "113",
        "satellite": "N20",
        "brightness": null,
        "NAME_1": "Odessa",
        "locality": "Sarats'kyi"
      }
    },
    {
      "type": "Feature",
      "geometry": {
        "type": "Point",
        "coordinates": [
          29.8831,
          46.05716
        ]
      },
      "properties": {
        "frp": 3.05,
        "acq_date": "2026-09-30",
        "acq_time": "113",
        "satellite": "N20",
        "brightness": null,
        "NAME_1": "Odessa",
        "locality": "Sarats'kyi"
      }
    },
    {
      "type": "Feature",
      "geometry": {
        "type": "Point",
        "coordinates": [
          28.78272,
          46.30512
        ]
      },
      "properties": {
        "frp": 0.47,
        "acq_date": "2026-09-30",
        "acq_time": "113",
        "satellite": "N20",
        "brightness": null,
        "NAME_1": "",
        "locality": ""
      }
    },
    {
      "type": "Feature",
      "geometry": {
        "type": "Point",
        "coordinates": [
          37.93232,
          51.14072
        ]
      },
      "properties": {
        "frp": 4.49,
        "acq_date": "2026-09-26",
        "acq_time": "26",
        "satellite": "N",
        "brightness": null,
        "NAME_1": "Belgorod",
        "locality": "Starooskol'skiy rayon"
      }
    },
    {
      "type": "Feature",
      "geometry": {
        "type": "Point",
        "coordinates": [
          37.92656,
          51.14215
        ]
      },
      "properties": {
        "frp": 3.65,
        "acq_date": "2026-09-26",
        "acq_time": "26",
        "satellite": "N",
        "brightness": null,
        "NAME_1": "Belgorod",
        "locality": "Starooskol'skiy rayon"
      }
    },
    {
      "type": "Feature",
      "geometry": {
        "type": "Point",
        "coordinates": [
          37.94231,
          51.15659
        ]
      },
      "properties": {
        "frp": 1.18,
        "acq_date": "2026-09-26",
        "acq_time": "26",
        "satellite": "N",
        "brightness": null,
        "NAME_1": "Belgorod",
        "locality": "Starooskol'skiy rayon"
      }
    },
    {
      "type": "Feature",
      "geometry": {
        "type": "Point",
        "coordinates": [
          37.76575,
          51.25909
        ]
      },
      "properties": {
        "frp": 0.88,
        "acq_date": "2026-09-26",
        "acq_time": "26",
        "satellite": "N",
        "brightness": null,
        "NAME_1": "Belgorod",
        "locality": "Starooskol'skiy rayon"
      }
    },
    {
      "type": "Feature",
      "geometry": {
        "type": "Point",
        "coordinates": [
          37.76595,
          51.25954
        ]
      },
      "properties": {
        "frp": 1.15,
        "acq_date": "2026-09-26",
        "acq_time": "26",
        "satellite": "N",
        "brightness": null,
        "NAME_1": "Belgorod",
        "locality": "Starooskol'skiy rayon"
      }
    },
    {
      "type": "Feature",
      "geometry": {
        "type": "Point",
        "coordinates": [
          39.62922,
          52.53182
        ]
      },
      "properties": {
        "frp": 2.39,
        "acq_date": "2026-09-26",
        "acq_time": "26",
        "satellite": "N",
        "brightness": null,
        "NAME_1": "Lipetsk",
        "locality": "Lipetskiy rayon"
      }
    },
    {
      "type": "Feature",
      "geometry": {
        "type": "Point",
        "coordinates": [
          39.63205,
          52.53584
        ]
      },
      "properties": {
        "frp": 2.39,
        "acq_date": "2026-09-26",
        "acq_time": "26",
        "satellite": "N",
        "brightness": null,
        "NAME_1": "Lipetsk",
        "locality": "Lipetskiy rayon"
      }
    },
    {
      "type": "Feature",
      "geometry": {
        "type": "Point",
        "coordinates": [
          39.6132,
          52.54072
        ]
      },
      "properties": {
        "frp": 0.91,
        "acq_date": "2026-09-26",
        "acq_time": "26",
        "satellite": "N",
        "brightness": null,
        "NAME_1": "Lipetsk",
        "locality": "Lipetsk"
      }
    },
    {
      "type": "Feature",
      "geometry": {
        "type": "Point",
        "coordinates": [
          39.62225,
          52.54314
        ]
      },
      "properties": {
        "frp": 2.69,
        "acq_date": "2026-09-26",
        "acq_time": "26",
        "satellite": "N",
        "brightness": null,
        "NAME_1": "Lipetsk",
        "locality": "Lipetsk"
      }
    },
    {
      "type": "Feature",
      "geometry": {
        "type": "Point",
        "coordinates": [
          39.63767,
          52.54392
        ]
      },
      "properties": {
        "frp": 0.53,
        "acq_date": "2026-09-26",
        "acq_time": "26",
        "satellite": "N",
        "brightness": null,
        "NAME_1": "Lipetsk",
        "locality": "Lipetsk"
      }
    },
    {
      "type": "Feature",
      "geometry": {
        "type": "Point",
        "coordinates": [
          39.61599,
          52.54476
        ]
      },
      "properties": {
        "frp": 0.8,
        "acq_date": "2026-09-26",
        "acq_time": "26",
        "satellite": "N",
        "brightness": null,
        "NAME_1": "Lipetsk",
        "locality": "Lipetsk"
      }
    },
    {
      "type": "Feature",
      "geometry": {
        "type": "Point",
        "coordinates": [
          39.64046,
          52.54795
        ]
      },
      "properties": {
        "frp": 2.3,
        "acq_date": "2026-09-26",
        "acq_time": "26",
        "satellite": "N",
        "brightness": null,
        "NAME_1": "Lipetsk",
        "locality": "Lipetsk"
      }
    },
    {
      "type": "Feature",
      "geometry": {
        "type": "Point",
        "coordinates": [
          39.56919,
          52.55209
        ]
      },
      "properties": {
        "frp": 1.68,
        "acq_date": "2026-09-26",
        "acq_time": "26",
        "satellite": "N",
        "brightness": null,
        "NAME_1": "Lipetsk",
        "locality": "Lipetskiy rayon"
      }
    },
    {
      "type": "Feature",
      "geometry": {
        "type": "Point",
        "coordinates": [
          39.59352,
          52.55531
        ]
      },
      "properties": {
        "frp": 1.69,
        "acq_date": "2026-09-26",
        "acq_time": "26",
        "satellite": "N",
        "brightness": null,
        "NAME_1": "Lipetsk",
        "locality": "Lipetsk"
      }
    },
    {
      "type": "Feature",
      "geometry": {
        "type": "Point",
        "coordinates": [
          39.60892,
          52.55609
        ]
      },
      "properties": {
        "frp": 1.55,
        "acq_date": "2026-09-26",
        "acq_time": "26",
        "satellite": "N",
        "brightness": null,
        "NAME_1": "Lipetsk",
        "locality": "Lipetsk"
      }
    },
    {
      "type": "Feature",
      "geometry": {
        "type": "Point",
        "coordinates": [
          39.57202,
          52.5561
        ]
      },
      "properties": {
        "frp": 1.59,
        "acq_date": "2026-09-26",
        "acq_time": "26",
        "satellite": "N",
        "brightness": null,
        "NAME_1": "Lipetsk",
        "locality": "Lipetskiy rayon"
      }
    },
    {
      "type": "Feature",
      "geometry": {
        "type": "Point",
        "coordinates": [
          39.59634,
          52.55933
        ]
      },
      "properties": {
        "frp": 0.93,
        "acq_date": "2026-09-26",
        "acq_time": "26",
        "satellite": "N",
        "brightness": null,
        "NAME_1": "Lipetsk",
        "locality": "Lipetsk"
      }
    },
    {
      "type": "Feature",
      "geometry": {
        "type": "Point",
        "coordinates": [
          39.59916,
          52.56336
        ]
      },
      "properties": {
        "frp": 0.93,
        "acq_date": "2026-09-26",
        "acq_time": "26",
        "satellite": "N",
        "brightness": null,
        "NAME_1": "Lipetsk",
        "locality": "Lipetsk"
      }
    },
    {
      "type": "Feature",
      "geometry": {
        "type": "Point",
        "coordinates": [
          39.70443,
          52.56483
        ]
      },
      "properties": {
        "frp": 1.38,
        "acq_date": "2026-09-26",
        "acq_time": "26",
        "satellite": "N",
        "brightness": null,
        "NAME_1": "Lipetsk",
        "locality": "Lipetskiy rayon"
      }
    },
    {
      "type": "Feature",
      "geometry": {
        "type": "Point",
        "coordinates": [
          39.69812,
          52.56646
        ]
      },
      "properties": {
        "frp": 1.38,
        "acq_date": "2026-09-26",
        "acq_time": "26",
        "satellite": "N",
        "brightness": null,
        "NAME_1": "Lipetsk",
        "locality": "Lipetskiy rayon"
      }
    },
    {
      "type": "Feature",
      "geometry": {
        "type": "Point",
        "coordinates": [
          37.80934,
          44.7364
        ]
      },
      "properties": {
        "frp": 1.99,
        "acq_date": "2026-09-26",
        "acq_time": "28",
        "satellite": "N",
        "brightness": null,
        "NAME_1": "Krasnodar",
        "locality": "Gelendzhik gorsovet"
      }
    },
    {
      "type": "Feature",
      "geometry": {
        "type": "Point",
        "coordinates": [
          33.86295,
          44.77388
        ]
      },
      "properties": {
        "frp": 0.94,
        "acq_date": "2026-09-26",
        "acq_time": "28",
        "satellite": "N",
        "brightness": null,
        "NAME_1": "Crimea",
        "locality": "Bakhchysarais'kyi"
      }
    },
    {
      "type": "Feature",
      "geometry": {
        "type": "Point",
        "coordinates": [
          37.67384,
          44.83833
        ]
      },
      "properties": {
        "frp": 1.78,
        "acq_date": "2026-09-26",
        "acq_time": "28",
        "satellite": "N",
        "brightness": null,
        "NAME_1": "Krasnodar",
        "locality": "Novorossiysk gorsovet"
      }
    },
    {
      "type": "Feature",
      "geometry": {
        "type": "Point",
        "coordinates": [
          38.11915,
          44.88509
        ]
      },
      "properties": {
        "frp": 0.75,
        "acq_date": "2026-09-26",
        "acq_time": "28",
        "satellite": "N",
        "brightness": null,
        "NAME_1": "Krasnodar",
        "locality": "Abinskiy rayon"
      }
    },
    {
      "type": "Feature",
      "geometry": {
        "type": "Point",
        "coordinates": [
          25.41756,
          45.12381
        ]
      },
      "properties": {
        "frp": 1.34,
        "acq_date": "2026-09-26",
        "acq_time": "28",
        "satellite": "N",
        "brightness": null,
        "NAME_1": "",
        "locality": ""
      }
    },
    {
      "type": "Feature",
      "geometry": {
        "type": "Point",
        "coordinates": [
          31.67266,
          45.25713
        ]
      },
      "properties": {
        "frp": 5.2,
        "acq_date": "2026-09-26",
        "acq_time": "28",
        "satellite": "N",
        "brightness": null,
        "NAME_1": "",
        "locality": ""
      }
    },
    {
      "type": "Feature",
      "geometry": {
        "type": "Point",
        "coordinates": [
          30.9043,
          45.35578
        ]
      },
      "properties": {
        "frp": 1.53,
        "acq_date": "2026-09-26",
        "acq_time": "28",
        "satellite": "N",
        "brightness": null,
        "NAME_1": "",
        "locality": ""
      }
    },
    {
      "type": "Feature",
      "geometry": {
        "type": "Point",
        "coordinates": [
          30.10217,
          46.43225
        ]
      },
      "properties": {
        "frp": 1.03,
        "acq_date": "2026-09-26",
        "acq_time": "28",
        "satellite": "N",
        "brightness": null,
        "NAME_1": "",
        "locality": ""
      }
    },
    {
      "type": "Feature",
      "geometry": {
        "type": "Point",
        "coordinates": [
          30.09669,
          46.4333
        ]
      },
      "properties": {
        "frp": 1.03,
        "acq_date": "2026-09-26",
        "acq_time": "28",
        "satellite": "N",
        "brightness": null,
        "NAME_1": "",
        "locality": ""
      }
    },
    {
      "type": "Feature",
      "geometry": {
        "type": "Point",
        "coordinates": [
          38.47604,
          47.83082
        ]
      },
      "properties": {
        "frp": 0.76,
        "acq_date": "2026-09-26",
        "acq_time": "28",
        "satellite": "N",
        "brightness": null,
        "NAME_1": "Donets'k",
        "locality": "Amvrosi\u2039vs'kyi"
      }
    },
    {
      "type": "Feature",
      "geometry": {
        "type": "Point",
        "coordinates": [
          35.72606,
          47.99895
        ]
      },
      "properties": {
        "frp": 2.7,
        "acq_date": "2026-09-26",
        "acq_time": "28",
        "satellite": "N",
        "brightness": null,
        "NAME_1": "Zaporizhia",
        "locality": "Vil'nians'kyi"
      }
    },
    {
      "type": "Feature",
      "geometry": {
        "type": "Point",
        "coordinates": [
          35.72058,
          48.00027
        ]
      },
      "properties": {
        "frp": 2.7,
        "acq_date": "2026-09-26",
        "acq_time": "28",
        "satellite": "N",
        "brightness": null,
        "NAME_1": "Zaporizhia",
        "locality": "Vil'nians'kyi"
      }
    },
    {
      "type": "Feature",
      "geometry": {
        "type": "Point",
        "coordinates": [
          37.40027,
          48.12615
        ]
      },
      "properties": {
        "frp": 1.2,
        "acq_date": "2026-09-26",
        "acq_time": "28",
        "satellite": "N",
        "brightness": null,
        "NAME_1": "Donets'k",
        "locality": "Krasnoarmiis'kyi"
      }
    },
    {
      "type": "Feature",
      "geometry": {
        "type": "Point",
        "coordinates": [
          37.25518,
          48.35678
        ]
      },
      "properties": {
        "frp": 0.76,
        "acq_date": "2026-09-26",
        "acq_time": "28",
        "satellite": "N",
        "brightness": null,
        "NAME_1": "Donets'k",
        "locality": "Krasnoarmiis'kyi"
      }
    },
    {
      "type": "Feature",
      "geometry": {
        "type": "Point",
        "coordinates": [
          38.76152,
          48.46692
        ]
      },
      "properties": {
        "frp": 1.28,
        "acq_date": "2026-09-26",
        "acq_time": "28",
        "satellite": "N",
        "brightness": null,
        "NAME_1": "Luhans'k",
        "locality": "Alchevs'ka"
      }
    },
    {
      "type": "Feature",
      "geometry": {
        "type": "Point",
        "coordinates": [
          22.24444,
          48.58333
        ]
      },
      "properties": {
        "frp": 1.08,
        "acq_date": "2026-09-26",
        "acq_time": "28",
        "satellite": "N",
        "brightness": null,
        "NAME_1": "Zakarpattia",
        "locality": "Uzhhorods'kyi"
      }
    },
    {
      "type": "Feature",
      "geometry": {
        "type": "Point",
        "coordinates": [
          22.24519,
          48.58553
        ]
      },
      "properties": {
        "frp": 0.36,
        "acq_date": "2026-09-26",
        "acq_time": "28",
        "satellite": "N",
        "brightness": null,
        "NAME_1": "Zakarpattia",
        "locality": "Uzhhorods'kyi"
      }
    },
    {
      "type": "Feature",
      "geometry": {
        "type": "Point",
        "coordinates": [
          37.65165,
          48.75517
        ]
      },
      "properties": {
        "frp": 0.37,
        "acq_date": "2026-09-26",
        "acq_time": "28",
        "satellite": "N",
        "brightness": null,
        "NAME_1": "Donets'k",
        "locality": "Kramators'ka"
      }
    },
    {
      "type": "Feature",
      "geometry": {
        "type": "Point",
        "coordinates": [
          25.53936,
          50.70324
        ]
      },
      "properties": {
        "frp": 1.2,
        "acq_date": "2026-09-26",
        "acq_time": "209",
        "satellite": "N",
        "brightness": null,
        "NAME_1": "Volyn",
        "locality": "Luts'kyi"
      }
    },
    {
      "type": "Feature",
      "geometry": {
        "type": "Point",
        "coordinates": [
          25.54049,
          50.7105
        ]
      },
      "properties": {
        "frp": 0.93,
        "acq_date": "2026-09-26",
        "acq_time": "209",
        "satellite": "N",
        "brightness": null,
        "NAME_1": "Volyn",
        "locality": "Luts'kyi"
      }
    },
    {
      "type": "Feature",
      "geometry": {
        "type": "Point",
        "coordinates": [
          39.57346,
          52.55603
        ]
      },
      "properties": {
        "frp": 8.43,
        "acq_date": "2026-09-26",
        "acq_time": "837",
        "satellite": "N",
        "brightness": null,
        "NAME_1": "Lipetsk",
        "locality": "Lipetsk"
      }
    },
    {
      "type": "Feature",
      "geometry": {
        "type": "Point",
        "coordinates": [
          39.57104,
          52.56066
        ]
      },
      "properties": {
        "frp": 7.9,
        "acq_date": "2026-09-26",
        "acq_time": "837",
        "satellite": "N",
        "brightness": null,
        "NAME_1": "Lipetsk",
        "locality": "Lipetsk"
      }
    },
    {
      "type": "Feature",
      "geometry": {
        "type": "Point",
        "coordinates": [
          37.75285,
          45.16936
        ]
      },
      "properties": {
        "frp": 7.64,
        "acq_date": "2026-09-26",
        "acq_time": "1013",
        "satellite": "N",
        "brightness": null,
        "NAME_1": "Krasnodar",
        "locality": "Krymskiy rayon"
      }
    },
    {
      "type": "Feature",
      "geometry": {
        "type": "Point",
        "coordinates": [
          37.74577,
          45.17175
        ]
      },
      "properties": {
        "frp": 2.6,
        "acq_date": "2026-09-26",
        "acq_time": "1013",
        "satellite": "N",
        "brightness": null,
        "NAME_1": "Krasnodar",
        "locality": "Krymskiy rayon"
      }
    },
    {
      "type": "Feature",
      "geometry": {
        "type": "Point",
        "coordinates": [
          37.75147,
          45.17287
        ]
      },
      "properties": {
        "frp": 7.64,
        "acq_date": "2026-09-26",
        "acq_time": "1013",
        "satellite": "N",
        "brightness": null,
        "NAME_1": "Krasnodar",
        "locality": "Krymskiy rayon"
      }
    },
    {
      "type": "Feature",
      "geometry": {
        "type": "Point",
        "coordinates": [
          37.94213,
          45.18385
        ]
      },
      "properties": {
        "frp": 2.9,
        "acq_date": "2026-09-26",
        "acq_time": "1013",
        "satellite": "N",
        "brightness": null,
        "NAME_1": "Krasnodar",
        "locality": "Krymskiy rayon"
      }
    },
    {
      "type": "Feature",
      "geometry": {
        "type": "Point",
        "coordinates": [
          37.9464,
          45.18843
        ]
      },
      "properties": {
        "frp": 2.9,
        "acq_date": "2026-09-26",
        "acq_time": "1013",
        "satellite": "N",
        "brightness": null,
        "NAME_1": "Krasnodar",
        "locality": "Krymskiy rayon"
      }
    },
    {
      "type": "Feature",
      "geometry": {
        "type": "Point",
        "coordinates": [
          37.80624,
          45.23637
        ]
      },
      "properties": {
        "frp": 3.54,
        "acq_date": "2026-09-26",
        "acq_time": "1013",
        "satellite": "N",
        "brightness": null,
        "NAME_1": "Krasnodar",
        "locality": "Slavyanskiy rayon"
      }
    },
    {
      "type": "Feature",
      "geometry": {
        "type": "Point",
        "coordinates": [
          37.80488,
          45.23987
        ]
      },
      "properties": {
        "frp": 3.75,
        "acq_date": "2026-09-26",
        "acq_time": "1013",
        "satellite": "N",
        "brightness": null,
        "NAME_1": "Krasnodar",
        "locality": "Slavyanskiy rayon"
      }
    },
    {
      "type": "Feature",
      "geometry": {
        "type": "Point",
        "coordinates": [
          37.78647,
          45.24007
        ]
      },
      "properties": {
        "frp": 6.15,
        "acq_date": "2026-09-26",
        "acq_time": "1013",
        "satellite": "N",
        "brightness": null,
        "NAME_1": "Krasnodar",
        "locality": "Slavyanskiy rayon"
      }
    },
    {
      "type": "Feature",
      "geometry": {
        "type": "Point",
        "coordinates": [
          37.78972,
          45.2423
        ]
      },
      "properties": {
        "frp": 3.77,
        "acq_date": "2026-09-26",
        "acq_time": "1013",
        "satellite": "N",
        "brightness": null,
        "NAME_1": "Krasnodar",
        "locality": "Slavyanskiy rayon"
      }
    },
    {
      "type": "Feature",
      "geometry": {
        "type": "Point",
        "coordinates": [
          37.75016,
          45.24959
        ]
      },
      "properties": {
        "frp": 14.35,
        "acq_date": "2026-09-26",
        "acq_time": "1013",
        "satellite": "N",
        "brightness": null,
        "NAME_1": "Krasnodar",
        "locality": "Slavyanskiy rayon"
      }
    },
    {
      "type": "Feature",
      "geometry": {
        "type": "Point",
        "coordinates": [
          37.74309,
          45.25197
        ]
      },
      "properties": {
        "frp": 2.61,
        "acq_date": "2026-09-26",
        "acq_time": "1013",
        "satellite": "N",
        "brightness": null,
        "NAME_1": "Krasnodar",
        "locality": "Slavyanskiy rayon"
      }
    },
    {
      "type": "Feature",
      "geometry": {
        "type": "Point",
        "coordinates": [
          37.74878,
          45.25309
        ]
      },
      "properties": {
        "frp": 14.35,
        "acq_date": "2026-09-26",
        "acq_time": "1013",
        "satellite": "N",
        "brightness": null,
        "NAME_1": "Krasnodar",
        "locality": "Slavyanskiy rayon"
      }
    },
    {
      "type": "Feature",
      "geometry": {
        "type": "Point",
        "coordinates": [
          37.86018,
          45.25431
        ]
      },
      "properties": {
        "frp": 16.03,
        "acq_date": "2026-09-26",
        "acq_time": "1013",
        "satellite": "N",
        "brightness": null,
        "NAME_1": "Krasnodar",
        "locality": "Slavyanskiy rayon"
      }
    },
    {
      "type": "Feature",
      "geometry": {
        "type": "Point",
        "coordinates": [
          31.67559,
          45.25549
        ]
      },
      "properties": {
        "frp": 3.75,
        "acq_date": "2026-09-26",
        "acq_time": "1013",
        "satellite": "N",
        "brightness": null,
        "NAME_1": "",
        "locality": ""
      }
    },
    {
      "type": "Feature",
      "geometry": {
        "type": "Point",
        "coordinates": [
          37.85762,
          45.25569
        ]
      },
      "properties": {
        "frp": 10.34,
        "acq_date": "2026-09-26",
        "acq_time": "1013",
        "satellite": "N",
        "brightness": null,
        "NAME_1": "Krasnodar",
        "locality": "Slavyanskiy rayon"
      }
    },
    {
      "type": "Feature",
      "geometry": {
        "type": "Point",
        "coordinates": [
          37.86327,
          45.25679
        ]
      },
      "properties": {
        "frp": 10.34,
        "acq_date": "2026-09-26",
        "acq_time": "1013",
        "satellite": "N",
        "brightness": null,
        "NAME_1": "Krasnodar",
        "locality": "Slavyanskiy rayon"
      }
    },
    {
      "type": "Feature",
      "geometry": {
        "type": "Point",
        "coordinates": [
          37.85881,
          45.2578
        ]
      },
      "properties": {
        "frp": 6.09,
        "acq_date": "2026-09-26",
        "acq_time": "1013",
        "satellite": "N",
        "brightness": null,
        "NAME_1": "Krasnodar",
        "locality": "Slavyanskiy rayon"
      }
    },
    {
      "type": "Feature",
      "geometry": {
        "type": "Point",
        "coordinates": [
          31.67333,
          45.25994
        ]
      },
      "properties": {
        "frp": 4.83,
        "acq_date": "2026-09-26",
        "acq_time": "1013",
        "satellite": "N",
        "brightness": null,
        "NAME_1": "",
        "locality": ""
      }
    },
    {
      "type": "Feature",
      "geometry": {
        "type": "Point",
        "coordinates": [
          37.86326,
          45.46849
        ]
      },
      "properties": {
        "frp": 19.2,
        "acq_date": "2026-09-26",
        "acq_time": "1013",
        "satellite": "N",
        "brightness": null,
        "NAME_1": "Krasnodar",
        "locality": "Slavyanskiy rayon"
      }
    },
    {
      "type": "Feature",
      "geometry": {
        "type": "Point",
        "coordinates": [
          37.94012,
          45.61857
        ]
      },
      "properties": {
        "frp": 3.19,
        "acq_date": "2026-09-26",
        "acq_time": "1013",
        "satellite": "N",
        "brightness": null,
        "NAME_1": "Krasnodar",
        "locality": "Slavyanskiy rayon"
      }
    },
    {
      "type": "Feature",
      "geometry": {
        "type": "Point",
        "coordinates": [
          38.59623,
          45.70279
        ]
      },
      "properties": {
        "frp": 2.97,
        "acq_date": "2026-09-26",
        "acq_time": "1013",
        "satellite": "N",
        "brightness": null,
        "NAME_1": "Krasnodar",
        "locality": "Kalininskiy rayon"
      }
    },
    {
      "type": "Feature",
      "geometry": {
        "type": "Point",
        "coordinates": [
          38.87434,
          45.99582
        ]
      },
      "properties": {
        "frp": 2.69,
        "acq_date": "2026-09-26",
        "acq_time": "1013",
        "satellite": "N",
        "brightness": null,
        "NAME_1": "Krasnodar",
        "locality": "Bryukhovetskiy rayon"
      }
    },
    {
      "type": "Feature",
      "geometry": {
        "type": "Point",
        "coordinates": [
          39.82641,
          46.39487
        ]
      },
      "properties": {
        "frp": 4.57,
        "acq_date": "2026-09-26",
        "acq_time": "1013",
        "satellite": "N",
        "brightness": null,
        "NAME_1": "Krasnodar",
        "locality": "Krylovskiy rayon"
      }
    },
    {
      "type": "Feature",
      "geometry": {
        "type": "Point",
        "coordinates": [
          39.83149,
          46.39575
        ]
      },
      "properties": {
        "frp": 4.57,
        "acq_date": "2026-09-26",
        "acq_time": "1013",
        "satellite": "N",
        "brightness": null,
        "NAME_1": "Krasnodar",
        "locality": "Krylovskiy rayon"
      }
    },
    {
      "type": "Feature",
      "geometry": {
        "type": "Point",
        "coordinates": [
          23.73992,
          46.73386
        ]
      },
      "properties": {
        "frp": 3.99,
        "acq_date": "2026-09-26",
        "acq_time": "1013",
        "satellite": "N",
        "brightness": null,
        "NAME_1": "",
        "locality": ""
      }
    },
    {
      "type": "Feature",
      "geometry": {
        "type": "Point",
        "coordinates": [
          30.80152,
          47.52284
        ]
      },
      "properties": {
        "frp": 4.15,
        "acq_date": "2026-09-26",
        "acq_time": "1013",
        "satellite": "N",
        "brightness": null,
        "NAME_1": "Odessa",
        "locality": "Mykola\u2039vs'kyi"
      }
    },
    {
      "type": "Feature",
      "geometry": {
        "type": "Point",
        "coordinates": [
          30.79914,
          47.52716
        ]
      },
      "properties": {
        "frp": 4.15,
        "acq_date": "2026-09-26",
        "acq_time": "1013",
        "satellite": "N",
        "brightness": null,
        "NAME_1": "Odessa",
        "locality": "Mykola\u2039vs'kyi"
      }
    },
    {
      "type": "Feature",
      "geometry": {
        "type": "Point",
        "coordinates": [
          37.87363,
          48.36425
        ]
      },
      "properties": {
        "frp": 5.12,
        "acq_date": "2026-09-26",
        "acq_time": "1013",
        "satellite": "N",
        "brightness": null,
        "NAME_1": "Donets'k",
        "locality": "Dzerzhyns'ka"
      }
    },
    {
      "type": "Feature",
      "geometry": {
        "type": "Point",
        "coordinates": [
          37.87912,
          48.36526
        ]
      },
      "properties": {
        "frp": 5.19,
        "acq_date": "2026-09-26",
        "acq_time": "1013",
        "satellite": "N",
        "brightness": null,
        "NAME_1": "Donets'k",
        "locality": "Dzerzhyns'ka"
      }
    },
    {
      "type": "Feature",
      "geometry": {
        "type": "Point",
        "coordinates": [
          36.85897,
          48.39396
        ]
      },
      "properties": {
        "frp": 3.96,
        "acq_date": "2026-09-26",
        "acq_time": "1013",
        "satellite": "N",
        "brightness": null,
        "NAME_1": "Donets'k",
        "locality": "Dobropil's'kyi"
      }
    },
    {
      "type": "Feature",
      "geometry": {
        "type": "Point",
        "coordinates": [
          36.85748,
          48.39738
        ]
      },
      "properties": {
        "frp": 3.96,
        "acq_date": "2026-09-26",
        "acq_time": "1013",
        "satellite": "N",
        "brightness": null,
        "NAME_1": "Donets'k",
        "locality": "Dobropil's'kyi"
      }
    },
    {
      "type": "Feature",
      "geometry": {
        "type": "Point",
        "coordinates": [
          29.61388,
          50.52563
        ]
      },
      "properties": {
        "frp": 2.74,
        "acq_date": "2026-09-26",
        "acq_time": "1015",
        "satellite": "N",
        "brightness": null,
        "NAME_1": "Kiev",
        "locality": "Makarivs'kyi"
      }
    },
    {
      "type": "Feature",
      "geometry": {
        "type": "Point",
        "coordinates": [
          33.96252,
          52.15331
        ]
      },
      "properties": {
        "frp": 3.98,
        "acq_date": "2026-09-26",
        "acq_time": "1015",
        "satellite": "N",
        "brightness": null,
        "NAME_1": "Sumy",
        "locality": "Seredyno-Buds'kyi"
      }
    },
    {
      "type": "Feature",
      "geometry": {
        "type": "Point",
        "coordinates": [
          33.96066,
          52.15677
        ]
      },
      "properties": {
        "frp": 5.03,
        "acq_date": "2026-09-26",
        "acq_time": "1015",
        "satellite": "N",
        "brightness": null,
        "NAME_1": "Sumy",
        "locality": "Seredyno-Buds'kyi"
      }
    },
    {
      "type": "Feature",
      "geometry": {
        "type": "Point",
        "coordinates": [
          34.1025,
          52.35611
        ]
      },
      "properties": {
        "frp": 7.43,
        "acq_date": "2026-09-26",
        "acq_time": "1015",
        "satellite": "N",
        "brightness": null,
        "NAME_1": "Bryansk",
        "locality": "Suzemskiy rayon"
      }
    },
    {
      "type": "Feature",
      "geometry": {
        "type": "Point",
        "coordinates": [
          34.10066,
          52.35955
        ]
      },
      "properties": {
        "frp": 7.43,
        "acq_date": "2026-09-26",
        "acq_time": "1015",
        "satellite": "N",
        "brightness": null,
        "NAME_1": "Bryansk",
        "locality": "Suzemskiy rayon"
      }
    },
    {
      "type": "Feature",
      "geometry": {
        "type": "Point",
        "coordinates": [
          39.61639,
          52.54846
        ]
      },
      "properties": {
        "frp": 2.33,
        "acq_date": "2026-09-26",
        "acq_time": "1015",
        "satellite": "N",
        "brightness": null,
        "NAME_1": "Lipetsk",
        "locality": "Lipetsk"
      }
    },
    {
      "type": "Feature",
      "geometry": {
        "type": "Point",
        "coordinates": [
          39.57195,
          52.55561
        ]
      },
      "properties": {
        "frp": 8.86,
        "acq_date": "2026-09-26",
        "acq_time": "1015",
        "satellite": "N",
        "brightness": null,
        "NAME_1": "Lipetsk",
        "locality": "Lipetskiy rayon"
      }
    },
    {
      "type": "Feature",
      "geometry": {
        "type": "Point",
        "coordinates": [
          39.57754,
          52.55645
        ]
      },
      "properties": {
        "frp": 8.86,
        "acq_date": "2026-09-26",
        "acq_time": "1015",
        "satellite": "N",
        "brightness": null,
        "NAME_1": "Lipetsk",
        "locality": "Lipetsk"
      }
    },
    {
      "type": "Feature",
      "geometry": {
        "type": "Point",
        "coordinates": [
          39.57622,
          52.55971
        ]
      },
      "properties": {
        "frp": 8.86,
        "acq_date": "2026-09-26",
        "acq_time": "1015",
        "satellite": "N",
        "brightness": null,
        "NAME_1": "Lipetsk",
        "locality": "Lipetsk"
      }
    },
    {
      "type": "Feature",
      "geometry": {
        "type": "Point",
        "coordinates": [
          39.69908,
          52.56432
        ]
      },
      "properties": {
        "frp": 4.21,
        "acq_date": "2026-09-26",
        "acq_time": "1015",
        "satellite": "N",
        "brightness": null,
        "NAME_1": "Lipetsk",
        "locality": "Lipetskiy rayon"
      }
    },
    {
      "type": "Feature",
      "geometry": {
        "type": "Point",
        "coordinates": [
          34.38824,
          52.61838
        ]
      },
      "properties": {
        "frp": 2.63,
        "acq_date": "2026-09-26",
        "acq_time": "1015",
        "satellite": "N",
        "brightness": null,
        "NAME_1": "Bryansk",
        "locality": "Brasovskiy rayon"
      }
    },
    {
      "type": "Feature",
      "geometry": {
        "type": "Point",
        "coordinates": [
          27.10051,
          44.4462
        ]
      },
      "properties": {
        "frp": 3.44,
        "acq_date": "2026-09-26",
        "acq_time": "1153",
        "satellite": "N",
        "brightness": null,
        "NAME_1": "",
        "locality": ""
      }
    },
    {
      "type": "Feature",
      "geometry": {
        "type": "Point",
        "coordinates": [
          22.73476,
          44.50002
        ]
      },
      "properties": {
        "frp": 3.7,
        "acq_date": "2026-09-26",
        "acq_time": "1153",
        "satellite": "N",
        "brightness": null,
        "NAME_1": "",
        "locality": ""
      }
    },
    {
      "type": "Feature",
      "geometry": {
        "type": "Point",
        "coordinates": [
          22.73402,
          44.50383
        ]
      },
      "properties": {
        "frp": 3.7,
        "acq_date": "2026-09-26",
        "acq_time": "1153",
        "satellite": "N",
        "brightness": null,
        "NAME_1": "",
        "locality": ""
      }
    },
    {
      "type": "Feature",
      "geometry": {
        "type": "Point",
        "coordinates": [
          31.67495,
          45.25571
        ]
      },
      "properties": {
        "frp": 5.87,
        "acq_date": "2026-09-26",
        "acq_time": "1153",
        "satellite": "N",
        "brightness": null,
        "NAME_1": "",
        "locality": ""
      }
    },
    {
      "type": "Feature",
      "geometry": {
        "type": "Point",
        "coordinates": [
          34.30025,
          46.45716
        ]
      },
      "properties": {
        "frp": 6.56,
        "acq_date": "2026-09-26",
        "acq_time": "1153",
        "satellite": "N",
        "brightness": null,
        "NAME_1": "Kherson",
        "locality": "Novotro\u2039ts'kyi"
      }
    },
    {
      "type": "Feature",
      "geometry": {
        "type": "Point",
        "coordinates": [
          34.29897,
          46.4589
        ]
      },
      "properties": {
        "frp": 7.04,
        "acq_date": "2026-09-26",
        "acq_time": "1153",
        "satellite": "N",
        "brightness": null,
        "NAME_1": "Kherson",
        "locality": "Novotro\u2039ts'kyi"
      }
    },
    {
      "type": "Feature",
      "geometry": {
        "type": "Point",
        "coordinates": [
          34.30032,
          46.46389
        ]
      },
      "properties": {
        "frp": 10.57,
        "acq_date": "2026-09-26",
        "acq_time": "1153",
        "satellite": "N",
        "brightness": null,
        "NAME_1": "Kherson",
        "locality": "Novotro\u2039ts'kyi"
      }
    },
    {
      "type": "Feature",
      "geometry": {
        "type": "Point",
        "coordinates": [
          34.29899,
          46.46563
        ]
      },
      "properties": {
        "frp": 7.04,
        "acq_date": "2026-09-26",
        "acq_time": "1153",
        "satellite": "N",
        "brightness": null,
        "NAME_1": "Kherson",
        "locality": "Novotro\u2039ts'kyi"
      }
    },
    {
      "type": "Feature",
      "geometry": {
        "type": "Point",
        "coordinates": [
          23.24523,
          47.45589
        ]
      },
      "properties": {
        "frp": 2.9,
        "acq_date": "2026-09-26",
        "acq_time": "1155",
        "satellite": "N",
        "brightness": null,
        "NAME_1": "",
        "locality": ""
      }
    },
    {
      "type": "Feature",
      "geometry": {
        "type": "Point",
        "coordinates": [
          31.98726,
          52.15679
        ]
      },
      "properties": {
        "frp": 4.4,
        "acq_date": "2026-09-26",
        "acq_time": "1155",
        "satellite": "N",
        "brightness": null,
        "NAME_1": "Bryansk",
        "locality": "Klimovskiy rayon"
      }
    },
    {
      "type": "Feature",
      "geometry": {
        "type": "Point",
        "coordinates": [
          31.99107,
          52.15901
        ]
      },
      "properties": {
        "frp": 4.52,
        "acq_date": "2026-09-26",
        "acq_time": "1155",
        "satellite": "N",
        "brightness": null,
        "NAME_1": "Bryansk",
        "locality": "Klimovskiy rayon"
      }
    },
    {
      "type": "Feature",
      "geometry": {
        "type": "Point",
        "coordinates": [
          37.76122,
          51.26133
        ]
      },
      "properties": {
        "frp": 2.04,
        "acq_date": "2026-09-26",
        "acq_time": "2227",
        "satellite": "N",
        "brightness": null,
        "NAME_1": "Belgorod",
        "locality": "Starooskol'skiy rayon"
      }
    },
    {
      "type": "Feature",
      "geometry": {
        "type": "Point",
        "coordinates": [
          35.62008,
          47.89913
        ]
      },
      "properties": {
        "frp": 0.5,
        "acq_date": "2026-09-27",
        "acq_time": "7",
        "satellite": "N",
        "brightness": null,
        "NAME_1": "Zaporizhia",
        "locality": "Vil'nians'kyi"
      }
    },
    {
      "type": "Feature",
      "geometry": {
        "type": "Point",
        "coordinates": [
          36.97077,
          48.43322
        ]
      },
      "properties": {
        "frp": 0.69,
        "acq_date": "2026-09-27",
        "acq_time": "7",
        "satellite": "N",
        "brightness": null,
        "NAME_1": "Donets'k",
        "locality": "Dobropil's'kyi"
      }
    },
    {
      "type": "Feature",
      "geometry": {
        "type": "Point",
        "coordinates": [
          36.97061,
          48.43325
        ]
      },
      "properties": {
        "frp": 0.55,
        "acq_date": "2026-09-27",
        "acq_time": "7",
        "satellite": "N",
        "brightness": null,
        "NAME_1": "Donets'k",
        "locality": "Dobropil's'kyi"
      }
    },
    {
      "type": "Feature",
      "geometry": {
        "type": "Point",
        "coordinates": [
          29.34307,
          51.89328
        ]
      },
      "properties": {
        "frp": 1.47,
        "acq_date": "2026-09-27",
        "acq_time": "7",
        "satellite": "N",
        "brightness": null,
        "NAME_1": "Gomel",
        "locality": "Mazyr"
      }
    },
    {
      "type": "Feature",
      "geometry": {
        "type": "Point",
        "coordinates": [
          33.86039,
          44.77428
        ]
      },
      "properties": {
        "frp": 0.79,
        "acq_date": "2026-09-27",
        "acq_time": "9",
        "satellite": "N",
        "brightness": null,
        "NAME_1": "Crimea",
        "locality": "Bakhchysarais'kyi"
      }
    },
    {
      "type": "Feature",
      "geometry": {
        "type": "Point",
        "coordinates": [
          38.11656,
          44.88326
        ]
      },
      "properties": {
        "frp": 1.36,
        "acq_date": "2026-09-27",
        "acq_time": "9",
        "satellite": "N",
        "brightness": null,
        "NAME_1": "Krasnodar",
        "locality": "Abinskiy rayon"
      }
    },
    {
      "type": "Feature",
      "geometry": {
        "type": "Point",
        "coordinates": [
          31.67758,
          45.25764
        ]
      },
      "properties": {
        "frp": 0.48,
        "acq_date": "2026-09-27",
        "acq_time": "9",
        "satellite": "N",
        "brightness": null,
        "NAME_1": "",
        "locality": ""
      }
    },
    {
      "type": "Feature",
      "geometry": {
        "type": "Point",
        "coordinates": [
          31.67271,
          45.25845
        ]
      },
      "properties": {
        "frp": 8.15,
        "acq_date": "2026-09-27",
        "acq_time": "9",
        "satellite": "N",
        "brightness": null,
        "NAME_1": "",
        "locality": ""
      }
    },
    {
      "type": "Feature",
      "geometry": {
        "type": "Point",
        "coordinates": [
          25.28418,
          45.95018
        ]
      },
      "properties": {
        "frp": 1.12,
        "acq_date": "2026-09-27",
        "acq_time": "9",
        "satellite": "N",
        "brightness": null,
        "NAME_1": "",
        "locality": ""
      }
    },
    {
      "type": "Feature",
      "geometry": {
        "type": "Point",
        "coordinates": [
          22.86746,
          45.95354
        ]
      },
      "properties": {
        "frp": 0.69,
        "acq_date": "2026-09-27",
        "acq_time": "9",
        "satellite": "N",
        "brightness": null,
        "NAME_1": "",
        "locality": ""
      }
    },
    {
      "type": "Feature",
      "geometry": {
        "type": "Point",
        "coordinates": [
          27.12786,
          46.04894
        ]
      },
      "properties": {
        "frp": 0.62,
        "acq_date": "2026-09-27",
        "acq_time": "9",
        "satellite": "N",
        "brightness": null,
        "NAME_1": "",
        "locality": ""
      }
    },
    {
      "type": "Feature",
      "geometry": {
        "type": "Point",
        "coordinates": [
          32.9073,
          46.16522
        ]
      },
      "properties": {
        "frp": 0.95,
        "acq_date": "2026-09-27",
        "acq_time": "9",
        "satellite": "N",
        "brightness": null,
        "NAME_1": "Kherson",
        "locality": "Skadovs'kyi"
      }
    },
    {
      "type": "Feature",
      "geometry": {
        "type": "Point",
        "coordinates": [
          33.22448,
          46.36103
        ]
      },
      "properties": {
        "frp": 0.94,
        "acq_date": "2026-09-27",
        "acq_time": "9",
        "satellite": "N",
        "brightness": null,
        "NAME_1": "Kherson",
        "locality": "Tsiurupyns'kyi"
      }
    },
    {
      "type": "Feature",
      "geometry": {
        "type": "Point",
        "coordinates": [
          34.47162,
          46.4289
        ]
      },
      "properties": {
        "frp": 0.59,
        "acq_date": "2026-09-27",
        "acq_time": "9",
        "satellite": "N",
        "brightness": null,
        "NAME_1": "Kherson",
        "locality": "Novotro\u2039ts'kyi"
      }
    },
    {
      "type": "Feature",
      "geometry": {
        "type": "Point",
        "coordinates": [
          32.73987,
          46.58463
        ]
      },
      "properties": {
        "frp": 1.56,
        "acq_date": "2026-09-27",
        "acq_time": "9",
        "satellite": "N",
        "brightness": null,
        "NAME_1": "Kherson",
        "locality": "Tsiurupyns'kyi"
      }
    },
    {
      "type": "Feature",
      "geometry": {
        "type": "Point",
        "coordinates": [
          22.32948,
          47.03563
        ]
      },
      "properties": {
        "frp": 0.84,
        "acq_date": "2026-09-27",
        "acq_time": "9",
        "satellite": "N",
        "brightness": null,
        "NAME_1": "",
        "locality": ""
      }
    },
    {
      "type": "Feature",
      "geometry": {
        "type": "Point",
        "coordinates": [
          35.2317,
          47.23548
        ]
      },
      "properties": {
        "frp": 0.63,
        "acq_date": "2026-09-27",
        "acq_time": "9",
        "satellite": "N",
        "brightness": null,
        "NAME_1": "Zaporizhia",
        "locality": "Mykhailivs'kyi"
      }
    },
    {
      "type": "Feature",
      "geometry": {
        "type": "Point",
        "coordinates": [
          34.96258,
          47.82053
        ]
      },
      "properties": {
        "frp": 1.21,
        "acq_date": "2026-09-27",
        "acq_time": "9",
        "satellite": "N",
        "brightness": null,
        "NAME_1": "Zaporizhia",
        "locality": "Zaporiz'kyi"
      }
    },
    {
      "type": "Feature",
      "geometry": {
        "type": "Point",
        "coordinates": [
          26.60141,
          48.74781
        ]
      },
      "properties": {
        "frp": 0.87,
        "acq_date": "2026-09-27",
        "acq_time": "9",
        "satellite": "N",
        "brightness": null,
        "NAME_1": "Khmel'nyts'kyy",
        "locality": "Kamianets'-Podil's'kyi"
      }
    },
    {
      "type": "Feature",
      "geometry": {
        "type": "Point",
        "coordinates": [
          24.70762,
          48.97458
        ]
      },
      "properties": {
        "frp": 1.73,
        "acq_date": "2026-09-27",
        "acq_time": "9",
        "satellite": "N",
        "brightness": null,
        "NAME_1": "Ivano-Frankivs'k",
        "locality": "Tysmenyts'kyi"
      }
    },
    {
      "type": "Feature",
      "geometry": {
        "type": "Point",
        "coordinates": [
          30.9025,
          50.52275
        ]
      },
      "properties": {
        "frp": 5.78,
        "acq_date": "2026-09-27",
        "acq_time": "147",
        "satellite": "N",
        "brightness": null,
        "NAME_1": "Kiev",
        "locality": "Brovars'kyi"
      }
    },
    {
      "type": "Feature",
      "geometry": {
        "type": "Point",
        "coordinates": [
          30.89322,
          50.52646
        ]
      },
      "properties": {
        "frp": 7.73,
        "acq_date": "2026-09-27",
        "acq_time": "147",
        "satellite": "N",
        "brightness": null,
        "NAME_1": "Kiev",
        "locality": "Brovars'kyi"
      }
    },
    {
      "type": "Feature",
      "geometry": {
        "type": "Point",
        "coordinates": [
          30.90035,
          50.52827
        ]
      },
      "properties": {
        "frp": 15.91,
        "acq_date": "2026-09-27",
        "acq_time": "147",
        "satellite": "N",
        "brightness": null,
        "NAME_1": "Kiev",
        "locality": "Brovars'kyi"
      }
    },
    {
      "type": "Feature",
      "geometry": {
        "type": "Point",
        "coordinates": [
          30.90864,
          50.52878
        ]
      },
      "properties": {
        "frp": 5.78,
        "acq_date": "2026-09-27",
        "acq_time": "147",
        "satellite": "N",
        "brightness": null,
        "NAME_1": "Kiev",
        "locality": "Brovars'kyi"
      }
    },
    {
      "type": "Feature",
      "geometry": {
        "type": "Point",
        "coordinates": [
          30.8993,
          50.5325
        ]
      },
      "properties": {
        "frp": 7.73,
        "acq_date": "2026-09-27",
        "acq_time": "147",
        "satellite": "N",
        "brightness": null,
        "NAME_1": "Kiev",
        "locality": "Brovars'kyi"
      }
    },
    {
      "type": "Feature",
      "geometry": {
        "type": "Point",
        "coordinates": [
          25.41654,
          45.12258
        ]
      },
      "properties": {
        "frp": 1.33,
        "acq_date": "2026-09-27",
        "acq_time": "149",
        "satellite": "N",
        "brightness": null,
        "NAME_1": "",
        "locality": ""
      }
    },
    {
      "type": "Feature",
      "geometry": {
        "type": "Point",
        "coordinates": [
          22.8681,
          45.95345
        ]
      },
      "properties": {
        "frp": 0.66,
        "acq_date": "2026-09-27",
        "acq_time": "149",
        "satellite": "N",
        "brightness": null,
        "NAME_1": "",
        "locality": ""
      }
    },
    {
      "type": "Feature",
      "geometry": {
        "type": "Point",
        "coordinates": [
          24.70971,
          48.97364
        ]
      },
      "properties": {
        "frp": 1.15,
        "acq_date": "2026-09-27",
        "acq_time": "149",
        "satellite": "N",
        "brightness": null,
        "NAME_1": "Ivano-Frankivs'k",
        "locality": "Tysmenyts'kyi"
      }
    },
    {
      "type": "Feature",
      "geometry": {
        "type": "Point",
        "coordinates": [
          40.83656,
          46.63768
        ]
      },
      "properties": {
        "frp": 4.43,
        "acq_date": "2026-09-27",
        "acq_time": "954",
        "satellite": "N",
        "brightness": null,
        "NAME_1": "Rostov",
        "locality": "Tselinskiy rayon"
      }
    },
    {
      "type": "Feature",
      "geometry": {
        "type": "Point",
        "coordinates": [
          40.83499,
          46.64129
        ]
      },
      "properties": {
        "frp": 9.36,
        "acq_date": "2026-09-27",
        "acq_time": "954",
        "satellite": "N",
        "brightness": null,
        "NAME_1": "Rostov",
        "locality": "Tselinskiy rayon"
      }
    },
    {
      "type": "Feature",
      "geometry": {
        "type": "Point",
        "coordinates": [
          28.4382,
          44.20472
        ]
      },
      "properties": {
        "frp": 7.37,
        "acq_date": "2026-09-27",
        "acq_time": "956",
        "satellite": "N",
        "brightness": null,
        "NAME_1": "",
        "locality": ""
      }
    },
    {
      "type": "Feature",
      "geometry": {
        "type": "Point",
        "coordinates": [
          28.43587,
          44.20835
        ]
      },
      "properties": {
        "frp": 8.19,
        "acq_date": "2026-09-27",
        "acq_time": "956",
        "satellite": "N",
        "brightness": null,
        "NAME_1": "",
        "locality": ""
      }
    },
    {
      "type": "Feature",
      "geometry": {
        "type": "Point",
        "coordinates": [
          31.66966,
          45.259
        ]
      },
      "properties": {
        "frp": 5.85,
        "acq_date": "2026-09-27",
        "acq_time": "956",
        "satellite": "N",
        "brightness": null,
        "NAME_1": "",
        "locality": ""
      }
    },
    {
      "type": "Feature",
      "geometry": {
        "type": "Point",
        "coordinates": [
          31.67498,
          45.26061
        ]
      },
      "properties": {
        "frp": 7.46,
        "acq_date": "2026-09-27",
        "acq_time": "956",
        "satellite": "N",
        "brightness": null,
        "NAME_1": "",
        "locality": ""
      }
    },
    {
      "type": "Feature",
      "geometry": {
        "type": "Point",
        "coordinates": [
          29.58653,
          45.46849
        ]
      },
      "properties": {
        "frp": 17.01,
        "acq_date": "2026-09-27",
        "acq_time": "956",
        "satellite": "N",
        "brightness": null,
        "NAME_1": "Odessa",
        "locality": "Kiliis'kyi"
      }
    },
    {
      "type": "Feature",
      "geometry": {
        "type": "Point",
        "coordinates": [
          29.02935,
          45.53147
        ]
      },
      "properties": {
        "frp": 6.81,
        "acq_date": "2026-09-27",
        "acq_time": "956",
        "satellite": "N",
        "brightness": null,
        "NAME_1": "Odessa",
        "locality": "Izma\u2039l's'ka"
      }
    },
    {
      "type": "Feature",
      "geometry": {
        "type": "Point",
        "coordinates": [
          29.5047,
          45.64681
        ]
      },
      "properties": {
        "frp": 11.15,
        "acq_date": "2026-09-27",
        "acq_time": "956",
        "satellite": "N",
        "brightness": null,
        "NAME_1": "Odessa",
        "locality": "Tatarbunars'kyi"
      }
    },
    {
      "type": "Feature",
      "geometry": {
        "type": "Point",
        "coordinates": [
          32.42259,
          46.19887
        ]
      },
      "properties": {
        "frp": 6.55,
        "acq_date": "2026-09-27",
        "acq_time": "956",
        "satellite": "N",
        "brightness": null,
        "NAME_1": "Kherson",
        "locality": "Holoprystans'kyi"
      }
    },
    {
      "type": "Feature",
      "geometry": {
        "type": "Point",
        "coordinates": [
          29.81554,
          46.39256
        ]
      },
      "properties": {
        "frp": 5.48,
        "acq_date": "2026-09-27",
        "acq_time": "956",
        "satellite": "N",
        "brightness": null,
        "NAME_1": "Odessa",
        "locality": "Bilhorod-Dnistrovs'kyi"
      }
    },
    {
      "type": "Feature",
      "geometry": {
        "type": "Point",
        "coordinates": [
          29.81215,
          46.39346
        ]
      },
      "properties": {
        "frp": 4.89,
        "acq_date": "2026-09-27",
        "acq_time": "956",
        "satellite": "N",
        "brightness": null,
        "NAME_1": "Odessa",
        "locality": "Bilhorod-Dnistrovs'kyi"
      }
    },
    {
      "type": "Feature",
      "geometry": {
        "type": "Point",
        "coordinates": [
          39.34718,
          47.45021
        ]
      },
      "properties": {
        "frp": 9.1,
        "acq_date": "2026-09-27",
        "acq_time": "956",
        "satellite": "N",
        "brightness": null,
        "NAME_1": "Rostov",
        "locality": "Myasnikovskiy rayon"
      }
    },
    {
      "type": "Feature",
      "geometry": {
        "type": "Point",
        "coordinates": [
          32.95325,
          47.55552
        ]
      },
      "properties": {
        "frp": 2.85,
        "acq_date": "2026-09-27",
        "acq_time": "956",
        "satellite": "N",
        "brightness": null,
        "NAME_1": "Mykolayiv",
        "locality": "Kazanetskyi"
      }
    },
    {
      "type": "Feature",
      "geometry": {
        "type": "Point",
        "coordinates": [
          32.95732,
          47.55667
        ]
      },
      "properties": {
        "frp": 2.85,
        "acq_date": "2026-09-27",
        "acq_time": "956",
        "satellite": "N",
        "brightness": null,
        "NAME_1": "Mykolayiv",
        "locality": "Kazanetskyi"
      }
    },
    {
      "type": "Feature",
      "geometry": {
        "type": "Point",
        "coordinates": [
          29.63871,
          50.5056
        ]
      },
      "properties": {
        "frp": 4.69,
        "acq_date": "2026-09-27",
        "acq_time": "956",
        "satellite": "N",
        "brightness": null,
        "NAME_1": "Kiev",
        "locality": "Makarivs'kyi"
      }
    },
    {
      "type": "Feature",
      "geometry": {
        "type": "Point",
        "coordinates": [
          29.64346,
          50.50705
        ]
      },
      "properties": {
        "frp": 4.69,
        "acq_date": "2026-09-27",
        "acq_time": "956",
        "satellite": "N",
        "brightness": null,
        "NAME_1": "Kiev",
        "locality": "Makarivs'kyi"
      }
    },
    {
      "type": "Feature",
      "geometry": {
        "type": "Point",
        "coordinates": [
          35.02628,
          51.75725
        ]
      },
      "properties": {
        "frp": 5.21,
        "acq_date": "2026-09-27",
        "acq_time": "956",
        "satellite": "N",
        "brightness": null,
        "NAME_1": "Kursk",
        "locality": "L'govskiy rayon"
      }
    },
    {
      "type": "Feature",
      "geometry": {
        "type": "Point",
        "coordinates": [
          34.06194,
          51.94563
        ]
      },
      "properties": {
        "frp": 2.47,
        "acq_date": "2026-09-27",
        "acq_time": "956",
        "satellite": "N",
        "brightness": null,
        "NAME_1": "Sumy",
        "locality": "Iampil's'kyi"
      }
    },
    {
      "type": "Feature",
      "geometry": {
        "type": "Point",
        "coordinates": [
          32.5917,
          52.34926
        ]
      },
      "properties": {
        "frp": 2.81,
        "acq_date": "2026-09-27",
        "acq_time": "956",
        "satellite": "N",
        "brightness": null,
        "NAME_1": "Bryansk",
        "locality": "Starodubskiy rayon"
      }
    },
    {
      "type": "Feature",
      "geometry": {
        "type": "Point",
        "coordinates": [
          34.28119,
          52.40408
        ]
      },
      "properties": {
        "frp": 3.26,
        "acq_date": "2026-09-27",
        "acq_time": "956",
        "satellite": "N",
        "brightness": null,
        "NAME_1": "Bryansk",
        "locality": "Suzemskiy rayon"
      }
    },
    {
      "type": "Feature",
      "geometry": {
        "type": "Point",
        "coordinates": [
          36.38805,
          52.63006
        ]
      },
      "properties": {
        "frp": 4.56,
        "acq_date": "2026-09-27",
        "acq_time": "956",
        "satellite": "N",
        "brightness": null,
        "NAME_1": "Orel",
        "locality": "Sverdlovskiy rayon"
      }
    },
    {
      "type": "Feature",
      "geometry": {
        "type": "Point",
        "coordinates": [
          27.71604,
          44.05494
        ]
      },
      "properties": {
        "frp": 8.28,
        "acq_date": "2026-09-27",
        "acq_time": "1134",
        "satellite": "N",
        "brightness": null,
        "NAME_1": "",
        "locality": ""
      }
    },
    {
      "type": "Feature",
      "geometry": {
        "type": "Point",
        "coordinates": [
          24.85934,
          44.17597
        ]
      },
      "properties": {
        "frp": 1.81,
        "acq_date": "2026-09-27",
        "acq_time": "1134",
        "satellite": "N",
        "brightness": null,
        "NAME_1": "",
        "locality": ""
      }
    },
    {
      "type": "Feature",
      "geometry": {
        "type": "Point",
        "coordinates": [
          23.45581,
          44.06394
        ]
      },
      "properties": {
        "frp": 6.75,
        "acq_date": "2026-09-27",
        "acq_time": "1136",
        "satellite": "N",
        "brightness": null,
        "NAME_1": "",
        "locality": ""
      }
    },
    {
      "type": "Feature",
      "geometry": {
        "type": "Point",
        "coordinates": [
          23.45004,
          44.06658
        ]
      },
      "properties": {
        "frp": 6.75,
        "acq_date": "2026-09-27",
        "acq_time": "1136",
        "satellite": "N",
        "brightness": null,
        "NAME_1": "",
        "locality": ""
      }
    },
    {
      "type": "Feature",
      "geometry": {
        "type": "Point",
        "coordinates": [
          23.45491,
          44.06726
        ]
      },
      "properties": {
        "frp": 6.75,
        "acq_date": "2026-09-27",
        "acq_time": "1136",
        "satellite": "N",
        "brightness": null,
        "NAME_1": "",
        "locality": ""
      }
    },
    {
      "type": "Feature",
      "geometry": {
        "type": "Point",
        "coordinates": [
          23.21774,
          44.06794
        ]
      },
      "properties": {
        "frp": 4.0,
        "acq_date": "2026-09-27",
        "acq_time": "1136",
        "satellite": "N",
        "brightness": null,
        "NAME_1": "",
        "locality": ""
      }
    },
    {
      "type": "Feature",
      "geometry": {
        "type": "Point",
        "coordinates": [
          23.4394,
          44.06852
        ]
      },
      "properties": {
        "frp": 8.24,
        "acq_date": "2026-09-27",
        "acq_time": "1136",
        "satellite": "N",
        "brightness": null,
        "NAME_1": "",
        "locality": ""
      }
    },
    {
      "type": "Feature",
      "geometry": {
        "type": "Point",
        "coordinates": [
          23.22257,
          44.06864
        ]
      },
      "properties": {
        "frp": 4.0,
        "acq_date": "2026-09-27",
        "acq_time": "1136",
        "satellite": "N",
        "brightness": null,
        "NAME_1": "",
        "locality": ""
      }
    },
    {
      "type": "Feature",
      "geometry": {
        "type": "Point",
        "coordinates": [
          23.22166,
          44.07195
        ]
      },
      "properties": {
        "frp": 3.58,
        "acq_date": "2026-09-27",
        "acq_time": "1136",
        "satellite": "N",
        "brightness": null,
        "NAME_1": "",
        "locality": ""
      }
    },
    {
      "type": "Feature",
      "geometry": {
        "type": "Point",
        "coordinates": [
          22.95913,
          44.19968
        ]
      },
      "properties": {
        "frp": 7.77,
        "acq_date": "2026-09-27",
        "acq_time": "1136",
        "satellite": "N",
        "brightness": null,
        "NAME_1": "",
        "locality": ""
      }
    },
    {
      "type": "Feature",
      "geometry": {
        "type": "Point",
        "coordinates": [
          22.9582,
          44.20298
        ]
      },
      "properties": {
        "frp": 20.61,
        "acq_date": "2026-09-27",
        "acq_time": "1136",
        "satellite": "N",
        "brightness": null,
        "NAME_1": "",
        "locality": ""
      }
    },
    {
      "type": "Feature",
      "geometry": {
        "type": "Point",
        "coordinates": [
          22.96302,
          44.20368
        ]
      },
      "properties": {
        "frp": 6.26,
        "acq_date": "2026-09-27",
        "acq_time": "1136",
        "satellite": "N",
        "brightness": null,
        "NAME_1": "",
        "locality": ""
      }
    },
    {
      "type": "Feature",
      "geometry": {
        "type": "Point",
        "coordinates": [
          22.66417,
          44.27526
        ]
      },
      "properties": {
        "frp": 1.88,
        "acq_date": "2026-09-27",
        "acq_time": "1136",
        "satellite": "N",
        "brightness": null,
        "NAME_1": "",
        "locality": ""
      }
    },
    {
      "type": "Feature",
      "geometry": {
        "type": "Point",
        "coordinates": [
          23.73958,
          44.28446
        ]
      },
      "properties": {
        "frp": 3.2,
        "acq_date": "2026-09-27",
        "acq_time": "1136",
        "satellite": "N",
        "brightness": null,
        "NAME_1": "",
        "locality": ""
      }
    },
    {
      "type": "Feature",
      "geometry": {
        "type": "Point",
        "coordinates": [
          24.28477,
          44.32391
        ]
      },
      "properties": {
        "frp": 2.35,
        "acq_date": "2026-09-27",
        "acq_time": "1136",
        "satellite": "N",
        "brightness": null,
        "NAME_1": "",
        "locality": ""
      }
    },
    {
      "type": "Feature",
      "geometry": {
        "type": "Point",
        "coordinates": [
          22.72409,
          44.34584
        ]
      },
      "properties": {
        "frp": 2.44,
        "acq_date": "2026-09-27",
        "acq_time": "1136",
        "satellite": "N",
        "brightness": null,
        "NAME_1": "",
        "locality": ""
      }
    },
    {
      "type": "Feature",
      "geometry": {
        "type": "Point",
        "coordinates": [
          22.69052,
          44.35804
        ]
      },
      "properties": {
        "frp": 5.6,
        "acq_date": "2026-09-27",
        "acq_time": "1136",
        "satellite": "N",
        "brightness": null,
        "NAME_1": "",
        "locality": ""
      }
    },
    {
      "type": "Feature",
      "geometry": {
        "type": "Point",
        "coordinates": [
          26.56396,
          44.55179
        ]
      },
      "properties": {
        "frp": 16.31,
        "acq_date": "2026-09-27",
        "acq_time": "1136",
        "satellite": "N",
        "brightness": null,
        "NAME_1": "",
        "locality": ""
      }
    },
    {
      "type": "Feature",
      "geometry": {
        "type": "Point",
        "coordinates": [
          22.81018,
          44.86399
        ]
      },
      "properties": {
        "frp": 1.43,
        "acq_date": "2026-09-27",
        "acq_time": "1136",
        "satellite": "N",
        "brightness": null,
        "NAME_1": "",
        "locality": ""
      }
    },
    {
      "type": "Feature",
      "geometry": {
        "type": "Point",
        "coordinates": [
          28.03993,
          45.33117
        ]
      },
      "properties": {
        "frp": 7.94,
        "acq_date": "2026-09-27",
        "acq_time": "1136",
        "satellite": "N",
        "brightness": null,
        "NAME_1": "",
        "locality": ""
      }
    },
    {
      "type": "Feature",
      "geometry": {
        "type": "Point",
        "coordinates": [
          29.56274,
          45.45495
        ]
      },
      "properties": {
        "frp": 27.79,
        "acq_date": "2026-09-27",
        "acq_time": "1136",
        "satellite": "N",
        "brightness": null,
        "NAME_1": "Odessa",
        "locality": "Kiliis'kyi"
      }
    },
    {
      "type": "Feature",
      "geometry": {
        "type": "Point",
        "coordinates": [
          29.56206,
          45.45919
        ]
      },
      "properties": {
        "frp": 27.79,
        "acq_date": "2026-09-27",
        "acq_time": "1136",
        "satellite": "N",
        "brightness": null,
        "NAME_1": "Odessa",
        "locality": "Kiliis'kyi"
      }
    },
    {
      "type": "Feature",
      "geometry": {
        "type": "Point",
        "coordinates": [
          29.56764,
          45.45967
        ]
      },
      "properties": {
        "frp": 27.79,
        "acq_date": "2026-09-27",
        "acq_time": "1136",
        "satellite": "N",
        "brightness": null,
        "NAME_1": "Odessa",
        "locality": "Kiliis'kyi"
      }
    },
    {
      "type": "Feature",
      "geometry": {
        "type": "Point",
        "coordinates": [
          29.57322,
          45.46015
        ]
      },
      "properties": {
        "frp": 14.22,
        "acq_date": "2026-09-27",
        "acq_time": "1136",
        "satellite": "N",
        "brightness": null,
        "NAME_1": "Odessa",
        "locality": "Kiliis'kyi"
      }
    },
    {
      "type": "Feature",
      "geometry": {
        "type": "Point",
        "coordinates": [
          29.5788,
          45.46062
        ]
      },
      "properties": {
        "frp": 14.22,
        "acq_date": "2026-09-27",
        "acq_time": "1136",
        "satellite": "N",
        "brightness": null,
        "NAME_1": "Odessa",
        "locality": "Kiliis'kyi"
      }
    },
    {
      "type": "Feature",
      "geometry": {
        "type": "Point",
        "coordinates": [
          29.56694,
          45.46391
        ]
      },
      "properties": {
        "frp": 13.95,
        "acq_date": "2026-09-27",
        "acq_time": "1136",
        "satellite": "N",
        "brightness": null,
        "NAME_1": "Odessa",
        "locality": "Kiliis'kyi"
      }
    },
    {
      "type": "Feature",
      "geometry": {
        "type": "Point",
        "coordinates": [
          29.57252,
          45.46439
        ]
      },
      "properties": {
        "frp": 24.92,
        "acq_date": "2026-09-27",
        "acq_time": "1136",
        "satellite": "N",
        "brightness": null,
        "NAME_1": "Odessa",
        "locality": "Kiliis'kyi"
      }
    },
    {
      "type": "Feature",
      "geometry": {
        "type": "Point",
        "coordinates": [
          29.5781,
          45.46487
        ]
      },
      "properties": {
        "frp": 24.92,
        "acq_date": "2026-09-27",
        "acq_time": "1136",
        "satellite": "N",
        "brightness": null,
        "NAME_1": "Odessa",
        "locality": "Kiliis'kyi"
      }
    },
    {
      "type": "Feature",
      "geometry": {
        "type": "Point",
        "coordinates": [
          29.58369,
          45.46535
        ]
      },
      "properties": {
        "frp": 10.11,
        "acq_date": "2026-09-27",
        "acq_time": "1136",
        "satellite": "N",
        "brightness": null,
        "NAME_1": "Odessa",
        "locality": "Kiliis'kyi"
      }
    },
    {
      "type": "Feature",
      "geometry": {
        "type": "Point",
        "coordinates": [
          29.58928,
          45.46582
        ]
      },
      "properties": {
        "frp": 10.11,
        "acq_date": "2026-09-27",
        "acq_time": "1136",
        "satellite": "N",
        "brightness": null,
        "NAME_1": "Odessa",
        "locality": "Kiliis'kyi"
      }
    },
    {
      "type": "Feature",
      "geometry": {
        "type": "Point",
        "coordinates": [
          40.09875,
          47.78159
        ]
      },
      "properties": {
        "frp": 11.59,
        "acq_date": "2026-09-27",
        "acq_time": "1136",
        "satellite": "N",
        "brightness": null,
        "NAME_1": "Rostov",
        "locality": "Krasnosulinskiy rayon"
      }
    },
    {
      "type": "Feature",
      "geometry": {
        "type": "Point",
        "coordinates": [
          40.10864,
          47.78848
        ]
      },
      "properties": {
        "frp": 8.58,
        "acq_date": "2026-09-27",
        "acq_time": "1136",
        "satellite": "N",
        "brightness": null,
        "NAME_1": "Rostov",
        "locality": "Krasnosulinskiy rayon"
      }
    },
    {
      "type": "Feature",
      "geometry": {
        "type": "Point",
        "coordinates": [
          40.09886,
          47.78862
        ]
      },
      "properties": {
        "frp": 8.58,
        "acq_date": "2026-09-27",
        "acq_time": "1136",
        "satellite": "N",
        "brightness": null,
        "NAME_1": "Rostov",
        "locality": "Krasnosulinskiy rayon"
      }
    },
    {
      "type": "Feature",
      "geometry": {
        "type": "Point",
        "coordinates": [
          24.7137,
          48.97492
        ]
      },
      "properties": {
        "frp": 2.81,
        "acq_date": "2026-09-27",
        "acq_time": "1136",
        "satellite": "N",
        "brightness": null,
        "NAME_1": "Ivano-Frankivs'k",
        "locality": "Tysmenyts'kyi"
      }
    },
    {
      "type": "Feature",
      "geometry": {
        "type": "Point",
        "coordinates": [
          26.73622,
          50.12381
        ]
      },
      "properties": {
        "frp": 3.65,
        "acq_date": "2026-09-27",
        "acq_time": "1136",
        "satellite": "N",
        "brightness": null,
        "NAME_1": "Khmel'nyts'kyy",
        "locality": "Iziaslavs'kyi"
      }
    },
    {
      "type": "Feature",
      "geometry": {
        "type": "Point",
        "coordinates": [
          26.73598,
          50.12604
        ]
      },
      "properties": {
        "frp": 5.96,
        "acq_date": "2026-09-27",
        "acq_time": "1136",
        "satellite": "N",
        "brightness": null,
        "NAME_1": "Khmel'nyts'kyy",
        "locality": "Iziaslavs'kyi"
      }
    },
    {
      "type": "Feature",
      "geometry": {
        "type": "Point",
        "coordinates": [
          39.79702,
          45.04238
        ]
      },
      "properties": {
        "frp": 0.37,
        "acq_date": "2026-09-27",
        "acq_time": "2350",
        "satellite": "N",
        "brightness": null,
        "NAME_1": "Adygey",
        "locality": "Krasnogvardeyskiy rayon"
      }
    },
    {
      "type": "Feature",
      "geometry": {
        "type": "Point",
        "coordinates": [
          38.72654,
          45.26886
        ]
      },
      "properties": {
        "frp": 0.73,
        "acq_date": "2026-09-27",
        "acq_time": "2350",
        "satellite": "N",
        "brightness": null,
        "NAME_1": "Krasnodar",
        "locality": "Dinskiy rayon"
      }
    },
    {
      "type": "Feature",
      "geometry": {
        "type": "Point",
        "coordinates": [
          38.72781,
          45.27224
        ]
      },
      "properties": {
        "frp": 0.73,
        "acq_date": "2026-09-27",
        "acq_time": "2350",
        "satellite": "N",
        "brightness": null,
        "NAME_1": "Krasnodar",
        "locality": "Dinskiy rayon"
      }
    },
    {
      "type": "Feature",
      "geometry": {
        "type": "Point",
        "coordinates": [
          39.12666,
          45.90663
        ]
      },
      "properties": {
        "frp": 0.35,
        "acq_date": "2026-09-27",
        "acq_time": "2350",
        "satellite": "N",
        "brightness": null,
        "NAME_1": "Krasnodar",
        "locality": "Bryukhovetskiy rayon"
      }
    },
    {
      "type": "Feature",
      "geometry": {
        "type": "Point",
        "coordinates": [
          39.38668,
          45.97539
        ]
      },
      "properties": {
        "frp": 0.23,
        "acq_date": "2026-09-27",
        "acq_time": "2350",
        "satellite": "N",
        "brightness": null,
        "NAME_1": "Krasnodar",
        "locality": "Kanevskiy rayon"
      }
    },
    {
      "type": "Feature",
      "geometry": {
        "type": "Point",
        "coordinates": [
          38.38486,
          46.53427
        ]
      },
      "properties": {
        "frp": 0.81,
        "acq_date": "2026-09-27",
        "acq_time": "2350",
        "satellite": "N",
        "brightness": null,
        "NAME_1": "Krasnodar",
        "locality": "Eyskiy rayon"
      }
    },
    {
      "type": "Feature",
      "geometry": {
        "type": "Point",
        "coordinates": [
          38.37969,
          46.5352
        ]
      },
      "properties": {
        "frp": 0.81,
        "acq_date": "2026-09-27",
        "acq_time": "2350",
        "satellite": "N",
        "brightness": null,
        "NAME_1": "Krasnodar",
        "locality": "Eyskiy rayon"
      }
    },
    {
      "type": "Feature",
      "geometry": {
        "type": "Point",
        "coordinates": [
          26.02801,
          46.89827
        ]
      },
      "properties": {
        "frp": 0.69,
        "acq_date": "2026-09-27",
        "acq_time": "2350",
        "satellite": "N",
        "brightness": null,
        "NAME_1": "",
        "locality": ""
      }
    },
    {
      "type": "Feature",
      "geometry": {
        "type": "Point",
        "coordinates": [
          22.32776,
          47.03836
        ]
      },
      "properties": {
        "frp": 0.71,
        "acq_date": "2026-09-27",
        "acq_time": "2350",
        "satellite": "N",
        "brightness": null,
        "NAME_1": "",
        "locality": ""
      }
    },
    {
      "type": "Feature",
      "geometry": {
        "type": "Point",
        "coordinates": [
          38.24577,
          47.24442
        ]
      },
      "properties": {
        "frp": 0.44,
        "acq_date": "2026-09-27",
        "acq_time": "2350",
        "satellite": "N",
        "brightness": null,
        "NAME_1": "Donets'k",
        "locality": "Novoazovs'kyi"
      }
    },
    {
      "type": "Feature",
      "geometry": {
        "type": "Point",
        "coordinates": [
          30.45075,
          47.27641
        ]
      },
      "properties": {
        "frp": 0.78,
        "acq_date": "2026-09-27",
        "acq_time": "2350",
        "satellite": "N",
        "brightness": null,
        "NAME_1": "Odessa",
        "locality": "Shyria\u2039vs'kyi"
      }
    },
    {
      "type": "Feature",
      "geometry": {
        "type": "Point",
        "coordinates": [
          30.45163,
          47.28021
        ]
      },
      "properties": {
        "frp": 0.78,
        "acq_date": "2026-09-27",
        "acq_time": "2350",
        "satellite": "N",
        "brightness": null,
        "NAME_1": "Odessa",
        "locality": "Shyria\u2039vs'kyi"
      }
    },
    {
      "type": "Feature",
      "geometry": {
        "type": "Point",
        "coordinates": [
          38.15588,
          47.38059
        ]
      },
      "properties": {
        "frp": 0.49,
        "acq_date": "2026-09-27",
        "acq_time": "2350",
        "satellite": "N",
        "brightness": null,
        "NAME_1": "Donets'k",
        "locality": "Tel'manivs'kyi"
      }
    },
    {
      "type": "Feature",
      "geometry": {
        "type": "Point",
        "coordinates": [
          40.13541,
          47.38089
        ]
      },
      "properties": {
        "frp": 0.71,
        "acq_date": "2026-09-27",
        "acq_time": "2350",
        "satellite": "N",
        "brightness": null,
        "NAME_1": "Rostov",
        "locality": "Novocherkassk"
      }
    },
    {
      "type": "Feature",
      "geometry": {
        "type": "Point",
        "coordinates": [
          40.14803,
          47.38216
        ]
      },
      "properties": {
        "frp": 0.94,
        "acq_date": "2026-09-27",
        "acq_time": "2350",
        "satellite": "N",
        "brightness": null,
        "NAME_1": "Rostov",
        "locality": "Oktyabr'skiy"
      }
    },
    {
      "type": "Feature",
      "geometry": {
        "type": "Point",
        "coordinates": [
          40.14244,
          47.38323
        ]
      },
      "properties": {
        "frp": 0.71,
        "acq_date": "2026-09-27",
        "acq_time": "2350",
        "satellite": "N",
        "brightness": null,
        "NAME_1": "Rostov",
        "locality": "Oktyabr'skiy"
      }
    },
    {
      "type": "Feature",
      "geometry": {
        "type": "Point",
        "coordinates": [
          40.13684,
          47.3843
        ]
      },
      "properties": {
        "frp": 0.71,
        "acq_date": "2026-09-27",
        "acq_time": "2350",
        "satellite": "N",
        "brightness": null,
        "NAME_1": "Rostov",
        "locality": "Novocherkassk"
      }
    },
    {
      "type": "Feature",
      "geometry": {
        "type": "Point",
        "coordinates": [
          38.33403,
          47.51239
        ]
      },
      "properties": {
        "frp": 0.81,
        "acq_date": "2026-09-27",
        "acq_time": "2350",
        "satellite": "N",
        "brightness": null,
        "NAME_1": "Rostov",
        "locality": "Matveevo-Kurganskiy rayon"
      }
    },
    {
      "type": "Feature",
      "geometry": {
        "type": "Point",
        "coordinates": [
          29.01538,
          47.78411
        ]
      },
      "properties": {
        "frp": 0.61,
        "acq_date": "2026-09-27",
        "acq_time": "2350",
        "satellite": "N",
        "brightness": null,
        "NAME_1": "",
        "locality": ""
      }
    },
    {
      "type": "Feature",
      "geometry": {
        "type": "Point",
        "coordinates": [
          29.01743,
          47.78706
        ]
      },
      "properties": {
        "frp": 0.5,
        "acq_date": "2026-09-27",
        "acq_time": "2350",
        "satellite": "N",
        "brightness": null,
        "NAME_1": "",
        "locality": ""
      }
    },
    {
      "type": "Feature",
      "geometry": {
        "type": "Point",
        "coordinates": [
          37.09152,
          48.47205
        ]
      },
      "properties": {
        "frp": 1.48,
        "acq_date": "2026-09-27",
        "acq_time": "2350",
        "satellite": "N",
        "brightness": null,
        "NAME_1": "Donets'k",
        "locality": "Dobropil's'ka"
      }
    },
    {
      "type": "Feature",
      "geometry": {
        "type": "Point",
        "coordinates": [
          37.81422,
          48.96335
        ]
      },
      "properties": {
        "frp": 0.48,
        "acq_date": "2026-09-27",
        "acq_time": "2350",
        "satellite": "N",
        "brightness": null,
        "NAME_1": "Donets'k",
        "locality": "Krasnolymans'kyi"
      }
    },
    {
      "type": "Feature",
      "geometry": {
        "type": "Point",
        "coordinates": [
          24.70808,
          48.97442
        ]
      },
      "properties": {
        "frp": 2.1,
        "acq_date": "2026-09-27",
        "acq_time": "2350",
        "satellite": "N",
        "brightness": null,
        "NAME_1": "Ivano-Frankivs'k",
        "locality": "Tysmenyts'kyi"
      }
    },
    {
      "type": "Feature",
      "geometry": {
        "type": "Point",
        "coordinates": [
          37.81383,
          48.99117
        ]
      },
      "properties": {
        "frp": 0.47,
        "acq_date": "2026-09-27",
        "acq_time": "2350",
        "satellite": "N",
        "brightness": null,
        "NAME_1": "Donets'k",
        "locality": "Krasnolymans'kyi"
      }
    },
    {
      "type": "Feature",
      "geometry": {
        "type": "Point",
        "coordinates": [
          26.26139,
          50.54406
        ]
      },
      "properties": {
        "frp": 1.95,
        "acq_date": "2026-09-27",
        "acq_time": "2350",
        "satellite": "N",
        "brightness": null,
        "NAME_1": "Rivne",
        "locality": "Zdolbunivs'kyi"
      }
    },
    {
      "type": "Feature",
      "geometry": {
        "type": "Point",
        "coordinates": [
          29.33569,
          51.88938
        ]
      },
      "properties": {
        "frp": 1.08,
        "acq_date": "2026-09-27",
        "acq_time": "2350",
        "satellite": "N",
        "brightness": null,
        "NAME_1": "Gomel",
        "locality": "Mazyr"
      }
    },
    {
      "type": "Feature",
      "geometry": {
        "type": "Point",
        "coordinates": [
          29.3429,
          51.89308
        ]
      },
      "properties": {
        "frp": 1.61,
        "acq_date": "2026-09-27",
        "acq_time": "2350",
        "satellite": "N",
        "brightness": null,
        "NAME_1": "Gomel",
        "locality": "Mazyr"
      }
    },
    {
      "type": "Feature",
      "geometry": {
        "type": "Point",
        "coordinates": [
          29.33661,
          51.89359
        ]
      },
      "properties": {
        "frp": 1.61,
        "acq_date": "2026-09-27",
        "acq_time": "2350",
        "satellite": "N",
        "brightness": null,
        "NAME_1": "Gomel",
        "locality": "Mazyr"
      }
    },
    {
      "type": "Feature",
      "geometry": {
        "type": "Point",
        "coordinates": [
          33.33493,
          52.36836
        ]
      },
      "properties": {
        "frp": 1.33,
        "acq_date": "2026-09-27",
        "acq_time": "2350",
        "satellite": "N",
        "brightness": null,
        "NAME_1": "Bryansk",
        "locality": "Pogarskiy rayon"
      }
    },
    {
      "type": "Feature",
      "geometry": {
        "type": "Point",
        "coordinates": [
          33.33587,
          52.3693
        ]
      },
      "properties": {
        "frp": 1.51,
        "acq_date": "2026-09-27",
        "acq_time": "2350",
        "satellite": "N",
        "brightness": null,
        "NAME_1": "Bryansk",
        "locality": "Pogarskiy rayon"
      }
    },
    {
      "type": "Feature",
      "geometry": {
        "type": "Point",
        "coordinates": [
          32.22446,
          52.80454
        ]
      },
      "properties": {
        "frp": 0.89,
        "acq_date": "2026-09-27",
        "acq_time": "2350",
        "satellite": "N",
        "brightness": null,
        "NAME_1": "Bryansk",
        "locality": "Klintsovskiy rayon"
      }
    },
    {
      "type": "Feature",
      "geometry": {
        "type": "Point",
        "coordinates": [
          22.43481,
          44.87928
        ]
      },
      "properties": {
        "frp": 1.74,
        "acq_date": "2026-09-27",
        "acq_time": "2352",
        "satellite": "N",
        "brightness": null,
        "NAME_1": "",
        "locality": ""
      }
    },
    {
      "type": "Feature",
      "geometry": {
        "type": "Point",
        "coordinates": [
          22.42348,
          44.87975
        ]
      },
      "properties": {
        "frp": 3.54,
        "acq_date": "2026-09-27",
        "acq_time": "2352",
        "satellite": "N",
        "brightness": null,
        "NAME_1": "",
        "locality": ""
      }
    },
    {
      "type": "Feature",
      "geometry": {
        "type": "Point",
        "coordinates": [
          22.43057,
          44.88493
        ]
      },
      "properties": {
        "frp": 1.74,
        "acq_date": "2026-09-27",
        "acq_time": "2352",
        "satellite": "N",
        "brightness": null,
        "NAME_1": "",
        "locality": ""
      }
    },
    {
      "type": "Feature",
      "geometry": {
        "type": "Point",
        "coordinates": [
          29.02402,
          45.2056
        ]
      },
      "properties": {
        "frp": 4.11,
        "acq_date": "2026-09-27",
        "acq_time": "2352",
        "satellite": "N",
        "brightness": null,
        "NAME_1": "",
        "locality": ""
      }
    },
    {
      "type": "Feature",
      "geometry": {
        "type": "Point",
        "coordinates": [
          29.02482,
          45.20955
        ]
      },
      "properties": {
        "frp": 2.34,
        "acq_date": "2026-09-27",
        "acq_time": "2352",
        "satellite": "N",
        "brightness": null,
        "NAME_1": "",
        "locality": ""
      }
    },
    {
      "type": "Feature",
      "geometry": {
        "type": "Point",
        "coordinates": [
          26.60502,
          48.74805
        ]
      },
      "properties": {
        "frp": 1.01,
        "acq_date": "2026-09-28",
        "acq_time": "130",
        "satellite": "N",
        "brightness": null,
        "NAME_1": "Khmel'nyts'kyy",
        "locality": "Kamianets'-Podil's'kyi"
      }
    },
    {
      "type": "Feature",
      "geometry": {
        "type": "Point",
        "coordinates": [
          24.7135,
          48.97442
        ]
      },
      "properties": {
        "frp": 1.03,
        "acq_date": "2026-09-28",
        "acq_time": "130",
        "satellite": "N",
        "brightness": null,
        "NAME_1": "Ivano-Frankivs'k",
        "locality": "Tysmenyts'kyi"
      }
    },
    {
      "type": "Feature",
      "geometry": {
        "type": "Point",
        "coordinates": [
          24.71038,
          48.97466
        ]
      },
      "properties": {
        "frp": 1.82,
        "acq_date": "2026-09-28",
        "acq_time": "130",
        "satellite": "N",
        "brightness": null,
        "NAME_1": "Ivano-Frankivs'k",
        "locality": "Tysmenyts'kyi"
      }
    },
    {
      "type": "Feature",
      "geometry": {
        "type": "Point",
        "coordinates": [
          26.26122,
          50.54217
        ]
      },
      "properties": {
        "frp": 1.89,
        "acq_date": "2026-09-28",
        "acq_time": "130",
        "satellite": "N",
        "brightness": null,
        "NAME_1": "Rivne",
        "locality": "Zdolbunivs'kyi"
      }
    },
    {
      "type": "Feature",
      "geometry": {
        "type": "Point",
        "coordinates": [
          23.55072,
          51.13754
        ]
      },
      "properties": {
        "frp": 1.13,
        "acq_date": "2026-09-28",
        "acq_time": "130",
        "satellite": "N",
        "brightness": null,
        "NAME_1": "",
        "locality": ""
      }
    },
    {
      "type": "Feature",
      "geometry": {
        "type": "Point",
        "coordinates": [
          23.55104,
          51.13954
        ]
      },
      "properties": {
        "frp": 0.87,
        "acq_date": "2026-09-28",
        "acq_time": "130",
        "satellite": "N",
        "brightness": null,
        "NAME_1": "",
        "locality": ""
      }
    },
    {
      "type": "Feature",
      "geometry": {
        "type": "Point",
        "coordinates": [
          29.33836,
          51.88988
        ]
      },
      "properties": {
        "frp": 1.67,
        "acq_date": "2026-09-28",
        "acq_time": "130",
        "satellite": "N",
        "brightness": null,
        "NAME_1": "Gomel",
        "locality": "Mazyr"
      }
    },
    {
      "type": "Feature",
      "geometry": {
        "type": "Point",
        "coordinates": [
          29.34243,
          51.89481
        ]
      },
      "properties": {
        "frp": 1.67,
        "acq_date": "2026-09-28",
        "acq_time": "130",
        "satellite": "N",
        "brightness": null,
        "NAME_1": "Gomel",
        "locality": "Mazyr"
      }
    },
    {
      "type": "Feature",
      "geometry": {
        "type": "Point",
        "coordinates": [
          29.34357,
          51.89568
        ]
      },
      "properties": {
        "frp": 0.44,
        "acq_date": "2026-09-28",
        "acq_time": "130",
        "satellite": "N",
        "brightness": null,
        "NAME_1": "Gomel",
        "locality": "Mazyr"
      }
    },
    {
      "type": "Feature",
      "geometry": {
        "type": "Point",
        "coordinates": [
          29.98933,
          52.84615
        ]
      },
      "properties": {
        "frp": 1.04,
        "acq_date": "2026-09-28",
        "acq_time": "130",
        "satellite": "N",
        "brightness": null,
        "NAME_1": "Gomel",
        "locality": "\u017dlobin"
      }
    },
    {
      "type": "Feature",
      "geometry": {
        "type": "Point",
        "coordinates": [
          22.42984,
          44.87749
        ]
      },
      "properties": {
        "frp": 2.15,
        "acq_date": "2026-09-28",
        "acq_time": "132",
        "satellite": "N",
        "brightness": null,
        "NAME_1": "",
        "locality": ""
      }
    },
    {
      "type": "Feature",
      "geometry": {
        "type": "Point",
        "coordinates": [
          22.43293,
          44.88219
        ]
      },
      "properties": {
        "frp": 2.15,
        "acq_date": "2026-09-28",
        "acq_time": "132",
        "satellite": "N",
        "brightness": null,
        "NAME_1": "",
        "locality": ""
      }
    },
    {
      "type": "Feature",
      "geometry": {
        "type": "Point",
        "coordinates": [
          22.43041,
          44.88289
        ]
      },
      "properties": {
        "frp": 4.64,
        "acq_date": "2026-09-28",
        "acq_time": "132",
        "satellite": "N",
        "brightness": null,
        "NAME_1": "",
        "locality": ""
      }
    },
    {
      "type": "Feature",
      "geometry": {
        "type": "Point",
        "coordinates": [
          29.02796,
          45.20493
        ]
      },
      "properties": {
        "frp": 5.96,
        "acq_date": "2026-09-28",
        "acq_time": "132",
        "satellite": "N",
        "brightness": null,
        "NAME_1": "",
        "locality": ""
      }
    },
    {
      "type": "Feature",
      "geometry": {
        "type": "Point",
        "coordinates": [
          29.02047,
          45.20755
        ]
      },
      "properties": {
        "frp": 5.96,
        "acq_date": "2026-09-28",
        "acq_time": "132",
        "satellite": "N",
        "brightness": null,
        "NAME_1": "",
        "locality": ""
      }
    },
    {
      "type": "Feature",
      "geometry": {
        "type": "Point",
        "coordinates": [
          29.02473,
          45.21359
        ]
      },
      "properties": {
        "frp": 1.91,
        "acq_date": "2026-09-28",
        "acq_time": "132",
        "satellite": "N",
        "brightness": null,
        "NAME_1": "",
        "locality": ""
      }
    },
    {
      "type": "Feature",
      "geometry": {
        "type": "Point",
        "coordinates": [
          37.24781,
          45.11102
        ]
      },
      "properties": {
        "frp": 5.4,
        "acq_date": "2026-09-28",
        "acq_time": "934",
        "satellite": "N",
        "brightness": null,
        "NAME_1": "Krasnodar",
        "locality": "Temryukskiy rayon"
      }
    },
    {
      "type": "Feature",
      "geometry": {
        "type": "Point",
        "coordinates": [
          39.77791,
          46.12839
        ]
      },
      "properties": {
        "frp": 4.96,
        "acq_date": "2026-09-28",
        "acq_time": "934",
        "satellite": "N",
        "brightness": null,
        "NAME_1": "Krasnodar",
        "locality": "Pavlovskiy rayon"
      }
    },
    {
      "type": "Feature",
      "geometry": {
        "type": "Point",
        "coordinates": [
          39.77601,
          46.13063
        ]
      },
      "properties": {
        "frp": 5.25,
        "acq_date": "2026-09-28",
        "acq_time": "934",
        "satellite": "N",
        "brightness": null,
        "NAME_1": "Krasnodar",
        "locality": "Pavlovskiy rayon"
      }
    },
    {
      "type": "Feature",
      "geometry": {
        "type": "Point",
        "coordinates": [
          39.4325,
          46.38572
        ]
      },
      "properties": {
        "frp": 3.33,
        "acq_date": "2026-09-28",
        "acq_time": "934",
        "satellite": "N",
        "brightness": null,
        "NAME_1": "Krasnodar",
        "locality": "Leningradskiy rayon"
      }
    },
    {
      "type": "Feature",
      "geometry": {
        "type": "Point",
        "coordinates": [
          40.08602,
          46.5606
        ]
      },
      "properties": {
        "frp": 6.36,
        "acq_date": "2026-09-28",
        "acq_time": "934",
        "satellite": "N",
        "brightness": null,
        "NAME_1": "Rostov",
        "locality": "Zernogradskiy rayon"
      }
    },
    {
      "type": "Feature",
      "geometry": {
        "type": "Point",
        "coordinates": [
          39.11609,
          46.81017
        ]
      },
      "properties": {
        "frp": 4.41,
        "acq_date": "2026-09-28",
        "acq_time": "934",
        "satellite": "N",
        "brightness": null,
        "NAME_1": "Rostov",
        "locality": "Azovskiy rayon"
      }
    },
    {
      "type": "Feature",
      "geometry": {
        "type": "Point",
        "coordinates": [
          37.57897,
          47.50858
        ]
      },
      "properties": {
        "frp": 4.03,
        "acq_date": "2026-09-28",
        "acq_time": "934",
        "satellite": "N",
        "brightness": null,
        "NAME_1": "Donets'k",
        "locality": "Volnovas'kyi"
      }
    },
    {
      "type": "Feature",
      "geometry": {
        "type": "Point",
        "coordinates": [
          37.58329,
          47.50981
        ]
      },
      "properties": {
        "frp": 4.03,
        "acq_date": "2026-09-28",
        "acq_time": "934",
        "satellite": "N",
        "brightness": null,
        "NAME_1": "Donets'k",
        "locality": "Volnovas'kyi"
      }
    },
    {
      "type": "Feature",
      "geometry": {
        "type": "Point",
        "coordinates": [
          37.57187,
          47.5122
        ]
      },
      "properties": {
        "frp": 2.94,
        "acq_date": "2026-09-28",
        "acq_time": "934",
        "satellite": "N",
        "brightness": null,
        "NAME_1": "Donets'k",
        "locality": "Volnovas'kyi"
      }
    },
    {
      "type": "Feature",
      "geometry": {
        "type": "Point",
        "coordinates": [
          37.57615,
          47.51342
        ]
      },
      "properties": {
        "frp": 4.48,
        "acq_date": "2026-09-28",
        "acq_time": "934",
        "satellite": "N",
        "brightness": null,
        "NAME_1": "Donets'k",
        "locality": "Volnovas'kyi"
      }
    },
    {
      "type": "Feature",
      "geometry": {
        "type": "Point",
        "coordinates": [
          37.58045,
          47.51464
        ]
      },
      "properties": {
        "frp": 4.48,
        "acq_date": "2026-09-28",
        "acq_time": "934",
        "satellite": "N",
        "brightness": null,
        "NAME_1": "Donets'k",
        "locality": "Volnovas'kyi"
      }
    },
    {
      "type": "Feature",
      "geometry": {
        "type": "Point",
        "coordinates": [
          36.96677,
          47.52235
        ]
      },
      "properties": {
        "frp": 3.84,
        "acq_date": "2026-09-28",
        "acq_time": "934",
        "satellite": "N",
        "brightness": null,
        "NAME_1": "Zaporizhia",
        "locality": "Rozivs'kyi"
      }
    },
    {
      "type": "Feature",
      "geometry": {
        "type": "Point",
        "coordinates": [
          39.39392,
          47.68835
        ]
      },
      "properties": {
        "frp": 4.92,
        "acq_date": "2026-09-28",
        "acq_time": "934",
        "satellite": "N",
        "brightness": null,
        "NAME_1": "Rostov",
        "locality": "Rodionovo-Nesvetayskiy rayon"
      }
    },
    {
      "type": "Feature",
      "geometry": {
        "type": "Point",
        "coordinates": [
          27.69703,
          48.22051
        ]
      },
      "properties": {
        "frp": 6.45,
        "acq_date": "2026-09-28",
        "acq_time": "937",
        "satellite": "N",
        "brightness": null,
        "NAME_1": "",
        "locality": ""
      }
    },
    {
      "type": "Feature",
      "geometry": {
        "type": "Point",
        "coordinates": [
          27.69746,
          48.22208
        ]
      },
      "properties": {
        "frp": 5.92,
        "acq_date": "2026-09-28",
        "acq_time": "937",
        "satellite": "N",
        "brightness": null,
        "NAME_1": "",
        "locality": ""
      }
    },
    {
      "type": "Feature",
      "geometry": {
        "type": "Point",
        "coordinates": [
          30.59051,
          48.46953
        ]
      },
      "properties": {
        "frp": 3.73,
        "acq_date": "2026-09-28",
        "acq_time": "937",
        "satellite": "N",
        "brightness": null,
        "NAME_1": "Kirovohrad",
        "locality": "Holovanivs'kyi"
      }
    },
    {
      "type": "Feature",
      "geometry": {
        "type": "Point",
        "coordinates": [
          30.59433,
          48.47158
        ]
      },
      "properties": {
        "frp": 4.27,
        "acq_date": "2026-09-28",
        "acq_time": "937",
        "satellite": "N",
        "brightness": null,
        "NAME_1": "Kirovohrad",
        "locality": "Holovanivs'kyi"
      }
    },
    {
      "type": "Feature",
      "geometry": {
        "type": "Point",
        "coordinates": [
          36.41451,
          50.17317
        ]
      },
      "properties": {
        "frp": 2.98,
        "acq_date": "2026-09-28",
        "acq_time": "937",
        "satellite": "N",
        "brightness": null,
        "NAME_1": "Kharkiv",
        "locality": "Kharkivs'kyi"
      }
    },
    {
      "type": "Feature",
      "geometry": {
        "type": "Point",
        "coordinates": [
          34.35564,
          51.22379
        ]
      },
      "properties": {
        "frp": 7.48,
        "acq_date": "2026-09-28",
        "acq_time": "937",
        "satellite": "N",
        "brightness": null,
        "NAME_1": "Sumy",
        "locality": "Bilopils'kyi"
      }
    },
    {
      "type": "Feature",
      "geometry": {
        "type": "Point",
        "coordinates": [
          34.36023,
          51.22517
        ]
      },
      "properties": {
        "frp": 10.53,
        "acq_date": "2026-09-28",
        "acq_time": "937",
        "satellite": "N",
        "brightness": null,
        "NAME_1": "Sumy",
        "locality": "Bilopils'kyi"
      }
    },
    {
      "type": "Feature",
      "geometry": {
        "type": "Point",
        "coordinates": [
          31.24113,
          52.26958
        ]
      },
      "properties": {
        "frp": 10.54,
        "acq_date": "2026-09-28",
        "acq_time": "937",
        "satellite": "N",
        "brightness": null,
        "NAME_1": "Gomel",
        "locality": "Dobru\u0161"
      }
    },
    {
      "type": "Feature",
      "geometry": {
        "type": "Point",
        "coordinates": [
          34.39817,
          52.62174
        ]
      },
      "properties": {
        "frp": 13.99,
        "acq_date": "2026-09-28",
        "acq_time": "937",
        "satellite": "N",
        "brightness": null,
        "NAME_1": "Bryansk",
        "locality": "Brasovskiy rayon"
      }
    },
    {
      "type": "Feature",
      "geometry": {
        "type": "Point",
        "coordinates": [
          24.54221,
          44.10423
        ]
      },
      "properties": {
        "frp": 3.31,
        "acq_date": "2026-09-28",
        "acq_time": "1117",
        "satellite": "N",
        "brightness": null,
        "NAME_1": "",
        "locality": ""
      }
    },
    {
      "type": "Feature",
      "geometry": {
        "type": "Point",
        "coordinates": [
          24.03511,
          44.13557
        ]
      },
      "properties": {
        "frp": 4.02,
        "acq_date": "2026-09-28",
        "acq_time": "1117",
        "satellite": "N",
        "brightness": null,
        "NAME_1": "",
        "locality": ""
      }
    },
    {
      "type": "Feature",
      "geometry": {
        "type": "Point",
        "coordinates": [
          23.4727,
          44.19585
        ]
      },
      "properties": {
        "frp": 4.46,
        "acq_date": "2026-09-28",
        "acq_time": "1117",
        "satellite": "N",
        "brightness": null,
        "NAME_1": "",
        "locality": ""
      }
    },
    {
      "type": "Feature",
      "geometry": {
        "type": "Point",
        "coordinates": [
          22.62687,
          44.38179
        ]
      },
      "properties": {
        "frp": 8.15,
        "acq_date": "2026-09-28",
        "acq_time": "1117",
        "satellite": "N",
        "brightness": null,
        "NAME_1": "",
        "locality": ""
      }
    },
    {
      "type": "Feature",
      "geometry": {
        "type": "Point",
        "coordinates": [
          22.63236,
          44.38285
        ]
      },
      "properties": {
        "frp": 2.7,
        "acq_date": "2026-09-28",
        "acq_time": "1117",
        "satellite": "N",
        "brightness": null,
        "NAME_1": "",
        "locality": ""
      }
    },
    {
      "type": "Feature",
      "geometry": {
        "type": "Point",
        "coordinates": [
          22.62009,
          44.38422
        ]
      },
      "properties": {
        "frp": 10.23,
        "acq_date": "2026-09-28",
        "acq_time": "1117",
        "satellite": "N",
        "brightness": null,
        "NAME_1": "",
        "locality": ""
      }
    },
    {
      "type": "Feature",
      "geometry": {
        "type": "Point",
        "coordinates": [
          22.63107,
          44.38632
        ]
      },
      "properties": {
        "frp": 33.07,
        "acq_date": "2026-09-28",
        "acq_time": "1117",
        "satellite": "N",
        "brightness": null,
        "NAME_1": "",
        "locality": ""
      }
    },
    {
      "type": "Feature",
      "geometry": {
        "type": "Point",
        "coordinates": [
          22.6188,
          44.38769
        ]
      },
      "properties": {
        "frp": 10.23,
        "acq_date": "2026-09-28",
        "acq_time": "1117",
        "satellite": "N",
        "brightness": null,
        "NAME_1": "",
        "locality": ""
      }
    },
    {
      "type": "Feature",
      "geometry": {
        "type": "Point",
        "coordinates": [
          22.73088,
          44.4017
        ]
      },
      "properties": {
        "frp": 5.24,
        "acq_date": "2026-09-28",
        "acq_time": "1117",
        "satellite": "N",
        "brightness": null,
        "NAME_1": "",
        "locality": ""
      }
    },
    {
      "type": "Feature",
      "geometry": {
        "type": "Point",
        "coordinates": [
          25.31013,
          44.40552
        ]
      },
      "properties": {
        "frp": 14.82,
        "acq_date": "2026-09-28",
        "acq_time": "1117",
        "satellite": "N",
        "brightness": null,
        "NAME_1": "",
        "locality": ""
      }
    },
    {
      "type": "Feature",
      "geometry": {
        "type": "Point",
        "coordinates": [
          22.72081,
          44.44427
        ]
      },
      "properties": {
        "frp": 3.28,
        "acq_date": "2026-09-28",
        "acq_time": "1117",
        "satellite": "N",
        "brightness": null,
        "NAME_1": "",
        "locality": ""
      }
    },
    {
      "type": "Feature",
      "geometry": {
        "type": "Point",
        "coordinates": [
          22.71408,
          44.4467
        ]
      },
      "properties": {
        "frp": 12.77,
        "acq_date": "2026-09-28",
        "acq_time": "1117",
        "satellite": "N",
        "brightness": null,
        "NAME_1": "",
        "locality": ""
      }
    },
    {
      "type": "Feature",
      "geometry": {
        "type": "Point",
        "coordinates": [
          22.71953,
          44.44773
        ]
      },
      "properties": {
        "frp": 12.77,
        "acq_date": "2026-09-28",
        "acq_time": "1117",
        "satellite": "N",
        "brightness": null,
        "NAME_1": "",
        "locality": ""
      }
    },
    {
      "type": "Feature",
      "geometry": {
        "type": "Point",
        "coordinates": [
          22.7811,
          44.47045
        ]
      },
      "properties": {
        "frp": 3.66,
        "acq_date": "2026-09-28",
        "acq_time": "1117",
        "satellite": "N",
        "brightness": null,
        "NAME_1": "",
        "locality": ""
      }
    },
    {
      "type": "Feature",
      "geometry": {
        "type": "Point",
        "coordinates": [
          22.78456,
          44.47078
        ]
      },
      "properties": {
        "frp": 10.34,
        "acq_date": "2026-09-28",
        "acq_time": "1117",
        "satellite": "N",
        "brightness": null,
        "NAME_1": "",
        "locality": ""
      }
    },
    {
      "type": "Feature",
      "geometry": {
        "type": "Point",
        "coordinates": [
          22.78654,
          44.47147
        ]
      },
      "properties": {
        "frp": 6.36,
        "acq_date": "2026-09-28",
        "acq_time": "1117",
        "satellite": "N",
        "brightness": null,
        "NAME_1": "",
        "locality": ""
      }
    },
    {
      "type": "Feature",
      "geometry": {
        "type": "Point",
        "coordinates": [
          22.78331,
          44.47424
        ]
      },
      "properties": {
        "frp": 6.81,
        "acq_date": "2026-09-28",
        "acq_time": "1117",
        "satellite": "N",
        "brightness": null,
        "NAME_1": "",
        "locality": ""
      }
    },
    {
      "type": "Feature",
      "geometry": {
        "type": "Point",
        "coordinates": [
          23.11114,
          44.68305
        ]
      },
      "properties": {
        "frp": 1.66,
        "acq_date": "2026-09-28",
        "acq_time": "1117",
        "satellite": "N",
        "brightness": null,
        "NAME_1": "",
        "locality": ""
      }
    },
    {
      "type": "Feature",
      "geometry": {
        "type": "Point",
        "coordinates": [
          22.37369,
          44.75248
        ]
      },
      "properties": {
        "frp": 2.21,
        "acq_date": "2026-09-28",
        "acq_time": "1117",
        "satellite": "N",
        "brightness": null,
        "NAME_1": "",
        "locality": ""
      }
    },
    {
      "type": "Feature",
      "geometry": {
        "type": "Point",
        "coordinates": [
          25.629,
          44.82784
        ]
      },
      "properties": {
        "frp": 1.51,
        "acq_date": "2026-09-28",
        "acq_time": "1117",
        "satellite": "N",
        "brightness": null,
        "NAME_1": "",
        "locality": ""
      }
    },
    {
      "type": "Feature",
      "geometry": {
        "type": "Point",
        "coordinates": [
          22.90357,
          44.85006
        ]
      },
      "properties": {
        "frp": 3.0,
        "acq_date": "2026-09-28",
        "acq_time": "1117",
        "satellite": "N",
        "brightness": null,
        "NAME_1": "",
        "locality": ""
      }
    },
    {
      "type": "Feature",
      "geometry": {
        "type": "Point",
        "coordinates": [
          22.4295,
          44.88521
        ]
      },
      "properties": {
        "frp": 3.11,
        "acq_date": "2026-09-28",
        "acq_time": "1117",
        "satellite": "N",
        "brightness": null,
        "NAME_1": "",
        "locality": ""
      }
    },
    {
      "type": "Feature",
      "geometry": {
        "type": "Point",
        "coordinates": [
          23.12745,
          44.99159
        ]
      },
      "properties": {
        "frp": 1.66,
        "acq_date": "2026-09-28",
        "acq_time": "1117",
        "satellite": "N",
        "brightness": null,
        "NAME_1": "",
        "locality": ""
      }
    },
    {
      "type": "Feature",
      "geometry": {
        "type": "Point",
        "coordinates": [
          23.53946,
          45.00012
        ]
      },
      "properties": {
        "frp": 2.08,
        "acq_date": "2026-09-28",
        "acq_time": "1117",
        "satellite": "N",
        "brightness": null,
        "NAME_1": "",
        "locality": ""
      }
    },
    {
      "type": "Feature",
      "geometry": {
        "type": "Point",
        "coordinates": [
          23.53825,
          45.00348
        ]
      },
      "properties": {
        "frp": 7.67,
        "acq_date": "2026-09-28",
        "acq_time": "1117",
        "satellite": "N",
        "brightness": null,
        "NAME_1": "",
        "locality": ""
      }
    },
    {
      "type": "Feature",
      "geometry": {
        "type": "Point",
        "coordinates": [
          23.23804,
          45.01212
        ]
      },
      "properties": {
        "frp": 4.03,
        "acq_date": "2026-09-28",
        "acq_time": "1117",
        "satellite": "N",
        "brightness": null,
        "NAME_1": "",
        "locality": ""
      }
    },
    {
      "type": "Feature",
      "geometry": {
        "type": "Point",
        "coordinates": [
          38.31846,
          45.6855
        ]
      },
      "properties": {
        "frp": 6.22,
        "acq_date": "2026-09-28",
        "acq_time": "1117",
        "satellite": "N",
        "brightness": null,
        "NAME_1": "Krasnodar",
        "locality": "Kalininskiy rayon"
      }
    },
    {
      "type": "Feature",
      "geometry": {
        "type": "Point",
        "coordinates": [
          39.55804,
          46.46842
        ]
      },
      "properties": {
        "frp": 4.83,
        "acq_date": "2026-09-28",
        "acq_time": "1117",
        "satellite": "N",
        "brightness": null,
        "NAME_1": "Krasnodar",
        "locality": "Kushchevskiy rayon"
      }
    },
    {
      "type": "Feature",
      "geometry": {
        "type": "Point",
        "coordinates": [
          40.0723,
          46.55336
        ]
      },
      "properties": {
        "frp": 14.01,
        "acq_date": "2026-09-28",
        "acq_time": "1117",
        "satellite": "N",
        "brightness": null,
        "NAME_1": "Rostov",
        "locality": "Zernogradskiy rayon"
      }
    },
    {
      "type": "Feature",
      "geometry": {
        "type": "Point",
        "coordinates": [
          40.07238,
          46.55519
        ]
      },
      "properties": {
        "frp": 10.38,
        "acq_date": "2026-09-28",
        "acq_time": "1117",
        "satellite": "N",
        "brightness": null,
        "NAME_1": "Rostov",
        "locality": "Zernogradskiy rayon"
      }
    },
    {
      "type": "Feature",
      "geometry": {
        "type": "Point",
        "coordinates": [
          39.1548,
          46.65181
        ]
      },
      "properties": {
        "frp": 3.89,
        "acq_date": "2026-09-28",
        "acq_time": "1117",
        "satellite": "N",
        "brightness": null,
        "NAME_1": "Krasnodar",
        "locality": "Starominskiy rayon"
      }
    },
    {
      "type": "Feature",
      "geometry": {
        "type": "Point",
        "coordinates": [
          36.62815,
          46.81772
        ]
      },
      "properties": {
        "frp": 5.95,
        "acq_date": "2026-09-28",
        "acq_time": "1117",
        "satellite": "N",
        "brightness": null,
        "NAME_1": "Zaporizhia",
        "locality": "Berdians'kyi"
      }
    },
    {
      "type": "Feature",
      "geometry": {
        "type": "Point",
        "coordinates": [
          36.6263,
          46.81913
        ]
      },
      "properties": {
        "frp": 6.64,
        "acq_date": "2026-09-28",
        "acq_time": "1117",
        "satellite": "N",
        "brightness": null,
        "NAME_1": "Zaporizhia",
        "locality": "Berdians'kyi"
      }
    },
    {
      "type": "Feature",
      "geometry": {
        "type": "Point",
        "coordinates": [
          35.37232,
          46.94607
        ]
      },
      "properties": {
        "frp": 19.66,
        "acq_date": "2026-09-28",
        "acq_time": "1117",
        "satellite": "N",
        "brightness": null,
        "NAME_1": "Zaporizhia",
        "locality": "Melitopol's'kyi"
      }
    },
    {
      "type": "Feature",
      "geometry": {
        "type": "Point",
        "coordinates": [
          35.37128,
          46.94632
        ]
      },
      "properties": {
        "frp": 11.07,
        "acq_date": "2026-09-28",
        "acq_time": "1117",
        "satellite": "N",
        "brightness": null,
        "NAME_1": "Zaporizhia",
        "locality": "Melitopol's'kyi"
      }
    },
    {
      "type": "Feature",
      "geometry": {
        "type": "Point",
        "coordinates": [
          35.37899,
          46.94655
        ]
      },
      "properties": {
        "frp": 19.66,
        "acq_date": "2026-09-28",
        "acq_time": "1117",
        "satellite": "N",
        "brightness": null,
        "NAME_1": "Zaporizhia",
        "locality": "Melitopol's'kyi"
      }
    },
    {
      "type": "Feature",
      "geometry": {
        "type": "Point",
        "coordinates": [
          35.37795,
          46.94677
        ]
      },
      "properties": {
        "frp": 28.88,
        "acq_date": "2026-09-28",
        "acq_time": "1117",
        "satellite": "N",
        "brightness": null,
        "NAME_1": "Zaporizhia",
        "locality": "Melitopol's'kyi"
      }
    },
    {
      "type": "Feature",
      "geometry": {
        "type": "Point",
        "coordinates": [
          39.81575,
          47.13623
        ]
      },
      "properties": {
        "frp": 7.36,
        "acq_date": "2026-09-28",
        "acq_time": "1117",
        "satellite": "N",
        "brightness": null,
        "NAME_1": "Rostov",
        "locality": "Bataysk"
      }
    },
    {
      "type": "Feature",
      "geometry": {
        "type": "Point",
        "coordinates": [
          39.82126,
          47.13641
        ]
      },
      "properties": {
        "frp": 7.36,
        "acq_date": "2026-09-28",
        "acq_time": "1117",
        "satellite": "N",
        "brightness": null,
        "NAME_1": "Rostov",
        "locality": "Bataysk"
      }
    },
    {
      "type": "Feature",
      "geometry": {
        "type": "Point",
        "coordinates": [
          39.81544,
          47.14188
        ]
      },
      "properties": {
        "frp": 7.36,
        "acq_date": "2026-09-28",
        "acq_time": "1117",
        "satellite": "N",
        "brightness": null,
        "NAME_1": "Rostov",
        "locality": "Bataysk"
      }
    },
    {
      "type": "Feature",
      "geometry": {
        "type": "Point",
        "coordinates": [
          35.2401,
          47.31384
        ]
      },
      "properties": {
        "frp": 19.46,
        "acq_date": "2026-09-28",
        "acq_time": "1117",
        "satellite": "N",
        "brightness": null,
        "NAME_1": "Zaporizhia",
        "locality": "Mykhailivs'kyi"
      }
    },
    {
      "type": "Feature",
      "geometry": {
        "type": "Point",
        "coordinates": [
          36.32393,
          47.39402
        ]
      },
      "properties": {
        "frp": 6.25,
        "acq_date": "2026-09-28",
        "acq_time": "1117",
        "satellite": "N",
        "brightness": null,
        "NAME_1": "Zaporizhia",
        "locality": "Polohivs'kyi"
      }
    },
    {
      "type": "Feature",
      "geometry": {
        "type": "Point",
        "coordinates": [
          36.99403,
          47.47842
        ]
      },
      "properties": {
        "frp": 7.43,
        "acq_date": "2026-09-28",
        "acq_time": "1117",
        "satellite": "N",
        "brightness": null,
        "NAME_1": "Zaporizhia",
        "locality": "Rozivs'kyi"
      }
    },
    {
      "type": "Feature",
      "geometry": {
        "type": "Point",
        "coordinates": [
          37.57673,
          47.50933
        ]
      },
      "properties": {
        "frp": 3.25,
        "acq_date": "2026-09-28",
        "acq_time": "1117",
        "satellite": "N",
        "brightness": null,
        "NAME_1": "Donets'k",
        "locality": "Volnovas'kyi"
      }
    },
    {
      "type": "Feature",
      "geometry": {
        "type": "Point",
        "coordinates": [
          37.58101,
          47.50955
        ]
      },
      "properties": {
        "frp": 7.45,
        "acq_date": "2026-09-28",
        "acq_time": "1117",
        "satellite": "N",
        "brightness": null,
        "NAME_1": "Donets'k",
        "locality": "Volnovas'kyi"
      }
    },
    {
      "type": "Feature",
      "geometry": {
        "type": "Point",
        "coordinates": [
          37.57709,
          47.51223
        ]
      },
      "properties": {
        "frp": 5.62,
        "acq_date": "2026-09-28",
        "acq_time": "1117",
        "satellite": "N",
        "brightness": null,
        "NAME_1": "Donets'k",
        "locality": "Volnovas'kyi"
      }
    },
    {
      "type": "Feature",
      "geometry": {
        "type": "Point",
        "coordinates": [
          37.58139,
          47.51243
        ]
      },
      "properties": {
        "frp": 7.17,
        "acq_date": "2026-09-28",
        "acq_time": "1117",
        "satellite": "N",
        "brightness": null,
        "NAME_1": "Donets'k",
        "locality": "Volnovas'kyi"
      }
    },
    {
      "type": "Feature",
      "geometry": {
        "type": "Point",
        "coordinates": [
          35.2606,
          47.97714
        ]
      },
      "properties": {
        "frp": 3.46,
        "acq_date": "2026-09-28",
        "acq_time": "1117",
        "satellite": "N",
        "brightness": null,
        "NAME_1": "Zaporizhia",
        "locality": "Vil'nians'kyi"
      }
    },
    {
      "type": "Feature",
      "geometry": {
        "type": "Point",
        "coordinates": [
          40.50438,
          48.08013
        ]
      },
      "properties": {
        "frp": 5.6,
        "acq_date": "2026-09-28",
        "acq_time": "1117",
        "satellite": "N",
        "brightness": null,
        "NAME_1": "Rostov",
        "locality": "Krasnosulinskiy rayon"
      }
    },
    {
      "type": "Feature",
      "geometry": {
        "type": "Point",
        "coordinates": [
          37.44561,
          48.11707
        ]
      },
      "properties": {
        "frp": 4.29,
        "acq_date": "2026-09-28",
        "acq_time": "1117",
        "satellite": "N",
        "brightness": null,
        "NAME_1": "Donets'k",
        "locality": "Mar\u2039ns'kyi"
      }
    },
    {
      "type": "Feature",
      "geometry": {
        "type": "Point",
        "coordinates": [
          22.02451,
          49.72124
        ]
      },
      "properties": {
        "frp": 2.25,
        "acq_date": "2026-09-28",
        "acq_time": "1117",
        "satellite": "N",
        "brightness": null,
        "NAME_1": "",
        "locality": ""
      }
    },
    {
      "type": "Feature",
      "geometry": {
        "type": "Point",
        "coordinates": [
          22.02999,
          49.7222
        ]
      },
      "properties": {
        "frp": 2.24,
        "acq_date": "2026-09-28",
        "acq_time": "1117",
        "satellite": "N",
        "brightness": null,
        "NAME_1": "",
        "locality": ""
      }
    },
    {
      "type": "Feature",
      "geometry": {
        "type": "Point",
        "coordinates": [
          23.69501,
          50.46197
        ]
      },
      "properties": {
        "frp": 2.54,
        "acq_date": "2026-09-28",
        "acq_time": "1117",
        "satellite": "N",
        "brightness": null,
        "NAME_1": "",
        "locality": ""
      }
    },
    {
      "type": "Feature",
      "geometry": {
        "type": "Point",
        "coordinates": [
          26.27404,
          50.74587
        ]
      },
      "properties": {
        "frp": 1.96,
        "acq_date": "2026-09-28",
        "acq_time": "1117",
        "satellite": "N",
        "brightness": null,
        "NAME_1": "Rivne",
        "locality": "Rivnens'kyi"
      }
    },
    {
      "type": "Feature",
      "geometry": {
        "type": "Point",
        "coordinates": [
          25.32902,
          50.84272
        ]
      },
      "properties": {
        "frp": 3.39,
        "acq_date": "2026-09-28",
        "acq_time": "1117",
        "satellite": "N",
        "brightness": null,
        "NAME_1": "Volyn",
        "locality": "Kivertsivs'kyi"
      }
    },
    {
      "type": "Feature",
      "geometry": {
        "type": "Point",
        "coordinates": [
          25.3345,
          50.8435
        ]
      },
      "properties": {
        "frp": 3.39,
        "acq_date": "2026-09-28",
        "acq_time": "1117",
        "satellite": "N",
        "brightness": null,
        "NAME_1": "Volyn",
        "locality": "Kivertsivs'kyi"
      }
    },
    {
      "type": "Feature",
      "geometry": {
        "type": "Point",
        "coordinates": [
          25.32785,
          50.846
        ]
      },
      "properties": {
        "frp": 4.62,
        "acq_date": "2026-09-28",
        "acq_time": "1117",
        "satellite": "N",
        "brightness": null,
        "NAME_1": "Volyn",
        "locality": "Kivertsivs'kyi"
      }
    },
    {
      "type": "Feature",
      "geometry": {
        "type": "Point",
        "coordinates": [
          37.93087,
          51.1378
        ]
      },
      "properties": {
        "frp": 4.95,
        "acq_date": "2026-09-28",
        "acq_time": "1117",
        "satellite": "N",
        "brightness": null,
        "NAME_1": "Belgorod",
        "locality": "Starooskol'skiy rayon"
      }
    },
    {
      "type": "Feature",
      "geometry": {
        "type": "Point",
        "coordinates": [
          37.93043,
          51.14312
        ]
      },
      "properties": {
        "frp": 2.73,
        "acq_date": "2026-09-28",
        "acq_time": "1117",
        "satellite": "N",
        "brightness": null,
        "NAME_1": "Belgorod",
        "locality": "Starooskol'skiy rayon"
      }
    },
    {
      "type": "Feature",
      "geometry": {
        "type": "Point",
        "coordinates": [
          22.47906,
          51.65265
        ]
      },
      "properties": {
        "frp": 1.89,
        "acq_date": "2026-09-28",
        "acq_time": "1117",
        "satellite": "N",
        "brightness": null,
        "NAME_1": "",
        "locality": ""
      }
    },
    {
      "type": "Feature",
      "geometry": {
        "type": "Point",
        "coordinates": [
          29.34513,
          51.89238
        ]
      },
      "properties": {
        "frp": 6.39,
        "acq_date": "2026-09-28",
        "acq_time": "1117",
        "satellite": "N",
        "brightness": null,
        "NAME_1": "Gomel",
        "locality": "Mazyr"
      }
    },
    {
      "type": "Feature",
      "geometry": {
        "type": "Point",
        "coordinates": [
          24.28164,
          52.2914
        ]
      },
      "properties": {
        "frp": 9.29,
        "acq_date": "2026-09-28",
        "acq_time": "1117",
        "satellite": "N",
        "brightness": null,
        "NAME_1": "Brest",
        "locality": "Kobryn"
      }
    },
    {
      "type": "Feature",
      "geometry": {
        "type": "Point",
        "coordinates": [
          24.28724,
          52.29222
        ]
      },
      "properties": {
        "frp": 9.29,
        "acq_date": "2026-09-28",
        "acq_time": "1117",
        "satellite": "N",
        "brightness": null,
        "NAME_1": "Brest",
        "locality": "Kobryn"
      }
    },
    {
      "type": "Feature",
      "geometry": {
        "type": "Point",
        "coordinates": [
          24.28036,
          52.29467
        ]
      },
      "properties": {
        "frp": 9.29,
        "acq_date": "2026-09-28",
        "acq_time": "1117",
        "satellite": "N",
        "brightness": null,
        "NAME_1": "Brest",
        "locality": "Kobryn"
      }
    },
    {
      "type": "Feature",
      "geometry": {
        "type": "Point",
        "coordinates": [
          24.28596,
          52.2955
        ]
      },
      "properties": {
        "frp": 9.29,
        "acq_date": "2026-09-28",
        "acq_time": "1117",
        "satellite": "N",
        "brightness": null,
        "NAME_1": "Brest",
        "locality": "Kobryn"
      }
    },
    {
      "type": "Feature",
      "geometry": {
        "type": "Point",
        "coordinates": [
          33.5892,
          52.4924
        ]
      },
      "properties": {
        "frp": 2.25,
        "acq_date": "2026-09-28",
        "acq_time": "1117",
        "satellite": "N",
        "brightness": null,
        "NAME_1": "Bryansk",
        "locality": "Trubchevskiy rayon"
      }
    },
    {
      "type": "Feature",
      "geometry": {
        "type": "Point",
        "coordinates": [
          25.20564,
          47.36948
        ]
      },
      "properties": {
        "frp": 5.0,
        "acq_date": "2026-09-28",
        "acq_time": "1119",
        "satellite": "N",
        "brightness": null,
        "NAME_1": "",
        "locality": ""
      }
    },
    {
      "type": "Feature",
      "geometry": {
        "type": "Point",
        "coordinates": [
          22.30272,
          48.59557
        ]
      },
      "properties": {
        "frp": 1.76,
        "acq_date": "2026-09-28",
        "acq_time": "1119",
        "satellite": "N",
        "brightness": null,
        "NAME_1": "Zakarpattia",
        "locality": "Uzhhorods'kyi"
      }
    },
    {
      "type": "Feature",
      "geometry": {
        "type": "Point",
        "coordinates": [
          24.71255,
          48.97691
        ]
      },
      "properties": {
        "frp": 2.41,
        "acq_date": "2026-09-28",
        "acq_time": "1119",
        "satellite": "N",
        "brightness": null,
        "NAME_1": "Ivano-Frankivs'k",
        "locality": "Tysmenyts'kyi"
      }
    },
    {
      "type": "Feature",
      "geometry": {
        "type": "Point",
        "coordinates": [
          26.80153,
          49.12229
        ]
      },
      "properties": {
        "frp": 6.77,
        "acq_date": "2026-09-28",
        "acq_time": "1119",
        "satellite": "N",
        "brightness": null,
        "NAME_1": "Khmel'nyts'kyy",
        "locality": "Iarmolynets'kyi"
      }
    },
    {
      "type": "Feature",
      "geometry": {
        "type": "Point",
        "coordinates": [
          26.80591,
          49.12637
        ]
      },
      "properties": {
        "frp": 6.77,
        "acq_date": "2026-09-28",
        "acq_time": "1119",
        "satellite": "N",
        "brightness": null,
        "NAME_1": "Khmel'nyts'kyy",
        "locality": "Iarmolynets'kyi"
      }
    },
    {
      "type": "Feature",
      "geometry": {
        "type": "Point",
        "coordinates": [
          23.33771,
          49.37833
        ]
      },
      "properties": {
        "frp": 1.79,
        "acq_date": "2026-09-28",
        "acq_time": "1119",
        "satellite": "N",
        "brightness": null,
        "NAME_1": "L'viv",
        "locality": "Drohobyts'kyi"
      }
    },
    {
      "type": "Feature",
      "geometry": {
        "type": "Point",
        "coordinates": [
          30.30378,
          49.74012
        ]
      },
      "properties": {
        "frp": 4.08,
        "acq_date": "2026-09-28",
        "acq_time": "1119",
        "satellite": "N",
        "brightness": null,
        "NAME_1": "Kiev",
        "locality": "Rokytnians'kyi"
      }
    },
    {
      "type": "Feature",
      "geometry": {
        "type": "Point",
        "coordinates": [
          36.18885,
          50.3242
        ]
      },
      "properties": {
        "frp": 0.68,
        "acq_date": "2026-09-28",
        "acq_time": "2329",
        "satellite": "N",
        "brightness": null,
        "NAME_1": "Kharkiv",
        "locality": "Derhachivs'kyi"
      }
    },
    {
      "type": "Feature",
      "geometry": {
        "type": "Point",
        "coordinates": [
          26.25791,
          50.54469
        ]
      },
      "properties": {
        "frp": 1.42,
        "acq_date": "2026-09-28",
        "acq_time": "2329",
        "satellite": "N",
        "brightness": null,
        "NAME_1": "Rivne",
        "locality": "Zdolbunivs'kyi"
      }
    },
    {
      "type": "Feature",
      "geometry": {
        "type": "Point",
        "coordinates": [
          37.92708,
          51.13939
        ]
      },
      "properties": {
        "frp": 5.48,
        "acq_date": "2026-09-28",
        "acq_time": "2329",
        "satellite": "N",
        "brightness": null,
        "NAME_1": "Belgorod",
        "locality": "Starooskol'skiy rayon"
      }
    },
    {
      "type": "Feature",
      "geometry": {
        "type": "Point",
        "coordinates": [
          37.92815,
          51.14297
        ]
      },
      "properties": {
        "frp": 0.72,
        "acq_date": "2026-09-28",
        "acq_time": "2329",
        "satellite": "N",
        "brightness": null,
        "NAME_1": "Belgorod",
        "locality": "Starooskol'skiy rayon"
      }
    },
    {
      "type": "Feature",
      "geometry": {
        "type": "Point",
        "coordinates": [
          37.94545,
          51.15579
        ]
      },
      "properties": {
        "frp": 0.74,
        "acq_date": "2026-09-28",
        "acq_time": "2329",
        "satellite": "N",
        "brightness": null,
        "NAME_1": "Belgorod",
        "locality": "Starooskol'skiy rayon"
      }
    },
    {
      "type": "Feature",
      "geometry": {
        "type": "Point",
        "coordinates": [
          37.76437,
          51.25836
        ]
      },
      "properties": {
        "frp": 1.8,
        "acq_date": "2026-09-28",
        "acq_time": "2329",
        "satellite": "N",
        "brightness": null,
        "NAME_1": "Belgorod",
        "locality": "Starooskol'skiy rayon"
      }
    },
    {
      "type": "Feature",
      "geometry": {
        "type": "Point",
        "coordinates": [
          34.09187,
          51.65623
        ]
      },
      "properties": {
        "frp": 0.48,
        "acq_date": "2026-09-28",
        "acq_time": "2329",
        "satellite": "N",
        "brightness": null,
        "NAME_1": "Sumy",
        "locality": "Hlukhivs'kyi"
      }
    },
    {
      "type": "Feature",
      "geometry": {
        "type": "Point",
        "coordinates": [
          29.33791,
          51.8895
        ]
      },
      "properties": {
        "frp": 0.75,
        "acq_date": "2026-09-28",
        "acq_time": "2329",
        "satellite": "N",
        "brightness": null,
        "NAME_1": "Gomel",
        "locality": "Mazyr"
      }
    },
    {
      "type": "Feature",
      "geometry": {
        "type": "Point",
        "coordinates": [
          29.33286,
          51.88969
        ]
      },
      "properties": {
        "frp": 0.75,
        "acq_date": "2026-09-28",
        "acq_time": "2329",
        "satellite": "N",
        "brightness": null,
        "NAME_1": "Gomel",
        "locality": "Mazyr"
      }
    },
    {
      "type": "Feature",
      "geometry": {
        "type": "Point",
        "coordinates": [
          29.33852,
          51.89471
        ]
      },
      "properties": {
        "frp": 0.75,
        "acq_date": "2026-09-28",
        "acq_time": "2329",
        "satellite": "N",
        "brightness": null,
        "NAME_1": "Gomel",
        "locality": "Mazyr"
      }
    },
    {
      "type": "Feature",
      "geometry": {
        "type": "Point",
        "coordinates": [
          34.53294,
          52.26603
        ]
      },
      "properties": {
        "frp": 1.03,
        "acq_date": "2026-09-28",
        "acq_time": "2329",
        "satellite": "N",
        "brightness": null,
        "NAME_1": "Bryansk",
        "locality": "Sevskiy rayon"
      }
    },
    {
      "type": "Feature",
      "geometry": {
        "type": "Point",
        "coordinates": [
          39.70542,
          52.56235
        ]
      },
      "properties": {
        "frp": 0.98,
        "acq_date": "2026-09-28",
        "acq_time": "2329",
        "satellite": "N",
        "brightness": null,
        "NAME_1": "Lipetsk",
        "locality": "Lipetskiy rayon"
      }
    },
    {
      "type": "Feature",
      "geometry": {
        "type": "Point",
        "coordinates": [
          29.99001,
          52.84613
        ]
      },
      "properties": {
        "frp": 3.64,
        "acq_date": "2026-09-28",
        "acq_time": "2329",
        "satellite": "N",
        "brightness": null,
        "NAME_1": "Gomel",
        "locality": "\u017dlobin"
      }
    },
    {
      "type": "Feature",
      "geometry": {
        "type": "Point",
        "coordinates": [
          22.98563,
          44.16096
        ]
      },
      "properties": {
        "frp": 2.05,
        "acq_date": "2026-09-28",
        "acq_time": "2331",
        "satellite": "N",
        "brightness": null,
        "NAME_1": "",
        "locality": ""
      }
    },
    {
      "type": "Feature",
      "geometry": {
        "type": "Point",
        "coordinates": [
          22.7239,
          44.43598
        ]
      },
      "properties": {
        "frp": 3.25,
        "acq_date": "2026-09-28",
        "acq_time": "2331",
        "satellite": "N",
        "brightness": null,
        "NAME_1": "",
        "locality": ""
      }
    },
    {
      "type": "Feature",
      "geometry": {
        "type": "Point",
        "coordinates": [
          22.72824,
          44.43821
        ]
      },
      "properties": {
        "frp": 2.3,
        "acq_date": "2026-09-28",
        "acq_time": "2331",
        "satellite": "N",
        "brightness": null,
        "NAME_1": "",
        "locality": ""
      }
    },
    {
      "type": "Feature",
      "geometry": {
        "type": "Point",
        "coordinates": [
          22.72017,
          44.43824
        ]
      },
      "properties": {
        "frp": 2.3,
        "acq_date": "2026-09-28",
        "acq_time": "2331",
        "satellite": "N",
        "brightness": null,
        "NAME_1": "",
        "locality": ""
      }
    },
    {
      "type": "Feature",
      "geometry": {
        "type": "Point",
        "coordinates": [
          22.724,
          44.44269
        ]
      },
      "properties": {
        "frp": 3.76,
        "acq_date": "2026-09-28",
        "acq_time": "2331",
        "satellite": "N",
        "brightness": null,
        "NAME_1": "",
        "locality": ""
      }
    },
    {
      "type": "Feature",
      "geometry": {
        "type": "Point",
        "coordinates": [
          22.72839,
          44.44492
        ]
      },
      "properties": {
        "frp": 2.3,
        "acq_date": "2026-09-28",
        "acq_time": "2331",
        "satellite": "N",
        "brightness": null,
        "NAME_1": "",
        "locality": ""
      }
    },
    {
      "type": "Feature",
      "geometry": {
        "type": "Point",
        "coordinates": [
          37.66869,
          44.84481
        ]
      },
      "properties": {
        "frp": 1.16,
        "acq_date": "2026-09-28",
        "acq_time": "2331",
        "satellite": "N",
        "brightness": null,
        "NAME_1": "Krasnodar",
        "locality": "Novorossiysk gorsovet"
      }
    },
    {
      "type": "Feature",
      "geometry": {
        "type": "Point",
        "coordinates": [
          31.67012,
          45.25597
        ]
      },
      "properties": {
        "frp": 4.45,
        "acq_date": "2026-09-28",
        "acq_time": "2331",
        "satellite": "N",
        "brightness": null,
        "NAME_1": "",
        "locality": ""
      }
    },
    {
      "type": "Feature",
      "geometry": {
        "type": "Point",
        "coordinates": [
          31.67084,
          45.26035
        ]
      },
      "properties": {
        "frp": 7.61,
        "acq_date": "2026-09-28",
        "acq_time": "2331",
        "satellite": "N",
        "brightness": null,
        "NAME_1": "",
        "locality": ""
      }
    },
    {
      "type": "Feature",
      "geometry": {
        "type": "Point",
        "coordinates": [
          30.90024,
          45.35293
        ]
      },
      "properties": {
        "frp": 1.16,
        "acq_date": "2026-09-28",
        "acq_time": "2331",
        "satellite": "N",
        "brightness": null,
        "NAME_1": "",
        "locality": ""
      }
    },
    {
      "type": "Feature",
      "geometry": {
        "type": "Point",
        "coordinates": [
          30.90094,
          45.35748
        ]
      },
      "properties": {
        "frp": 1.16,
        "acq_date": "2026-09-28",
        "acq_time": "2331",
        "satellite": "N",
        "brightness": null,
        "NAME_1": "",
        "locality": ""
      }
    },
    {
      "type": "Feature",
      "geometry": {
        "type": "Point",
        "coordinates": [
          30.90163,
          45.35762
        ]
      },
      "properties": {
        "frp": 1.48,
        "acq_date": "2026-09-28",
        "acq_time": "2331",
        "satellite": "N",
        "brightness": null,
        "NAME_1": "",
        "locality": ""
      }
    },
    {
      "type": "Feature",
      "geometry": {
        "type": "Point",
        "coordinates": [
          39.04869,
          45.67852
        ]
      },
      "properties": {
        "frp": 4.81,
        "acq_date": "2026-09-28",
        "acq_time": "2331",
        "satellite": "N",
        "brightness": null,
        "NAME_1": "Krasnodar",
        "locality": "Timashevskiy rayon"
      }
    },
    {
      "type": "Feature",
      "geometry": {
        "type": "Point",
        "coordinates": [
          30.25659,
          46.15427
        ]
      },
      "properties": {
        "frp": 1.13,
        "acq_date": "2026-09-28",
        "acq_time": "2331",
        "satellite": "N",
        "brightness": null,
        "NAME_1": "Odessa",
        "locality": "Bilhorod-Dnistrovs'kyi"
      }
    },
    {
      "type": "Feature",
      "geometry": {
        "type": "Point",
        "coordinates": [
          30.54553,
          46.32583
        ]
      },
      "properties": {
        "frp": 1.01,
        "acq_date": "2026-09-28",
        "acq_time": "2331",
        "satellite": "N",
        "brightness": null,
        "NAME_1": "Odessa",
        "locality": "Ovidiopol's'kyi"
      }
    },
    {
      "type": "Feature",
      "geometry": {
        "type": "Point",
        "coordinates": [
          30.54519,
          46.32769
        ]
      },
      "properties": {
        "frp": 0.65,
        "acq_date": "2026-09-28",
        "acq_time": "2331",
        "satellite": "N",
        "brightness": null,
        "NAME_1": "Odessa",
        "locality": "Ovidiopol's'kyi"
      }
    },
    {
      "type": "Feature",
      "geometry": {
        "type": "Point",
        "coordinates": [
          39.13191,
          46.64723
        ]
      },
      "properties": {
        "frp": 0.86,
        "acq_date": "2026-09-28",
        "acq_time": "2331",
        "satellite": "N",
        "brightness": null,
        "NAME_1": "Krasnodar",
        "locality": "Starominskiy rayon"
      }
    },
    {
      "type": "Feature",
      "geometry": {
        "type": "Point",
        "coordinates": [
          33.35803,
          46.80173
        ]
      },
      "properties": {
        "frp": 1.08,
        "acq_date": "2026-09-28",
        "acq_time": "2331",
        "satellite": "N",
        "brightness": null,
        "NAME_1": "Kherson",
        "locality": "Beryslavs'kyi"
      }
    },
    {
      "type": "Feature",
      "geometry": {
        "type": "Point",
        "coordinates": [
          37.24615,
          47.04362
        ]
      },
      "properties": {
        "frp": 2.51,
        "acq_date": "2026-09-28",
        "acq_time": "2331",
        "satellite": "N",
        "brightness": null,
        "NAME_1": "Donets'k",
        "locality": "Pershotravnevyi"
      }
    },
    {
      "type": "Feature",
      "geometry": {
        "type": "Point",
        "coordinates": [
          37.25285,
          47.0464
        ]
      },
      "properties": {
        "frp": 2.51,
        "acq_date": "2026-09-28",
        "acq_time": "2331",
        "satellite": "N",
        "brightness": null,
        "NAME_1": "Donets'k",
        "locality": "Pershotravnevyi"
      }
    },
    {
      "type": "Feature",
      "geometry": {
        "type": "Point",
        "coordinates": [
          37.2471,
          47.04712
        ]
      },
      "properties": {
        "frp": 2.51,
        "acq_date": "2026-09-28",
        "acq_time": "2331",
        "satellite": "N",
        "brightness": null,
        "NAME_1": "Donets'k",
        "locality": "Pershotravnevyi"
      }
    },
    {
      "type": "Feature",
      "geometry": {
        "type": "Point",
        "coordinates": [
          36.2028,
          47.19789
        ]
      },
      "properties": {
        "frp": 1.97,
        "acq_date": "2026-09-28",
        "acq_time": "2331",
        "satellite": "N",
        "brightness": null,
        "NAME_1": "Zaporizhia",
        "locality": "Chernihivs'kyi"
      }
    },
    {
      "type": "Feature",
      "geometry": {
        "type": "Point",
        "coordinates": [
          36.2032,
          47.19928
        ]
      },
      "properties": {
        "frp": 2.69,
        "acq_date": "2026-09-28",
        "acq_time": "2331",
        "satellite": "N",
        "brightness": null,
        "NAME_1": "Zaporizhia",
        "locality": "Chernihivs'kyi"
      }
    },
    {
      "type": "Feature",
      "geometry": {
        "type": "Point",
        "coordinates": [
          35.70655,
          47.22943
        ]
      },
      "properties": {
        "frp": 1.14,
        "acq_date": "2026-09-28",
        "acq_time": "2331",
        "satellite": "N",
        "brightness": null,
        "NAME_1": "Zaporizhia",
        "locality": "Tokmats'ka"
      }
    },
    {
      "type": "Feature",
      "geometry": {
        "type": "Point",
        "coordinates": [
          34.66843,
          47.30031
        ]
      },
      "properties": {
        "frp": 1.3,
        "acq_date": "2026-09-28",
        "acq_time": "2331",
        "satellite": "N",
        "brightness": null,
        "NAME_1": "Zaporizhia",
        "locality": "Kamians'ko-Dniprovs'kyi"
      }
    },
    {
      "type": "Feature",
      "geometry": {
        "type": "Point",
        "coordinates": [
          34.66929,
          47.3042
        ]
      },
      "properties": {
        "frp": 0.65,
        "acq_date": "2026-09-28",
        "acq_time": "2331",
        "satellite": "N",
        "brightness": null,
        "NAME_1": "Zaporizhia",
        "locality": "Kamians'ko-Dniprovs'kyi"
      }
    },
    {
      "type": "Feature",
      "geometry": {
        "type": "Point",
        "coordinates": [
          38.17387,
          47.37756
        ]
      },
      "properties": {
        "frp": 0.5,
        "acq_date": "2026-09-28",
        "acq_time": "2331",
        "satellite": "N",
        "brightness": null,
        "NAME_1": "Donets'k",
        "locality": "Tel'manivs'kyi"
      }
    },
    {
      "type": "Feature",
      "geometry": {
        "type": "Point",
        "coordinates": [
          37.68708,
          47.4124
        ]
      },
      "properties": {
        "frp": 0.95,
        "acq_date": "2026-09-28",
        "acq_time": "2331",
        "satellite": "N",
        "brightness": null,
        "NAME_1": "Donets'k",
        "locality": "Tel'manivs'kyi"
      }
    },
    {
      "type": "Feature",
      "geometry": {
        "type": "Point",
        "coordinates": [
          29.01574,
          47.78423
        ]
      },
      "properties": {
        "frp": 0.91,
        "acq_date": "2026-09-28",
        "acq_time": "2331",
        "satellite": "N",
        "brightness": null,
        "NAME_1": "",
        "locality": ""
      }
    },
    {
      "type": "Feature",
      "geometry": {
        "type": "Point",
        "coordinates": [
          29.01523,
          47.78759
        ]
      },
      "properties": {
        "frp": 0.81,
        "acq_date": "2026-09-28",
        "acq_time": "2331",
        "satellite": "N",
        "brightness": null,
        "NAME_1": "",
        "locality": ""
      }
    },
    {
      "type": "Feature",
      "geometry": {
        "type": "Point",
        "coordinates": [
          33.43787,
          47.87168
        ]
      },
      "properties": {
        "frp": 1.1,
        "acq_date": "2026-09-28",
        "acq_time": "2331",
        "satellite": "N",
        "brightness": null,
        "NAME_1": "Dnipropetrovs'k",
        "locality": "KryvyiRig"
      }
    },
    {
      "type": "Feature",
      "geometry": {
        "type": "Point",
        "coordinates": [
          33.41569,
          47.87365
        ]
      },
      "properties": {
        "frp": 1.0,
        "acq_date": "2026-09-28",
        "acq_time": "2331",
        "satellite": "N",
        "brightness": null,
        "NAME_1": "Dnipropetrovs'k",
        "locality": "KryvyiRig"
      }
    },
    {
      "type": "Feature",
      "geometry": {
        "type": "Point",
        "coordinates": [
          28.64951,
          47.93701
        ]
      },
      "properties": {
        "frp": 0.68,
        "acq_date": "2026-09-28",
        "acq_time": "2331",
        "satellite": "N",
        "brightness": null,
        "NAME_1": "",
        "locality": ""
      }
    },
    {
      "type": "Feature",
      "geometry": {
        "type": "Point",
        "coordinates": [
          37.95666,
          48.05824
        ]
      },
      "properties": {
        "frp": 0.97,
        "acq_date": "2026-09-28",
        "acq_time": "2331",
        "satellite": "N",
        "brightness": null,
        "NAME_1": "Donets'k",
        "locality": "Maki\u2039vs'ka"
      }
    },
    {
      "type": "Feature",
      "geometry": {
        "type": "Point",
        "coordinates": [
          37.36144,
          48.0858
        ]
      },
      "properties": {
        "frp": 3.57,
        "acq_date": "2026-09-28",
        "acq_time": "2331",
        "satellite": "N",
        "brightness": null,
        "NAME_1": "Donets'k",
        "locality": "Krasnoarmiis'kyi"
      }
    },
    {
      "type": "Feature",
      "geometry": {
        "type": "Point",
        "coordinates": [
          37.9272,
          48.09794
        ]
      },
      "properties": {
        "frp": 0.87,
        "acq_date": "2026-09-28",
        "acq_time": "2331",
        "satellite": "N",
        "brightness": null,
        "NAME_1": "Donets'k",
        "locality": "Maki\u2039vs'ka"
      }
    },
    {
      "type": "Feature",
      "geometry": {
        "type": "Point",
        "coordinates": [
          39.05105,
          48.10429
        ]
      },
      "properties": {
        "frp": 0.53,
        "acq_date": "2026-09-28",
        "acq_time": "2331",
        "satellite": "N",
        "brightness": null,
        "NAME_1": "Luhans'k",
        "locality": "Antratsitivs'ka"
      }
    },
    {
      "type": "Feature",
      "geometry": {
        "type": "Point",
        "coordinates": [
          38.83701,
          48.12645
        ]
      },
      "properties": {
        "frp": 0.89,
        "acq_date": "2026-09-28",
        "acq_time": "2331",
        "satellite": "N",
        "brightness": null,
        "NAME_1": "Luhans'k",
        "locality": "Briankivs'ka"
      }
    },
    {
      "type": "Feature",
      "geometry": {
        "type": "Point",
        "coordinates": [
          38.5149,
          48.15891
        ]
      },
      "properties": {
        "frp": 0.67,
        "acq_date": "2026-09-28",
        "acq_time": "2331",
        "satellite": "N",
        "brightness": null,
        "NAME_1": "Donets'k",
        "locality": "Shakhtars'kyi"
      }
    },
    {
      "type": "Feature",
      "geometry": {
        "type": "Point",
        "coordinates": [
          38.50932,
          48.15965
        ]
      },
      "properties": {
        "frp": 0.67,
        "acq_date": "2026-09-28",
        "acq_time": "2331",
        "satellite": "N",
        "brightness": null,
        "NAME_1": "Donets'k",
        "locality": "Shakhtars'kyi"
      }
    },
    {
      "type": "Feature",
      "geometry": {
        "type": "Point",
        "coordinates": [
          37.60958,
          48.24558
        ]
      },
      "properties": {
        "frp": 0.64,
        "acq_date": "2026-09-28",
        "acq_time": "2331",
        "satellite": "N",
        "brightness": null,
        "NAME_1": "Donets'k",
        "locality": "Iasynuvats'kyi"
      }
    },
    {
      "type": "Feature",
      "geometry": {
        "type": "Point",
        "coordinates": [
          37.26093,
          48.32447
        ]
      },
      "properties": {
        "frp": 1.41,
        "acq_date": "2026-09-28",
        "acq_time": "2331",
        "satellite": "N",
        "brightness": null,
        "NAME_1": "Donets'k",
        "locality": "Krasnoarmiis'kyi"
      }
    },
    {
      "type": "Feature",
      "geometry": {
        "type": "Point",
        "coordinates": [
          38.75248,
          48.46263
        ]
      },
      "properties": {
        "frp": 0.93,
        "acq_date": "2026-09-28",
        "acq_time": "2331",
        "satellite": "N",
        "brightness": null,
        "NAME_1": "Luhans'k",
        "locality": "Alchevs'ka"
      }
    },
    {
      "type": "Feature",
      "geometry": {
        "type": "Point",
        "coordinates": [
          38.75904,
          48.4653
        ]
      },
      "properties": {
        "frp": 1.13,
        "acq_date": "2026-09-28",
        "acq_time": "2331",
        "satellite": "N",
        "brightness": null,
        "NAME_1": "Luhans'k",
        "locality": "Alchevs'ka"
      }
    },
    {
      "type": "Feature",
      "geometry": {
        "type": "Point",
        "coordinates": [
          34.63178,
          48.47432
        ]
      },
      "properties": {
        "frp": 0.73,
        "acq_date": "2026-09-28",
        "acq_time": "2331",
        "satellite": "N",
        "brightness": null,
        "NAME_1": "Dnipropetrovs'k",
        "locality": "Dniprodzerzhyns'ka"
      }
    },
    {
      "type": "Feature",
      "geometry": {
        "type": "Point",
        "coordinates": [
          39.58932,
          48.60344
        ]
      },
      "properties": {
        "frp": 0.85,
        "acq_date": "2026-09-28",
        "acq_time": "2331",
        "satellite": "N",
        "brightness": null,
        "NAME_1": "Luhans'k",
        "locality": "Stanychno-Luhans'kyi"
      }
    },
    {
      "type": "Feature",
      "geometry": {
        "type": "Point",
        "coordinates": [
          39.58535,
          48.60455
        ]
      },
      "properties": {
        "frp": 4.18,
        "acq_date": "2026-09-28",
        "acq_time": "2331",
        "satellite": "N",
        "brightness": null,
        "NAME_1": "Luhans'k",
        "locality": "Stanychno-Luhans'kyi"
      }
    },
    {
      "type": "Feature",
      "geometry": {
        "type": "Point",
        "coordinates": [
          37.53238,
          48.60746
        ]
      },
      "properties": {
        "frp": 0.89,
        "acq_date": "2026-09-28",
        "acq_time": "2331",
        "satellite": "N",
        "brightness": null,
        "NAME_1": "Donets'k",
        "locality": "Kramators'ka"
      }
    },
    {
      "type": "Feature",
      "geometry": {
        "type": "Point",
        "coordinates": [
          39.58642,
          48.60789
        ]
      },
      "properties": {
        "frp": 4.18,
        "acq_date": "2026-09-28",
        "acq_time": "2331",
        "satellite": "N",
        "brightness": null,
        "NAME_1": "Luhans'k",
        "locality": "Stanychno-Luhans'kyi"
      }
    },
    {
      "type": "Feature",
      "geometry": {
        "type": "Point",
        "coordinates": [
          36.94184,
          48.67397
        ]
      },
      "properties": {
        "frp": 0.37,
        "acq_date": "2026-09-28",
        "acq_time": "2331",
        "satellite": "N",
        "brightness": null,
        "NAME_1": "Donets'k",
        "locality": "Oleksandrivs'kyi"
      }
    },
    {
      "type": "Feature",
      "geometry": {
        "type": "Point",
        "coordinates": [
          24.70905,
          48.97348
        ]
      },
      "properties": {
        "frp": 0.9,
        "acq_date": "2026-09-28",
        "acq_time": "2331",
        "satellite": "N",
        "brightness": null,
        "NAME_1": "Ivano-Frankivs'k",
        "locality": "Tysmenyts'kyi"
      }
    },
    {
      "type": "Feature",
      "geometry": {
        "type": "Point",
        "coordinates": [
          37.81204,
          48.99746
        ]
      },
      "properties": {
        "frp": 1.33,
        "acq_date": "2026-09-28",
        "acq_time": "2331",
        "satellite": "N",
        "brightness": null,
        "NAME_1": "Donets'k",
        "locality": "Krasnolymans'kyi"
      }
    },
    {
      "type": "Feature",
      "geometry": {
        "type": "Point",
        "coordinates": [
          37.794,
          48.99966
        ]
      },
      "properties": {
        "frp": 0.61,
        "acq_date": "2026-09-28",
        "acq_time": "2331",
        "satellite": "N",
        "brightness": null,
        "NAME_1": "Donets'k",
        "locality": "Krasnolymans'kyi"
      }
    },
    {
      "type": "Feature",
      "geometry": {
        "type": "Point",
        "coordinates": [
          37.60336,
          48.72904
        ]
      },
      "properties": {
        "frp": 2.29,
        "acq_date": "2026-09-29",
        "acq_time": "109",
        "satellite": "N",
        "brightness": null,
        "NAME_1": "Donets'k",
        "locality": "Kramators'ka"
      }
    },
    {
      "type": "Feature",
      "geometry": {
        "type": "Point",
        "coordinates": [
          37.59741,
          48.7297
        ]
      },
      "properties": {
        "frp": 1.66,
        "acq_date": "2026-09-29",
        "acq_time": "109",
        "satellite": "N",
        "brightness": null,
        "NAME_1": "Donets'k",
        "locality": "Kramators'ka"
      }
    },
    {
      "type": "Feature",
      "geometry": {
        "type": "Point",
        "coordinates": [
          30.47777,
          50.49279
        ]
      },
      "properties": {
        "frp": 3.42,
        "acq_date": "2026-09-29",
        "acq_time": "109",
        "satellite": "N",
        "brightness": null,
        "NAME_1": "Kiev City",
        "locality": "Obolons'kyi"
      }
    },
    {
      "type": "Feature",
      "geometry": {
        "type": "Point",
        "coordinates": [
          29.34084,
          51.88762
        ]
      },
      "properties": {
        "frp": 1.35,
        "acq_date": "2026-09-29",
        "acq_time": "109",
        "satellite": "N",
        "brightness": null,
        "NAME_1": "Gomel",
        "locality": "Mazyr"
      }
    },
    {
      "type": "Feature",
      "geometry": {
        "type": "Point",
        "coordinates": [
          29.34012,
          51.88844
        ]
      },
      "properties": {
        "frp": 0.8,
        "acq_date": "2026-09-29",
        "acq_time": "109",
        "satellite": "N",
        "brightness": null,
        "NAME_1": "Gomel",
        "locality": "Mazyr"
      }
    },
    {
      "type": "Feature",
      "geometry": {
        "type": "Point",
        "coordinates": [
          29.34378,
          51.89186
        ]
      },
      "properties": {
        "frp": 1.35,
        "acq_date": "2026-09-29",
        "acq_time": "109",
        "satellite": "N",
        "brightness": null,
        "NAME_1": "Gomel",
        "locality": "Mazyr"
      }
    },
    {
      "type": "Feature",
      "geometry": {
        "type": "Point",
        "coordinates": [
          29.34305,
          51.89268
        ]
      },
      "properties": {
        "frp": 1.15,
        "acq_date": "2026-09-29",
        "acq_time": "109",
        "satellite": "N",
        "brightness": null,
        "NAME_1": "Gomel",
        "locality": "Mazyr"
      }
    },
    {
      "type": "Feature",
      "geometry": {
        "type": "Point",
        "coordinates": [
          39.63023,
          52.53785
        ]
      },
      "properties": {
        "frp": 1.96,
        "acq_date": "2026-09-29",
        "acq_time": "109",
        "satellite": "N",
        "brightness": null,
        "NAME_1": "Lipetsk",
        "locality": "Lipetskiy rayon"
      }
    },
    {
      "type": "Feature",
      "geometry": {
        "type": "Point",
        "coordinates": [
          39.58165,
          52.55668
        ]
      },
      "properties": {
        "frp": 3.75,
        "acq_date": "2026-09-29",
        "acq_time": "109",
        "satellite": "N",
        "brightness": null,
        "NAME_1": "Lipetsk",
        "locality": "Lipetsk"
      }
    },
    {
      "type": "Feature",
      "geometry": {
        "type": "Point",
        "coordinates": [
          39.57748,
          52.55768
        ]
      },
      "properties": {
        "frp": 8.44,
        "acq_date": "2026-09-29",
        "acq_time": "109",
        "satellite": "N",
        "brightness": null,
        "NAME_1": "Lipetsk",
        "locality": "Lipetsk"
      }
    },
    {
      "type": "Feature",
      "geometry": {
        "type": "Point",
        "coordinates": [
          39.57441,
          52.55944
        ]
      },
      "properties": {
        "frp": 3.75,
        "acq_date": "2026-09-29",
        "acq_time": "109",
        "satellite": "N",
        "brightness": null,
        "NAME_1": "Lipetsk",
        "locality": "Lipetsk"
      }
    },
    {
      "type": "Feature",
      "geometry": {
        "type": "Point",
        "coordinates": [
          29.9904,
          52.84897
        ]
      },
      "properties": {
        "frp": 1.79,
        "acq_date": "2026-09-29",
        "acq_time": "109",
        "satellite": "N",
        "brightness": null,
        "NAME_1": "Gomel",
        "locality": "\u017dlobin"
      }
    },
    {
      "type": "Feature",
      "geometry": {
        "type": "Point",
        "coordinates": [
          31.67414,
          45.25759
        ]
      },
      "properties": {
        "frp": 6.41,
        "acq_date": "2026-09-29",
        "acq_time": "111",
        "satellite": "N",
        "brightness": null,
        "NAME_1": "",
        "locality": ""
      }
    },
    {
      "type": "Feature",
      "geometry": {
        "type": "Point",
        "coordinates": [
          31.67523,
          45.25772
        ]
      },
      "properties": {
        "frp": 4.12,
        "acq_date": "2026-09-29",
        "acq_time": "111",
        "satellite": "N",
        "brightness": null,
        "NAME_1": "",
        "locality": ""
      }
    },
    {
      "type": "Feature",
      "geometry": {
        "type": "Point",
        "coordinates": [
          31.66804,
          45.25959
        ]
      },
      "properties": {
        "frp": 5.79,
        "acq_date": "2026-09-29",
        "acq_time": "111",
        "satellite": "N",
        "brightness": null,
        "NAME_1": "",
        "locality": ""
      }
    },
    {
      "type": "Feature",
      "geometry": {
        "type": "Point",
        "coordinates": [
          31.66911,
          45.25969
        ]
      },
      "properties": {
        "frp": 4.12,
        "acq_date": "2026-09-29",
        "acq_time": "111",
        "satellite": "N",
        "brightness": null,
        "NAME_1": "",
        "locality": ""
      }
    },
    {
      "type": "Feature",
      "geometry": {
        "type": "Point",
        "coordinates": [
          25.28315,
          45.95111
        ]
      },
      "properties": {
        "frp": 1.17,
        "acq_date": "2026-09-29",
        "acq_time": "111",
        "satellite": "N",
        "brightness": null,
        "NAME_1": "",
        "locality": ""
      }
    },
    {
      "type": "Feature",
      "geometry": {
        "type": "Point",
        "coordinates": [
          25.28292,
          45.95133
        ]
      },
      "properties": {
        "frp": 1.19,
        "acq_date": "2026-09-29",
        "acq_time": "111",
        "satellite": "N",
        "brightness": null,
        "NAME_1": "",
        "locality": ""
      }
    },
    {
      "type": "Feature",
      "geometry": {
        "type": "Point",
        "coordinates": [
          22.86829,
          45.95396
        ]
      },
      "properties": {
        "frp": 0.99,
        "acq_date": "2026-09-29",
        "acq_time": "111",
        "satellite": "N",
        "brightness": null,
        "NAME_1": "",
        "locality": ""
      }
    },
    {
      "type": "Feature",
      "geometry": {
        "type": "Point",
        "coordinates": [
          28.59066,
          46.56625
        ]
      },
      "properties": {
        "frp": 0.78,
        "acq_date": "2026-09-29",
        "acq_time": "111",
        "satellite": "N",
        "brightness": null,
        "NAME_1": "",
        "locality": ""
      }
    },
    {
      "type": "Feature",
      "geometry": {
        "type": "Point",
        "coordinates": [
          28.49918,
          46.95951
        ]
      },
      "properties": {
        "frp": 0.4,
        "acq_date": "2026-09-29",
        "acq_time": "111",
        "satellite": "N",
        "brightness": null,
        "NAME_1": "",
        "locality": ""
      }
    },
    {
      "type": "Feature",
      "geometry": {
        "type": "Point",
        "coordinates": [
          34.66927,
          47.30145
        ]
      },
      "properties": {
        "frp": 1.44,
        "acq_date": "2026-09-29",
        "acq_time": "111",
        "satellite": "N",
        "brightness": null,
        "NAME_1": "Zaporizhia",
        "locality": "Kamians'ko-Dniprovs'kyi"
      }
    },
    {
      "type": "Feature",
      "geometry": {
        "type": "Point",
        "coordinates": [
          29.01599,
          47.78374
        ]
      },
      "properties": {
        "frp": 0.74,
        "acq_date": "2026-09-29",
        "acq_time": "111",
        "satellite": "N",
        "brightness": null,
        "NAME_1": "",
        "locality": ""
      }
    },
    {
      "type": "Feature",
      "geometry": {
        "type": "Point",
        "coordinates": [
          28.652,
          47.93572
        ]
      },
      "properties": {
        "frp": 1.49,
        "acq_date": "2026-09-29",
        "acq_time": "111",
        "satellite": "N",
        "brightness": null,
        "NAME_1": "",
        "locality": ""
      }
    },
    {
      "type": "Feature",
      "geometry": {
        "type": "Point",
        "coordinates": [
          26.60235,
          48.74766
        ]
      },
      "properties": {
        "frp": 0.87,
        "acq_date": "2026-09-29",
        "acq_time": "111",
        "satellite": "N",
        "brightness": null,
        "NAME_1": "Khmel'nyts'kyy",
        "locality": "Kamianets'-Podil's'kyi"
      }
    },
    {
      "type": "Feature",
      "geometry": {
        "type": "Point",
        "coordinates": [
          23.91832,
          48.97429
        ]
      },
      "properties": {
        "frp": 0.8,
        "acq_date": "2026-09-29",
        "acq_time": "111",
        "satellite": "N",
        "brightness": null,
        "NAME_1": "Ivano-Frankivs'k",
        "locality": "Dolyns'kyi"
      }
    },
    {
      "type": "Feature",
      "geometry": {
        "type": "Point",
        "coordinates": [
          24.71123,
          48.97716
        ]
      },
      "properties": {
        "frp": 2.15,
        "acq_date": "2026-09-29",
        "acq_time": "111",
        "satellite": "N",
        "brightness": null,
        "NAME_1": "Ivano-Frankivs'k",
        "locality": "Tysmenyts'kyi"
      }
    },
    {
      "type": "Feature",
      "geometry": {
        "type": "Point",
        "coordinates": [
          25.89633,
          49.98113
        ]
      },
      "properties": {
        "frp": 0.89,
        "acq_date": "2026-09-29",
        "acq_time": "111",
        "satellite": "N",
        "brightness": null,
        "NAME_1": "Ternopil'",
        "locality": "Shums'kyi"
      }
    },
    {
      "type": "Feature",
      "geometry": {
        "type": "Point",
        "coordinates": [
          26.26316,
          50.54335
        ]
      },
      "properties": {
        "frp": 0.79,
        "acq_date": "2026-09-29",
        "acq_time": "111",
        "satellite": "N",
        "brightness": null,
        "NAME_1": "Rivne",
        "locality": "Zdolbunivs'kyi"
      }
    },
    {
      "type": "Feature",
      "geometry": {
        "type": "Point",
        "coordinates": [
          26.25748,
          50.54475
        ]
      },
      "properties": {
        "frp": 1.2,
        "acq_date": "2026-09-29",
        "acq_time": "111",
        "satellite": "N",
        "brightness": null,
        "NAME_1": "Rivne",
        "locality": "Zdolbunivs'kyi"
      }
    },
    {
      "type": "Feature",
      "geometry": {
        "type": "Point",
        "coordinates": [
          23.54931,
          51.1393
        ]
      },
      "properties": {
        "frp": 0.73,
        "acq_date": "2026-09-29",
        "acq_time": "111",
        "satellite": "N",
        "brightness": null,
        "NAME_1": "",
        "locality": ""
      }
    },
    {
      "type": "Feature",
      "geometry": {
        "type": "Point",
        "coordinates": [
          22.9885,
          44.1534
        ]
      },
      "properties": {
        "frp": 3.24,
        "acq_date": "2026-09-29",
        "acq_time": "113",
        "satellite": "N",
        "brightness": null,
        "NAME_1": "",
        "locality": ""
      }
    },
    {
      "type": "Feature",
      "geometry": {
        "type": "Point",
        "coordinates": [
          22.98826,
          44.15526
        ]
      },
      "properties": {
        "frp": 4.9,
        "acq_date": "2026-09-29",
        "acq_time": "113",
        "satellite": "N",
        "brightness": null,
        "NAME_1": "",
        "locality": ""
      }
    },
    {
      "type": "Feature",
      "geometry": {
        "type": "Point",
        "coordinates": [
          22.99035,
          44.15754
        ]
      },
      "properties": {
        "frp": 3.24,
        "acq_date": "2026-09-29",
        "acq_time": "113",
        "satellite": "N",
        "brightness": null,
        "NAME_1": "",
        "locality": ""
      }
    },
    {
      "type": "Feature",
      "geometry": {
        "type": "Point",
        "coordinates": [
          22.98475,
          44.16065
        ]
      },
      "properties": {
        "frp": 0.56,
        "acq_date": "2026-09-29",
        "acq_time": "113",
        "satellite": "N",
        "brightness": null,
        "NAME_1": "",
        "locality": ""
      }
    },
    {
      "type": "Feature",
      "geometry": {
        "type": "Point",
        "coordinates": [
          22.72732,
          44.44489
        ]
      },
      "properties": {
        "frp": 0.67,
        "acq_date": "2026-09-29",
        "acq_time": "113",
        "satellite": "N",
        "brightness": null,
        "NAME_1": "",
        "locality": ""
      }
    },
    {
      "type": "Feature",
      "geometry": {
        "type": "Point",
        "coordinates": [
          22.43184,
          44.87683
        ]
      },
      "properties": {
        "frp": 1.9,
        "acq_date": "2026-09-29",
        "acq_time": "113",
        "satellite": "N",
        "brightness": null,
        "NAME_1": "",
        "locality": ""
      }
    },
    {
      "type": "Feature",
      "geometry": {
        "type": "Point",
        "coordinates": [
          22.42793,
          44.87773
        ]
      },
      "properties": {
        "frp": 1.9,
        "acq_date": "2026-09-29",
        "acq_time": "113",
        "satellite": "N",
        "brightness": null,
        "NAME_1": "",
        "locality": ""
      }
    },
    {
      "type": "Feature",
      "geometry": {
        "type": "Point",
        "coordinates": [
          22.42445,
          44.87854
        ]
      },
      "properties": {
        "frp": 1.82,
        "acq_date": "2026-09-29",
        "acq_time": "113",
        "satellite": "N",
        "brightness": null,
        "NAME_1": "",
        "locality": ""
      }
    },
    {
      "type": "Feature",
      "geometry": {
        "type": "Point",
        "coordinates": [
          22.43381,
          44.88074
        ]
      },
      "properties": {
        "frp": 0.62,
        "acq_date": "2026-09-29",
        "acq_time": "113",
        "satellite": "N",
        "brightness": null,
        "NAME_1": "",
        "locality": ""
      }
    },
    {
      "type": "Feature",
      "geometry": {
        "type": "Point",
        "coordinates": [
          22.42995,
          44.88163
        ]
      },
      "properties": {
        "frp": 0.62,
        "acq_date": "2026-09-29",
        "acq_time": "113",
        "satellite": "N",
        "brightness": null,
        "NAME_1": "",
        "locality": ""
      }
    },
    {
      "type": "Feature",
      "geometry": {
        "type": "Point",
        "coordinates": [
          22.42641,
          44.88245
        ]
      },
      "properties": {
        "frp": 0.77,
        "acq_date": "2026-09-29",
        "acq_time": "113",
        "satellite": "N",
        "brightness": null,
        "NAME_1": "",
        "locality": ""
      }
    },
    {
      "type": "Feature",
      "geometry": {
        "type": "Point",
        "coordinates": [
          22.42277,
          44.88329
        ]
      },
      "properties": {
        "frp": 0.77,
        "acq_date": "2026-09-29",
        "acq_time": "113",
        "satellite": "N",
        "brightness": null,
        "NAME_1": "",
        "locality": ""
      }
    },
    {
      "type": "Feature",
      "geometry": {
        "type": "Point",
        "coordinates": [
          22.43605,
          44.88459
        ]
      },
      "properties": {
        "frp": 0.62,
        "acq_date": "2026-09-29",
        "acq_time": "113",
        "satellite": "N",
        "brightness": null,
        "NAME_1": "",
        "locality": ""
      }
    },
    {
      "type": "Feature",
      "geometry": {
        "type": "Point",
        "coordinates": [
          22.43728,
          44.91489
        ]
      },
      "properties": {
        "frp": 0.34,
        "acq_date": "2026-09-29",
        "acq_time": "113",
        "satellite": "N",
        "brightness": null,
        "NAME_1": "",
        "locality": ""
      }
    },
    {
      "type": "Feature",
      "geometry": {
        "type": "Point",
        "coordinates": [
          34.86144,
          46.90492
        ]
      },
      "properties": {
        "frp": 5.8,
        "acq_date": "2026-09-29",
        "acq_time": "917",
        "satellite": "N",
        "brightness": null,
        "NAME_1": "Zaporizhia",
        "locality": "Veselivs'kyi"
      }
    },
    {
      "type": "Feature",
      "geometry": {
        "type": "Point",
        "coordinates": [
          34.87004,
          46.9081
        ]
      },
      "properties": {
        "frp": 8.11,
        "acq_date": "2026-09-29",
        "acq_time": "917",
        "satellite": "N",
        "brightness": null,
        "NAME_1": "Zaporizhia",
        "locality": "Veselivs'kyi"
      }
    },
    {
      "type": "Feature",
      "geometry": {
        "type": "Point",
        "coordinates": [
          34.85657,
          46.91118
        ]
      },
      "properties": {
        "frp": 5.8,
        "acq_date": "2026-09-29",
        "acq_time": "917",
        "satellite": "N",
        "brightness": null,
        "NAME_1": "Zaporizhia",
        "locality": "Veselivs'kyi"
      }
    },
    {
      "type": "Feature",
      "geometry": {
        "type": "Point",
        "coordinates": [
          34.86217,
          46.91222
        ]
      },
      "properties": {
        "frp": 16.33,
        "acq_date": "2026-09-29",
        "acq_time": "917",
        "satellite": "N",
        "brightness": null,
        "NAME_1": "Zaporizhia",
        "locality": "Veselivs'kyi"
      }
    },
    {
      "type": "Feature",
      "geometry": {
        "type": "Point",
        "coordinates": [
          34.86519,
          46.91436
        ]
      },
      "properties": {
        "frp": 8.11,
        "acq_date": "2026-09-29",
        "acq_time": "917",
        "satellite": "N",
        "brightness": null,
        "NAME_1": "Zaporizhia",
        "locality": "Veselivs'kyi"
      }
    },
    {
      "type": "Feature",
      "geometry": {
        "type": "Point",
        "coordinates": [
          34.58956,
          47.05912
        ]
      },
      "properties": {
        "frp": 4.25,
        "acq_date": "2026-09-29",
        "acq_time": "917",
        "satellite": "N",
        "brightness": null,
        "NAME_1": "Zaporizhia",
        "locality": "Veselivs'kyi"
      }
    },
    {
      "type": "Feature",
      "geometry": {
        "type": "Point",
        "coordinates": [
          36.35248,
          47.2096
        ]
      },
      "properties": {
        "frp": 5.68,
        "acq_date": "2026-09-29",
        "acq_time": "917",
        "satellite": "N",
        "brightness": null,
        "NAME_1": "Zaporizhia",
        "locality": "Chernihivs'kyi"
      }
    },
    {
      "type": "Feature",
      "geometry": {
        "type": "Point",
        "coordinates": [
          36.3525,
          47.21053
        ]
      },
      "properties": {
        "frp": 6.65,
        "acq_date": "2026-09-29",
        "acq_time": "917",
        "satellite": "N",
        "brightness": null,
        "NAME_1": "Zaporizhia",
        "locality": "Chernihivs'kyi"
      }
    },
    {
      "type": "Feature",
      "geometry": {
        "type": "Point",
        "coordinates": [
          33.57938,
          47.23639
        ]
      },
      "properties": {
        "frp": 3.93,
        "acq_date": "2026-09-29",
        "acq_time": "917",
        "satellite": "N",
        "brightness": null,
        "NAME_1": "Kherson",
        "locality": "Velykooleksandrivs'kyi"
      }
    },
    {
      "type": "Feature",
      "geometry": {
        "type": "Point",
        "coordinates": [
          33.57883,
          47.23823
        ]
      },
      "properties": {
        "frp": 4.5,
        "acq_date": "2026-09-29",
        "acq_time": "917",
        "satellite": "N",
        "brightness": null,
        "NAME_1": "Kherson",
        "locality": "Velykooleksandrivs'kyi"
      }
    },
    {
      "type": "Feature",
      "geometry": {
        "type": "Point",
        "coordinates": [
          36.89441,
          47.2658
        ]
      },
      "properties": {
        "frp": 4.98,
        "acq_date": "2026-09-29",
        "acq_time": "917",
        "satellite": "N",
        "brightness": null,
        "NAME_1": "Zaporizhia",
        "locality": "Kuibyshevs'kyi"
      }
    },
    {
      "type": "Feature",
      "geometry": {
        "type": "Point",
        "coordinates": [
          36.89267,
          47.26595
        ]
      },
      "properties": {
        "frp": 6.95,
        "acq_date": "2026-09-29",
        "acq_time": "917",
        "satellite": "N",
        "brightness": null,
        "NAME_1": "Zaporizhia",
        "locality": "Kuibyshevs'kyi"
      }
    },
    {
      "type": "Feature",
      "geometry": {
        "type": "Point",
        "coordinates": [
          36.90176,
          47.26832
        ]
      },
      "properties": {
        "frp": 4.98,
        "acq_date": "2026-09-29",
        "acq_time": "917",
        "satellite": "N",
        "brightness": null,
        "NAME_1": "Zaporizhia",
        "locality": "Kuibyshevs'kyi"
      }
    },
    {
      "type": "Feature",
      "geometry": {
        "type": "Point",
        "coordinates": [
          36.89997,
          47.2685
        ]
      },
      "properties": {
        "frp": 10.79,
        "acq_date": "2026-09-29",
        "acq_time": "917",
        "satellite": "N",
        "brightness": null,
        "NAME_1": "Zaporizhia",
        "locality": "Kuibyshevs'kyi"
      }
    },
    {
      "type": "Feature",
      "geometry": {
        "type": "Point",
        "coordinates": [
          37.59311,
          47.74508
        ]
      },
      "properties": {
        "frp": 12.73,
        "acq_date": "2026-09-29",
        "acq_time": "917",
        "satellite": "N",
        "brightness": null,
        "NAME_1": "Donets'k",
        "locality": "Volnovas'kyi"
      }
    },
    {
      "type": "Feature",
      "geometry": {
        "type": "Point",
        "coordinates": [
          37.58263,
          47.74857
        ]
      },
      "properties": {
        "frp": 12.73,
        "acq_date": "2026-09-29",
        "acq_time": "917",
        "satellite": "N",
        "brightness": null,
        "NAME_1": "Donets'k",
        "locality": "Volnovas'kyi"
      }
    },
    {
      "type": "Feature",
      "geometry": {
        "type": "Point",
        "coordinates": [
          37.58823,
          47.74915
        ]
      },
      "properties": {
        "frp": 17.95,
        "acq_date": "2026-09-29",
        "acq_time": "917",
        "satellite": "N",
        "brightness": null,
        "NAME_1": "Donets'k",
        "locality": "Volnovas'kyi"
      }
    },
    {
      "type": "Feature",
      "geometry": {
        "type": "Point",
        "coordinates": [
          37.5888,
          47.75062
        ]
      },
      "properties": {
        "frp": 12.73,
        "acq_date": "2026-09-29",
        "acq_time": "917",
        "satellite": "N",
        "brightness": null,
        "NAME_1": "Donets'k",
        "locality": "Volnovas'kyi"
      }
    },
    {
      "type": "Feature",
      "geometry": {
        "type": "Point",
        "coordinates": [
          37.59435,
          47.75122
        ]
      },
      "properties": {
        "frp": 17.95,
        "acq_date": "2026-09-29",
        "acq_time": "917",
        "satellite": "N",
        "brightness": null,
        "NAME_1": "Donets'k",
        "locality": "Volnovas'kyi"
      }
    },
    {
      "type": "Feature",
      "geometry": {
        "type": "Point",
        "coordinates": [
          37.59501,
          47.75269
        ]
      },
      "properties": {
        "frp": 17.54,
        "acq_date": "2026-09-29",
        "acq_time": "917",
        "satellite": "N",
        "brightness": null,
        "NAME_1": "Donets'k",
        "locality": "Volnovas'kyi"
      }
    },
    {
      "type": "Feature",
      "geometry": {
        "type": "Point",
        "coordinates": [
          38.49893,
          47.80333
        ]
      },
      "properties": {
        "frp": 4.56,
        "acq_date": "2026-09-29",
        "acq_time": "917",
        "satellite": "N",
        "brightness": null,
        "NAME_1": "Donets'k",
        "locality": "Amvrosi\u2039vs'kyi"
      }
    },
    {
      "type": "Feature",
      "geometry": {
        "type": "Point",
        "coordinates": [
          38.49853,
          47.80685
        ]
      },
      "properties": {
        "frp": 4.01,
        "acq_date": "2026-09-29",
        "acq_time": "917",
        "satellite": "N",
        "brightness": null,
        "NAME_1": "Donets'k",
        "locality": "Amvrosi\u2039vs'kyi"
      }
    },
    {
      "type": "Feature",
      "geometry": {
        "type": "Point",
        "coordinates": [
          35.26777,
          47.97382
        ]
      },
      "properties": {
        "frp": 4.59,
        "acq_date": "2026-09-29",
        "acq_time": "917",
        "satellite": "N",
        "brightness": null,
        "NAME_1": "Zaporizhia",
        "locality": "Vil'nians'kyi"
      }
    },
    {
      "type": "Feature",
      "geometry": {
        "type": "Point",
        "coordinates": [
          35.2659,
          47.97586
        ]
      },
      "properties": {
        "frp": 4.59,
        "acq_date": "2026-09-29",
        "acq_time": "917",
        "satellite": "N",
        "brightness": null,
        "NAME_1": "Zaporizhia",
        "locality": "Vil'nians'kyi"
      }
    },
    {
      "type": "Feature",
      "geometry": {
        "type": "Point",
        "coordinates": [
          36.5346,
          48.05231
        ]
      },
      "properties": {
        "frp": 3.44,
        "acq_date": "2026-09-29",
        "acq_time": "917",
        "satellite": "N",
        "brightness": null,
        "NAME_1": "Dnipropetrovs'k",
        "locality": "Pokrovs'kyi"
      }
    },
    {
      "type": "Feature",
      "geometry": {
        "type": "Point",
        "coordinates": [
          37.89074,
          48.3278
        ]
      },
      "properties": {
        "frp": 7.85,
        "acq_date": "2026-09-29",
        "acq_time": "917",
        "satellite": "N",
        "brightness": null,
        "NAME_1": "Donets'k",
        "locality": "Iasynuvats'kyi"
      }
    },
    {
      "type": "Feature",
      "geometry": {
        "type": "Point",
        "coordinates": [
          37.88734,
          48.32882
        ]
      },
      "properties": {
        "frp": 9.02,
        "acq_date": "2026-09-29",
        "acq_time": "917",
        "satellite": "N",
        "brightness": null,
        "NAME_1": "Donets'k",
        "locality": "Iasynuvats'kyi"
      }
    },
    {
      "type": "Feature",
      "geometry": {
        "type": "Point",
        "coordinates": [
          37.89696,
          48.32983
        ]
      },
      "properties": {
        "frp": 13.86,
        "acq_date": "2026-09-29",
        "acq_time": "917",
        "satellite": "N",
        "brightness": null,
        "NAME_1": "Donets'k",
        "locality": "Iasynuvats'kyi"
      }
    },
    {
      "type": "Feature",
      "geometry": {
        "type": "Point",
        "coordinates": [
          33.34747,
          48.32985
        ]
      },
      "properties": {
        "frp": 8.18,
        "acq_date": "2026-09-29",
        "acq_time": "917",
        "satellite": "N",
        "brightness": null,
        "NAME_1": "Kirovohrad",
        "locality": "Petrivs'kyi"
      }
    },
    {
      "type": "Feature",
      "geometry": {
        "type": "Point",
        "coordinates": [
          37.89359,
          48.33089
        ]
      },
      "properties": {
        "frp": 9.02,
        "acq_date": "2026-09-29",
        "acq_time": "917",
        "satellite": "N",
        "brightness": null,
        "NAME_1": "Donets'k",
        "locality": "Iasynuvats'kyi"
      }
    },
    {
      "type": "Feature",
      "geometry": {
        "type": "Point",
        "coordinates": [
          37.88702,
          48.33335
        ]
      },
      "properties": {
        "frp": 7.85,
        "acq_date": "2026-09-29",
        "acq_time": "917",
        "satellite": "N",
        "brightness": null,
        "NAME_1": "Donets'k",
        "locality": "Iasynuvats'kyi"
      }
    },
    {
      "type": "Feature",
      "geometry": {
        "type": "Point",
        "coordinates": [
          37.90951,
          48.33392
        ]
      },
      "properties": {
        "frp": 9.57,
        "acq_date": "2026-09-29",
        "acq_time": "917",
        "satellite": "N",
        "brightness": null,
        "NAME_1": "Donets'k",
        "locality": "Horlivs'ka"
      }
    },
    {
      "type": "Feature",
      "geometry": {
        "type": "Point",
        "coordinates": [
          37.90607,
          48.33503
        ]
      },
      "properties": {
        "frp": 11.95,
        "acq_date": "2026-09-29",
        "acq_time": "917",
        "satellite": "N",
        "brightness": null,
        "NAME_1": "Donets'k",
        "locality": "Horlivs'ka"
      }
    },
    {
      "type": "Feature",
      "geometry": {
        "type": "Point",
        "coordinates": [
          37.89325,
          48.33538
        ]
      },
      "properties": {
        "frp": 13.86,
        "acq_date": "2026-09-29",
        "acq_time": "917",
        "satellite": "N",
        "brightness": null,
        "NAME_1": "Donets'k",
        "locality": "Iasynuvats'kyi"
      }
    },
    {
      "type": "Feature",
      "geometry": {
        "type": "Point",
        "coordinates": [
          37.88992,
          48.33646
        ]
      },
      "properties": {
        "frp": 9.48,
        "acq_date": "2026-09-29",
        "acq_time": "917",
        "satellite": "N",
        "brightness": null,
        "NAME_1": "Donets'k",
        "locality": "Iasynuvats'kyi"
      }
    },
    {
      "type": "Feature",
      "geometry": {
        "type": "Point",
        "coordinates": [
          37.91231,
          48.3371
        ]
      },
      "properties": {
        "frp": 6.14,
        "acq_date": "2026-09-29",
        "acq_time": "917",
        "satellite": "N",
        "brightness": null,
        "NAME_1": "Donets'k",
        "locality": "Horlivs'ka"
      }
    },
    {
      "type": "Feature",
      "geometry": {
        "type": "Point",
        "coordinates": [
          37.89599,
          48.33847
        ]
      },
      "properties": {
        "frp": 7.37,
        "acq_date": "2026-09-29",
        "acq_time": "917",
        "satellite": "N",
        "brightness": null,
        "NAME_1": "Donets'k",
        "locality": "Iasynuvats'kyi"
      }
    },
    {
      "type": "Feature",
      "geometry": {
        "type": "Point",
        "coordinates": [
          37.57522,
          48.41876
        ]
      },
      "properties": {
        "frp": 14.51,
        "acq_date": "2026-09-29",
        "acq_time": "917",
        "satellite": "N",
        "brightness": null,
        "NAME_1": "Donets'k",
        "locality": "Kostiantynivs'kyi"
      }
    },
    {
      "type": "Feature",
      "geometry": {
        "type": "Point",
        "coordinates": [
          37.58136,
          48.4208
        ]
      },
      "properties": {
        "frp": 15.35,
        "acq_date": "2026-09-29",
        "acq_time": "917",
        "satellite": "N",
        "brightness": null,
        "NAME_1": "Donets'k",
        "locality": "Kostiantynivs'kyi"
      }
    },
    {
      "type": "Feature",
      "geometry": {
        "type": "Point",
        "coordinates": [
          39.58784,
          48.60479
        ]
      },
      "properties": {
        "frp": 6.72,
        "acq_date": "2026-09-29",
        "acq_time": "917",
        "satellite": "N",
        "brightness": null,
        "NAME_1": "Luhans'k",
        "locality": "Stanychno-Luhans'kyi"
      }
    },
    {
      "type": "Feature",
      "geometry": {
        "type": "Point",
        "coordinates": [
          39.61546,
          52.55553
        ]
      },
      "properties": {
        "frp": 4.22,
        "acq_date": "2026-09-29",
        "acq_time": "920",
        "satellite": "N",
        "brightness": null,
        "NAME_1": "Lipetsk",
        "locality": "Lipetsk"
      }
    },
    {
      "type": "Feature",
      "geometry": {
        "type": "Point",
        "coordinates": [
          22.93033,
          44.1803
        ]
      },
      "properties": {
        "frp": 3.35,
        "acq_date": "2026-09-29",
        "acq_time": "1058",
        "satellite": "N",
        "brightness": null,
        "NAME_1": "",
        "locality": ""
      }
    },
    {
      "type": "Feature",
      "geometry": {
        "type": "Point",
        "coordinates": [
          22.93576,
          44.18159
        ]
      },
      "properties": {
        "frp": 3.66,
        "acq_date": "2026-09-29",
        "acq_time": "1058",
        "satellite": "N",
        "brightness": null,
        "NAME_1": "",
        "locality": ""
      }
    },
    {
      "type": "Feature",
      "geometry": {
        "type": "Point",
        "coordinates": [
          23.26136,
          44.26302
        ]
      },
      "properties": {
        "frp": 3.61,
        "acq_date": "2026-09-29",
        "acq_time": "1058",
        "satellite": "N",
        "brightness": null,
        "NAME_1": "",
        "locality": ""
      }
    },
    {
      "type": "Feature",
      "geometry": {
        "type": "Point",
        "coordinates": [
          22.68489,
          44.3122
        ]
      },
      "properties": {
        "frp": 3.62,
        "acq_date": "2026-09-29",
        "acq_time": "1058",
        "satellite": "N",
        "brightness": null,
        "NAME_1": "",
        "locality": ""
      }
    },
    {
      "type": "Feature",
      "geometry": {
        "type": "Point",
        "coordinates": [
          22.72985,
          44.43978
        ]
      },
      "properties": {
        "frp": 3.34,
        "acq_date": "2026-09-29",
        "acq_time": "1058",
        "satellite": "N",
        "brightness": null,
        "NAME_1": "",
        "locality": ""
      }
    },
    {
      "type": "Feature",
      "geometry": {
        "type": "Point",
        "coordinates": [
          26.56706,
          44.56598
        ]
      },
      "properties": {
        "frp": 4.73,
        "acq_date": "2026-09-29",
        "acq_time": "1058",
        "satellite": "N",
        "brightness": null,
        "NAME_1": "",
        "locality": ""
      }
    },
    {
      "type": "Feature",
      "geometry": {
        "type": "Point",
        "coordinates": [
          26.56568,
          44.56954
        ]
      },
      "properties": {
        "frp": 15.86,
        "acq_date": "2026-09-29",
        "acq_time": "1058",
        "satellite": "N",
        "brightness": null,
        "NAME_1": "",
        "locality": ""
      }
    },
    {
      "type": "Feature",
      "geometry": {
        "type": "Point",
        "coordinates": [
          22.60866,
          44.59872
        ]
      },
      "properties": {
        "frp": 3.81,
        "acq_date": "2026-09-29",
        "acq_time": "1058",
        "satellite": "N",
        "brightness": null,
        "NAME_1": "",
        "locality": ""
      }
    },
    {
      "type": "Feature",
      "geometry": {
        "type": "Point",
        "coordinates": [
          23.22118,
          44.72876
        ]
      },
      "properties": {
        "frp": 5.84,
        "acq_date": "2026-09-29",
        "acq_time": "1058",
        "satellite": "N",
        "brightness": null,
        "NAME_1": "",
        "locality": ""
      }
    },
    {
      "type": "Feature",
      "geometry": {
        "type": "Point",
        "coordinates": [
          23.22626,
          44.72994
        ]
      },
      "properties": {
        "frp": 5.84,
        "acq_date": "2026-09-29",
        "acq_time": "1058",
        "satellite": "N",
        "brightness": null,
        "NAME_1": "",
        "locality": ""
      }
    },
    {
      "type": "Feature",
      "geometry": {
        "type": "Point",
        "coordinates": [
          23.23127,
          44.7311
        ]
      },
      "properties": {
        "frp": 12.16,
        "acq_date": "2026-09-29",
        "acq_time": "1058",
        "satellite": "N",
        "brightness": null,
        "NAME_1": "",
        "locality": ""
      }
    },
    {
      "type": "Feature",
      "geometry": {
        "type": "Point",
        "coordinates": [
          23.23629,
          44.73226
        ]
      },
      "properties": {
        "frp": 12.16,
        "acq_date": "2026-09-29",
        "acq_time": "1058",
        "satellite": "N",
        "brightness": null,
        "NAME_1": "",
        "locality": ""
      }
    },
    {
      "type": "Feature",
      "geometry": {
        "type": "Point",
        "coordinates": [
          22.36619,
          44.74689
        ]
      },
      "properties": {
        "frp": 5.78,
        "acq_date": "2026-09-29",
        "acq_time": "1058",
        "satellite": "N",
        "brightness": null,
        "NAME_1": "",
        "locality": ""
      }
    },
    {
      "type": "Feature",
      "geometry": {
        "type": "Point",
        "coordinates": [
          23.80682,
          44.78069
        ]
      },
      "properties": {
        "frp": 7.33,
        "acq_date": "2026-09-29",
        "acq_time": "1058",
        "satellite": "N",
        "brightness": null,
        "NAME_1": "",
        "locality": ""
      }
    },
    {
      "type": "Feature",
      "geometry": {
        "type": "Point",
        "coordinates": [
          23.81167,
          44.78177
        ]
      },
      "properties": {
        "frp": 7.33,
        "acq_date": "2026-09-29",
        "acq_time": "1058",
        "satellite": "N",
        "brightness": null,
        "NAME_1": "",
        "locality": ""
      }
    },
    {
      "type": "Feature",
      "geometry": {
        "type": "Point",
        "coordinates": [
          31.67455,
          45.25872
        ]
      },
      "properties": {
        "frp": 10.64,
        "acq_date": "2026-09-29",
        "acq_time": "1058",
        "satellite": "N",
        "brightness": null,
        "NAME_1": "",
        "locality": ""
      }
    },
    {
      "type": "Feature",
      "geometry": {
        "type": "Point",
        "coordinates": [
          30.90253,
          45.35532
        ]
      },
      "properties": {
        "frp": 2.67,
        "acq_date": "2026-09-29",
        "acq_time": "1058",
        "satellite": "N",
        "brightness": null,
        "NAME_1": "",
        "locality": ""
      }
    },
    {
      "type": "Feature",
      "geometry": {
        "type": "Point",
        "coordinates": [
          34.03138,
          45.56049
        ]
      },
      "properties": {
        "frp": 2.43,
        "acq_date": "2026-09-29",
        "acq_time": "1058",
        "satellite": "N",
        "brightness": null,
        "NAME_1": "Crimea",
        "locality": "Pervomais'kyi"
      }
    },
    {
      "type": "Feature",
      "geometry": {
        "type": "Point",
        "coordinates": [
          34.03677,
          45.56118
        ]
      },
      "properties": {
        "frp": 5.87,
        "acq_date": "2026-09-29",
        "acq_time": "1058",
        "satellite": "N",
        "brightness": null,
        "NAME_1": "Crimea",
        "locality": "Pervomais'kyi"
      }
    },
    {
      "type": "Feature",
      "geometry": {
        "type": "Point",
        "coordinates": [
          30.17929,
          45.85131
        ]
      },
      "properties": {
        "frp": 3.28,
        "acq_date": "2026-09-29",
        "acq_time": "1058",
        "satellite": "N",
        "brightness": null,
        "NAME_1": "Odessa",
        "locality": "Bilhorod-Dnistrovs'kyi"
      }
    },
    {
      "type": "Feature",
      "geometry": {
        "type": "Point",
        "coordinates": [
          33.7382,
          45.87152
        ]
      },
      "properties": {
        "frp": 7.92,
        "acq_date": "2026-09-29",
        "acq_time": "1058",
        "satellite": "N",
        "brightness": null,
        "NAME_1": "Crimea",
        "locality": "Krasnoperekops'kyi"
      }
    },
    {
      "type": "Feature",
      "geometry": {
        "type": "Point",
        "coordinates": [
          33.74355,
          45.87222
        ]
      },
      "properties": {
        "frp": 18.19,
        "acq_date": "2026-09-29",
        "acq_time": "1058",
        "satellite": "N",
        "brightness": null,
        "NAME_1": "Crimea",
        "locality": "Krasnoperekops'kyi"
      }
    },
    {
      "type": "Feature",
      "geometry": {
        "type": "Point",
        "coordinates": [
          33.74265,
          45.87564
        ]
      },
      "properties": {
        "frp": 18.19,
        "acq_date": "2026-09-29",
        "acq_time": "1058",
        "satellite": "N",
        "brightness": null,
        "NAME_1": "Crimea",
        "locality": "Krasnoperekops'kyi"
      }
    },
    {
      "type": "Feature",
      "geometry": {
        "type": "Point",
        "coordinates": [
          33.748,
          45.87633
        ]
      },
      "properties": {
        "frp": 18.19,
        "acq_date": "2026-09-29",
        "acq_time": "1058",
        "satellite": "N",
        "brightness": null,
        "NAME_1": "Crimea",
        "locality": "Krasnoperekops'kyi"
      }
    },
    {
      "type": "Feature",
      "geometry": {
        "type": "Point",
        "coordinates": [
          33.74709,
          45.87975
        ]
      },
      "properties": {
        "frp": 23.56,
        "acq_date": "2026-09-29",
        "acq_time": "1058",
        "satellite": "N",
        "brightness": null,
        "NAME_1": "Crimea",
        "locality": "Krasnoperekops'kyi"
      }
    },
    {
      "type": "Feature",
      "geometry": {
        "type": "Point",
        "coordinates": [
          33.74085,
          45.88248
        ]
      },
      "properties": {
        "frp": 23.56,
        "acq_date": "2026-09-29",
        "acq_time": "1058",
        "satellite": "N",
        "brightness": null,
        "NAME_1": "Crimea",
        "locality": "Krasnoperekops'kyi"
      }
    },
    {
      "type": "Feature",
      "geometry": {
        "type": "Point",
        "coordinates": [
          33.74619,
          45.88318
        ]
      },
      "properties": {
        "frp": 23.56,
        "acq_date": "2026-09-29",
        "acq_time": "1058",
        "satellite": "N",
        "brightness": null,
        "NAME_1": "Crimea",
        "locality": "Krasnoperekops'kyi"
      }
    },
    {
      "type": "Feature",
      "geometry": {
        "type": "Point",
        "coordinates": [
          33.68741,
          45.89676
        ]
      },
      "properties": {
        "frp": 3.49,
        "acq_date": "2026-09-29",
        "acq_time": "1058",
        "satellite": "N",
        "brightness": null,
        "NAME_1": "Crimea",
        "locality": "Krasnoperekops'kyi"
      }
    },
    {
      "type": "Feature",
      "geometry": {
        "type": "Point",
        "coordinates": [
          33.88446,
          46.57043
        ]
      },
      "properties": {
        "frp": 4.55,
        "acq_date": "2026-09-29",
        "acq_time": "1058",
        "satellite": "N",
        "brightness": null,
        "NAME_1": "Kherson",
        "locality": "Kakhovs'kyi"
      }
    },
    {
      "type": "Feature",
      "geometry": {
        "type": "Point",
        "coordinates": [
          33.89,
          46.57113
        ]
      },
      "properties": {
        "frp": 4.55,
        "acq_date": "2026-09-29",
        "acq_time": "1058",
        "satellite": "N",
        "brightness": null,
        "NAME_1": "Kherson",
        "locality": "Kakhovs'kyi"
      }
    },
    {
      "type": "Feature",
      "geometry": {
        "type": "Point",
        "coordinates": [
          33.88765,
          46.57179
        ]
      },
      "properties": {
        "frp": 8.03,
        "acq_date": "2026-09-29",
        "acq_time": "1058",
        "satellite": "N",
        "brightness": null,
        "NAME_1": "Kherson",
        "locality": "Kakhovs'kyi"
      }
    },
    {
      "type": "Feature",
      "geometry": {
        "type": "Point",
        "coordinates": [
          33.89553,
          46.57183
        ]
      },
      "properties": {
        "frp": 5.18,
        "acq_date": "2026-09-29",
        "acq_time": "1058",
        "satellite": "N",
        "brightness": null,
        "NAME_1": "Kherson",
        "locality": "Kakhovs'kyi"
      }
    },
    {
      "type": "Feature",
      "geometry": {
        "type": "Point",
        "coordinates": [
          33.8932,
          46.57248
        ]
      },
      "properties": {
        "frp": 8.03,
        "acq_date": "2026-09-29",
        "acq_time": "1058",
        "satellite": "N",
        "brightness": null,
        "NAME_1": "Kherson",
        "locality": "Kakhovs'kyi"
      }
    },
    {
      "type": "Feature",
      "geometry": {
        "type": "Point",
        "coordinates": [
          33.90107,
          46.57254
        ]
      },
      "properties": {
        "frp": 5.18,
        "acq_date": "2026-09-29",
        "acq_time": "1058",
        "satellite": "N",
        "brightness": null,
        "NAME_1": "Kherson",
        "locality": "Kakhovs'kyi"
      }
    },
    {
      "type": "Feature",
      "geometry": {
        "type": "Point",
        "coordinates": [
          33.89874,
          46.57316
        ]
      },
      "properties": {
        "frp": 9.09,
        "acq_date": "2026-09-29",
        "acq_time": "1058",
        "satellite": "N",
        "brightness": null,
        "NAME_1": "Kherson",
        "locality": "Kakhovs'kyi"
      }
    },
    {
      "type": "Feature",
      "geometry": {
        "type": "Point",
        "coordinates": [
          33.88674,
          46.57525
        ]
      },
      "properties": {
        "frp": 5.74,
        "acq_date": "2026-09-29",
        "acq_time": "1058",
        "satellite": "N",
        "brightness": null,
        "NAME_1": "Kherson",
        "locality": "Kakhovs'kyi"
      }
    },
    {
      "type": "Feature",
      "geometry": {
        "type": "Point",
        "coordinates": [
          33.89228,
          46.57594
        ]
      },
      "properties": {
        "frp": 5.74,
        "acq_date": "2026-09-29",
        "acq_time": "1058",
        "satellite": "N",
        "brightness": null,
        "NAME_1": "Kherson",
        "locality": "Kakhovs'kyi"
      }
    },
    {
      "type": "Feature",
      "geometry": {
        "type": "Point",
        "coordinates": [
          33.89783,
          46.57662
        ]
      },
      "properties": {
        "frp": 7.17,
        "acq_date": "2026-09-29",
        "acq_time": "1058",
        "satellite": "N",
        "brightness": null,
        "NAME_1": "Kherson",
        "locality": "Kakhovs'kyi"
      }
    },
    {
      "type": "Feature",
      "geometry": {
        "type": "Point",
        "coordinates": [
          35.76215,
          46.66332
        ]
      },
      "properties": {
        "frp": 7.84,
        "acq_date": "2026-09-29",
        "acq_time": "1058",
        "satellite": "N",
        "brightness": null,
        "NAME_1": "Zaporizhia",
        "locality": "Pryazovs'kyi"
      }
    },
    {
      "type": "Feature",
      "geometry": {
        "type": "Point",
        "coordinates": [
          33.75823,
          46.6848
        ]
      },
      "properties": {
        "frp": 2.96,
        "acq_date": "2026-09-29",
        "acq_time": "1058",
        "satellite": "N",
        "brightness": null,
        "NAME_1": "Kherson",
        "locality": "Kakhovs'kyi"
      }
    },
    {
      "type": "Feature",
      "geometry": {
        "type": "Point",
        "coordinates": [
          33.76374,
          46.68548
        ]
      },
      "properties": {
        "frp": 2.96,
        "acq_date": "2026-09-29",
        "acq_time": "1058",
        "satellite": "N",
        "brightness": null,
        "NAME_1": "Kherson",
        "locality": "Kakhovs'kyi"
      }
    },
    {
      "type": "Feature",
      "geometry": {
        "type": "Point",
        "coordinates": [
          33.93962,
          46.71448
        ]
      },
      "properties": {
        "frp": 21.5,
        "acq_date": "2026-09-29",
        "acq_time": "1058",
        "satellite": "N",
        "brightness": null,
        "NAME_1": "Kherson",
        "locality": "Hornosta\u2039vs'kyi"
      }
    },
    {
      "type": "Feature",
      "geometry": {
        "type": "Point",
        "coordinates": [
          35.93464,
          46.73949
        ]
      },
      "properties": {
        "frp": 4.07,
        "acq_date": "2026-09-29",
        "acq_time": "1058",
        "satellite": "N",
        "brightness": null,
        "NAME_1": "Zaporizhia",
        "locality": "Pryazovs'kyi"
      }
    },
    {
      "type": "Feature",
      "geometry": {
        "type": "Point",
        "coordinates": [
          35.93381,
          46.74322
        ]
      },
      "properties": {
        "frp": 4.07,
        "acq_date": "2026-09-29",
        "acq_time": "1058",
        "satellite": "N",
        "brightness": null,
        "NAME_1": "Zaporizhia",
        "locality": "Pryazovs'kyi"
      }
    },
    {
      "type": "Feature",
      "geometry": {
        "type": "Point",
        "coordinates": [
          34.47777,
          46.83783
        ]
      },
      "properties": {
        "frp": 3.21,
        "acq_date": "2026-09-29",
        "acq_time": "1058",
        "satellite": "N",
        "brightness": null,
        "NAME_1": "Kherson",
        "locality": "Nyzhn'osirohoz'kyi"
      }
    },
    {
      "type": "Feature",
      "geometry": {
        "type": "Point",
        "coordinates": [
          31.39003,
          46.87273
        ]
      },
      "properties": {
        "frp": 3.63,
        "acq_date": "2026-09-29",
        "acq_time": "1058",
        "satellite": "N",
        "brightness": null,
        "NAME_1": "Mykolayiv",
        "locality": "Berezans'kyi"
      }
    },
    {
      "type": "Feature",
      "geometry": {
        "type": "Point",
        "coordinates": [
          34.66996,
          46.93564
        ]
      },
      "properties": {
        "frp": 16.72,
        "acq_date": "2026-09-29",
        "acq_time": "1058",
        "satellite": "N",
        "brightness": null,
        "NAME_1": "Zaporizhia",
        "locality": "Veselivs'kyi"
      }
    },
    {
      "type": "Feature",
      "geometry": {
        "type": "Point",
        "coordinates": [
          34.66907,
          46.9392
        ]
      },
      "properties": {
        "frp": 16.72,
        "acq_date": "2026-09-29",
        "acq_time": "1058",
        "satellite": "N",
        "brightness": null,
        "NAME_1": "Zaporizhia",
        "locality": "Veselivs'kyi"
      }
    },
    {
      "type": "Feature",
      "geometry": {
        "type": "Point",
        "coordinates": [
          34.66819,
          46.94276
        ]
      },
      "properties": {
        "frp": 7.41,
        "acq_date": "2026-09-29",
        "acq_time": "1058",
        "satellite": "N",
        "brightness": null,
        "NAME_1": "Zaporizhia",
        "locality": "Veselivs'kyi"
      }
    },
    {
      "type": "Feature",
      "geometry": {
        "type": "Point",
        "coordinates": [
          39.36818,
          47.02853
        ]
      },
      "properties": {
        "frp": 2.62,
        "acq_date": "2026-09-29",
        "acq_time": "1058",
        "satellite": "N",
        "brightness": null,
        "NAME_1": "Rostov",
        "locality": "Azovskiy rayon"
      }
    },
    {
      "type": "Feature",
      "geometry": {
        "type": "Point",
        "coordinates": [
          30.81316,
          47.09314
        ]
      },
      "properties": {
        "frp": 3.72,
        "acq_date": "2026-09-29",
        "acq_time": "1058",
        "satellite": "N",
        "brightness": null,
        "NAME_1": "Odessa",
        "locality": "Berezivs'kyi"
      }
    },
    {
      "type": "Feature",
      "geometry": {
        "type": "Point",
        "coordinates": [
          33.37416,
          47.14981
        ]
      },
      "properties": {
        "frp": 1.4,
        "acq_date": "2026-09-29",
        "acq_time": "1058",
        "satellite": "N",
        "brightness": null,
        "NAME_1": "Kherson",
        "locality": "Velykooleksandrivs'kyi"
      }
    },
    {
      "type": "Feature",
      "geometry": {
        "type": "Point",
        "coordinates": [
          35.94947,
          47.16197
        ]
      },
      "properties": {
        "frp": 10.76,
        "acq_date": "2026-09-29",
        "acq_time": "1058",
        "satellite": "N",
        "brightness": null,
        "NAME_1": "Zaporizhia",
        "locality": "Chernihivs'kyi"
      }
    },
    {
      "type": "Feature",
      "geometry": {
        "type": "Point",
        "coordinates": [
          35.94867,
          47.16573
        ]
      },
      "properties": {
        "frp": 10.76,
        "acq_date": "2026-09-29",
        "acq_time": "1058",
        "satellite": "N",
        "brightness": null,
        "NAME_1": "Zaporizhia",
        "locality": "Chernihivs'kyi"
      }
    },
    {
      "type": "Feature",
      "geometry": {
        "type": "Point",
        "coordinates": [
          33.3051,
          47.22794
        ]
      },
      "properties": {
        "frp": 4.79,
        "acq_date": "2026-09-29",
        "acq_time": "1058",
        "satellite": "N",
        "brightness": null,
        "NAME_1": "Kherson",
        "locality": "Velykooleksandrivs'kyi"
      }
    },
    {
      "type": "Feature",
      "geometry": {
        "type": "Point",
        "coordinates": [
          33.31058,
          47.22864
        ]
      },
      "properties": {
        "frp": 3.97,
        "acq_date": "2026-09-29",
        "acq_time": "1058",
        "satellite": "N",
        "brightness": null,
        "NAME_1": "Kherson",
        "locality": "Velykooleksandrivs'kyi"
      }
    },
    {
      "type": "Feature",
      "geometry": {
        "type": "Point",
        "coordinates": [
          33.58262,
          47.23837
        ]
      },
      "properties": {
        "frp": 2.64,
        "acq_date": "2026-09-29",
        "acq_time": "1058",
        "satellite": "N",
        "brightness": null,
        "NAME_1": "Kherson",
        "locality": "Velykooleksandrivs'kyi"
      }
    },
    {
      "type": "Feature",
      "geometry": {
        "type": "Point",
        "coordinates": [
          34.89664,
          47.24722
        ]
      },
      "properties": {
        "frp": 4.43,
        "acq_date": "2026-09-29",
        "acq_time": "1058",
        "satellite": "N",
        "brightness": null,
        "NAME_1": "Zaporizhia",
        "locality": "Vasylivs'kyi"
      }
    },
    {
      "type": "Feature",
      "geometry": {
        "type": "Point",
        "coordinates": [
          30.39881,
          47.30555
        ]
      },
      "properties": {
        "frp": 4.53,
        "acq_date": "2026-09-29",
        "acq_time": "1058",
        "satellite": "N",
        "brightness": null,
        "NAME_1": "Odessa",
        "locality": "Mykola\u2039vs'kyi"
      }
    },
    {
      "type": "Feature",
      "geometry": {
        "type": "Point",
        "coordinates": [
          33.7243,
          47.33153
        ]
      },
      "properties": {
        "frp": 5.92,
        "acq_date": "2026-09-29",
        "acq_time": "1058",
        "satellite": "N",
        "brightness": null,
        "NAME_1": "Kherson",
        "locality": "Novovorontsovs'kyi"
      }
    },
    {
      "type": "Feature",
      "geometry": {
        "type": "Point",
        "coordinates": [
          32.20442,
          47.38145
        ]
      },
      "properties": {
        "frp": 1.32,
        "acq_date": "2026-09-29",
        "acq_time": "1058",
        "satellite": "N",
        "brightness": null,
        "NAME_1": "Mykolayiv",
        "locality": "Bashtans'kyi"
      }
    },
    {
      "type": "Feature",
      "geometry": {
        "type": "Point",
        "coordinates": [
          33.37259,
          47.38511
        ]
      },
      "properties": {
        "frp": 2.33,
        "acq_date": "2026-09-29",
        "acq_time": "1058",
        "satellite": "N",
        "brightness": null,
        "NAME_1": "Kherson",
        "locality": "Vysokopil's'kyi"
      }
    },
    {
      "type": "Feature",
      "geometry": {
        "type": "Point",
        "coordinates": [
          40.13497,
          47.44154
        ]
      },
      "properties": {
        "frp": 3.68,
        "acq_date": "2026-09-29",
        "acq_time": "1058",
        "satellite": "N",
        "brightness": null,
        "NAME_1": "Rostov",
        "locality": "Novocherkassk"
      }
    },
    {
      "type": "Feature",
      "geometry": {
        "type": "Point",
        "coordinates": [
          40.13423,
          47.4461
        ]
      },
      "properties": {
        "frp": 3.68,
        "acq_date": "2026-09-29",
        "acq_time": "1058",
        "satellite": "N",
        "brightness": null,
        "NAME_1": "Rostov",
        "locality": "Novocherkassk"
      }
    },
    {
      "type": "Feature",
      "geometry": {
        "type": "Point",
        "coordinates": [
          26.05015,
          47.45544
        ]
      },
      "properties": {
        "frp": 1.77,
        "acq_date": "2026-09-29",
        "acq_time": "1058",
        "satellite": "N",
        "brightness": null,
        "NAME_1": "",
        "locality": ""
      }
    },
    {
      "type": "Feature",
      "geometry": {
        "type": "Point",
        "coordinates": [
          34.61078,
          47.48489
        ]
      },
      "properties": {
        "frp": 2.44,
        "acq_date": "2026-09-29",
        "acq_time": "1058",
        "satellite": "N",
        "brightness": null,
        "NAME_1": "Zaporizhia",
        "locality": "Enerhodars'ka"
      }
    },
    {
      "type": "Feature",
      "geometry": {
        "type": "Point",
        "coordinates": [
          36.76143,
          47.59211
        ]
      },
      "properties": {
        "frp": 3.01,
        "acq_date": "2026-09-29",
        "acq_time": "1058",
        "satellite": "N",
        "brightness": null,
        "NAME_1": "Donets'k",
        "locality": "Velykonovosilkivs'kyi"
      }
    },
    {
      "type": "Feature",
      "geometry": {
        "type": "Point",
        "coordinates": [
          35.62468,
          47.70571
        ]
      },
      "properties": {
        "frp": 5.05,
        "acq_date": "2026-09-29",
        "acq_time": "1058",
        "satellite": "N",
        "brightness": null,
        "NAME_1": "Zaporizhia",
        "locality": "Orikhivs'kyi"
      }
    },
    {
      "type": "Feature",
      "geometry": {
        "type": "Point",
        "coordinates": [
          35.62376,
          47.70943
        ]
      },
      "properties": {
        "frp": 3.51,
        "acq_date": "2026-09-29",
        "acq_time": "1058",
        "satellite": "N",
        "brightness": null,
        "NAME_1": "Zaporizhia",
        "locality": "Orikhivs'kyi"
      }
    },
    {
      "type": "Feature",
      "geometry": {
        "type": "Point",
        "coordinates": [
          35.22884,
          47.73589
        ]
      },
      "properties": {
        "frp": 2.52,
        "acq_date": "2026-09-29",
        "acq_time": "1058",
        "satellite": "N",
        "brightness": null,
        "NAME_1": "Zaporizhia",
        "locality": "Zaporiz'kyi"
      }
    },
    {
      "type": "Feature",
      "geometry": {
        "type": "Point",
        "coordinates": [
          36.98299,
          47.79852
        ]
      },
      "properties": {
        "frp": 11.53,
        "acq_date": "2026-09-29",
        "acq_time": "1058",
        "satellite": "N",
        "brightness": null,
        "NAME_1": "Donets'k",
        "locality": "Velykonovosilkivs'kyi"
      }
    },
    {
      "type": "Feature",
      "geometry": {
        "type": "Point",
        "coordinates": [
          31.9538,
          47.81916
        ]
      },
      "properties": {
        "frp": 1.87,
        "acq_date": "2026-09-29",
        "acq_time": "1058",
        "satellite": "N",
        "brightness": null,
        "NAME_1": "Kirovohrad",
        "locality": "Bobrynets'kyi"
      }
    },
    {
      "type": "Feature",
      "geometry": {
        "type": "Point",
        "coordinates": [
          31.95279,
          47.8225
        ]
      },
      "properties": {
        "frp": 1.87,
        "acq_date": "2026-09-29",
        "acq_time": "1058",
        "satellite": "N",
        "brightness": null,
        "NAME_1": "Kirovohrad",
        "locality": "Bobrynets'kyi"
      }
    },
    {
      "type": "Feature",
      "geometry": {
        "type": "Point",
        "coordinates": [
          29.79194,
          47.90445
        ]
      },
      "properties": {
        "frp": 2.94,
        "acq_date": "2026-09-29",
        "acq_time": "1058",
        "satellite": "N",
        "brightness": null,
        "NAME_1": "Odessa",
        "locality": "Balts'kyi"
      }
    },
    {
      "type": "Feature",
      "geometry": {
        "type": "Point",
        "coordinates": [
          29.79701,
          47.90524
        ]
      },
      "properties": {
        "frp": 2.94,
        "acq_date": "2026-09-29",
        "acq_time": "1058",
        "satellite": "N",
        "brightness": null,
        "NAME_1": "Odessa",
        "locality": "Balts'kyi"
      }
    },
    {
      "type": "Feature",
      "geometry": {
        "type": "Point",
        "coordinates": [
          28.64813,
          47.9381
        ]
      },
      "properties": {
        "frp": 3.09,
        "acq_date": "2026-09-29",
        "acq_time": "1058",
        "satellite": "N",
        "brightness": null,
        "NAME_1": "",
        "locality": ""
      }
    },
    {
      "type": "Feature",
      "geometry": {
        "type": "Point",
        "coordinates": [
          37.43283,
          48.0116
        ]
      },
      "properties": {
        "frp": 7.58,
        "acq_date": "2026-09-29",
        "acq_time": "1058",
        "satellite": "N",
        "brightness": null,
        "NAME_1": "Donets'k",
        "locality": "Mar\u2039ns'kyi"
      }
    },
    {
      "type": "Feature",
      "geometry": {
        "type": "Point",
        "coordinates": [
          37.4381,
          48.01208
        ]
      },
      "properties": {
        "frp": 13.95,
        "acq_date": "2026-09-29",
        "acq_time": "1058",
        "satellite": "N",
        "brightness": null,
        "NAME_1": "Donets'k",
        "locality": "Mar\u2039ns'kyi"
      }
    },
    {
      "type": "Feature",
      "geometry": {
        "type": "Point",
        "coordinates": [
          36.24019,
          48.16249
        ]
      },
      "properties": {
        "frp": 7.82,
        "acq_date": "2026-09-29",
        "acq_time": "1058",
        "satellite": "N",
        "brightness": null,
        "NAME_1": "Dnipropetrovs'k",
        "locality": "Vasyl'kivs'kyi"
      }
    },
    {
      "type": "Feature",
      "geometry": {
        "type": "Point",
        "coordinates": [
          37.34312,
          48.24118
        ]
      },
      "properties": {
        "frp": 3.38,
        "acq_date": "2026-09-29",
        "acq_time": "1058",
        "satellite": "N",
        "brightness": null,
        "NAME_1": "Donets'k",
        "locality": "Krasnoarmiis'kyi"
      }
    },
    {
      "type": "Feature",
      "geometry": {
        "type": "Point",
        "coordinates": [
          36.91064,
          48.29935
        ]
      },
      "properties": {
        "frp": 3.89,
        "acq_date": "2026-09-29",
        "acq_time": "1058",
        "satellite": "N",
        "brightness": null,
        "NAME_1": "Donets'k",
        "locality": "Krasnoarmiis'kyi"
      }
    },
    {
      "type": "Feature",
      "geometry": {
        "type": "Point",
        "coordinates": [
          36.90959,
          48.30066
        ]
      },
      "properties": {
        "frp": 3.44,
        "acq_date": "2026-09-29",
        "acq_time": "1058",
        "satellite": "N",
        "brightness": null,
        "NAME_1": "Donets'k",
        "locality": "Krasnoarmiis'kyi"
      }
    },
    {
      "type": "Feature",
      "geometry": {
        "type": "Point",
        "coordinates": [
          36.01743,
          48.37768
        ]
      },
      "properties": {
        "frp": 14.88,
        "acq_date": "2026-09-29",
        "acq_time": "1058",
        "satellite": "N",
        "brightness": null,
        "NAME_1": "Dnipropetrovs'k",
        "locality": "Pavlohrads'kyi"
      }
    },
    {
      "type": "Feature",
      "geometry": {
        "type": "Point",
        "coordinates": [
          36.00177,
          48.3839
        ]
      },
      "properties": {
        "frp": 3.96,
        "acq_date": "2026-09-29",
        "acq_time": "1058",
        "satellite": "N",
        "brightness": null,
        "NAME_1": "Dnipropetrovs'k",
        "locality": "Pavlohrads'kyi"
      }
    },
    {
      "type": "Feature",
      "geometry": {
        "type": "Point",
        "coordinates": [
          36.00878,
          48.38461
        ]
      },
      "properties": {
        "frp": 6.01,
        "acq_date": "2026-09-29",
        "acq_time": "1058",
        "satellite": "N",
        "brightness": null,
        "NAME_1": "Dnipropetrovs'k",
        "locality": "Pavlohrads'kyi"
      }
    },
    {
      "type": "Feature",
      "geometry": {
        "type": "Point",
        "coordinates": [
          29.87259,
          48.47057
        ]
      },
      "properties": {
        "frp": 4.45,
        "acq_date": "2026-09-29",
        "acq_time": "1058",
        "satellite": "N",
        "brightness": null,
        "NAME_1": "Vinnytsya",
        "locality": "Bershads'kyi"
      }
    },
    {
      "type": "Feature",
      "geometry": {
        "type": "Point",
        "coordinates": [
          29.88171,
          48.47542
        ]
      },
      "properties": {
        "frp": 8.16,
        "acq_date": "2026-09-29",
        "acq_time": "1058",
        "satellite": "N",
        "brightness": null,
        "NAME_1": "Vinnytsya",
        "locality": "Bershads'kyi"
      }
    },
    {
      "type": "Feature",
      "geometry": {
        "type": "Point",
        "coordinates": [
          29.88684,
          48.47621
        ]
      },
      "properties": {
        "frp": 12.58,
        "acq_date": "2026-09-29",
        "acq_time": "1058",
        "satellite": "N",
        "brightness": null,
        "NAME_1": "Vinnytsya",
        "locality": "Bershads'kyi"
      }
    },
    {
      "type": "Feature",
      "geometry": {
        "type": "Point",
        "coordinates": [
          29.87545,
          48.47789
        ]
      },
      "properties": {
        "frp": 8.16,
        "acq_date": "2026-09-29",
        "acq_time": "1058",
        "satellite": "N",
        "brightness": null,
        "NAME_1": "Vinnytsya",
        "locality": "Bershads'kyi"
      }
    },
    {
      "type": "Feature",
      "geometry": {
        "type": "Point",
        "coordinates": [
          29.88058,
          48.47868
        ]
      },
      "properties": {
        "frp": 8.16,
        "acq_date": "2026-09-29",
        "acq_time": "1058",
        "satellite": "N",
        "brightness": null,
        "NAME_1": "Vinnytsya",
        "locality": "Bershads'kyi"
      }
    },
    {
      "type": "Feature",
      "geometry": {
        "type": "Point",
        "coordinates": [
          29.8857,
          48.47948
        ]
      },
      "properties": {
        "frp": 12.58,
        "acq_date": "2026-09-29",
        "acq_time": "1058",
        "satellite": "N",
        "brightness": null,
        "NAME_1": "Vinnytsya",
        "locality": "Bershads'kyi"
      }
    },
    {
      "type": "Feature",
      "geometry": {
        "type": "Point",
        "coordinates": [
          29.87944,
          48.48195
        ]
      },
      "properties": {
        "frp": 22.03,
        "acq_date": "2026-09-29",
        "acq_time": "1058",
        "satellite": "N",
        "brightness": null,
        "NAME_1": "Vinnytsya",
        "locality": "Bershads'kyi"
      }
    },
    {
      "type": "Feature",
      "geometry": {
        "type": "Point",
        "coordinates": [
          29.88457,
          48.48274
        ]
      },
      "properties": {
        "frp": 18.64,
        "acq_date": "2026-09-29",
        "acq_time": "1058",
        "satellite": "N",
        "brightness": null,
        "NAME_1": "Vinnytsya",
        "locality": "Bershads'kyi"
      }
    },
    {
      "type": "Feature",
      "geometry": {
        "type": "Point",
        "coordinates": [
          29.88343,
          48.48601
        ]
      },
      "properties": {
        "frp": 18.64,
        "acq_date": "2026-09-29",
        "acq_time": "1058",
        "satellite": "N",
        "brightness": null,
        "NAME_1": "Vinnytsya",
        "locality": "Bershads'kyi"
      }
    },
    {
      "type": "Feature",
      "geometry": {
        "type": "Point",
        "coordinates": [
          26.80527,
          48.49371
        ]
      },
      "properties": {
        "frp": 3.13,
        "acq_date": "2026-09-29",
        "acq_time": "1058",
        "satellite": "N",
        "brightness": null,
        "NAME_1": "Chernivtsi",
        "locality": "Kel'menets'kyi"
      }
    },
    {
      "type": "Feature",
      "geometry": {
        "type": "Point",
        "coordinates": [
          28.76681,
          48.52741
        ]
      },
      "properties": {
        "frp": 2.0,
        "acq_date": "2026-09-29",
        "acq_time": "1058",
        "satellite": "N",
        "brightness": null,
        "NAME_1": "Vinnytsya",
        "locality": "Tomashpil's'kyi"
      }
    },
    {
      "type": "Feature",
      "geometry": {
        "type": "Point",
        "coordinates": [
          28.62166,
          48.60266
        ]
      },
      "properties": {
        "frp": 3.88,
        "acq_date": "2026-09-29",
        "acq_time": "1058",
        "satellite": "N",
        "brightness": null,
        "NAME_1": "Vinnytsya",
        "locality": "Tomashpil's'kyi"
      }
    },
    {
      "type": "Feature",
      "geometry": {
        "type": "Point",
        "coordinates": [
          38.26337,
          48.71362
        ]
      },
      "properties": {
        "frp": 6.96,
        "acq_date": "2026-09-29",
        "acq_time": "1058",
        "satellite": "N",
        "brightness": null,
        "NAME_1": "Donets'k",
        "locality": "Artemivs'kyi"
      }
    },
    {
      "type": "Feature",
      "geometry": {
        "type": "Point",
        "coordinates": [
          28.05815,
          48.78245
        ]
      },
      "properties": {
        "frp": 3.24,
        "acq_date": "2026-09-29",
        "acq_time": "1058",
        "satellite": "N",
        "brightness": null,
        "NAME_1": "Vinnytsya",
        "locality": "Sharhorods'kyi"
      }
    },
    {
      "type": "Feature",
      "geometry": {
        "type": "Point",
        "coordinates": [
          27.70135,
          49.05833
        ]
      },
      "properties": {
        "frp": 5.12,
        "acq_date": "2026-09-29",
        "acq_time": "1058",
        "satellite": "N",
        "brightness": null,
        "NAME_1": "Vinnytsya",
        "locality": "Bars'kyi"
      }
    },
    {
      "type": "Feature",
      "geometry": {
        "type": "Point",
        "coordinates": [
          23.8891,
          49.07228
        ]
      },
      "properties": {
        "frp": 3.56,
        "acq_date": "2026-09-29",
        "acq_time": "1058",
        "satellite": "N",
        "brightness": null,
        "NAME_1": "Ivano-Frankivs'k",
        "locality": "Dolyns'kyi"
      }
    },
    {
      "type": "Feature",
      "geometry": {
        "type": "Point",
        "coordinates": [
          37.86266,
          49.2501
        ]
      },
      "properties": {
        "frp": 6.99,
        "acq_date": "2026-09-29",
        "acq_time": "1058",
        "satellite": "N",
        "brightness": null,
        "NAME_1": "Kharkiv",
        "locality": "Borivs'kyi"
      }
    },
    {
      "type": "Feature",
      "geometry": {
        "type": "Point",
        "coordinates": [
          37.86186,
          49.25429
        ]
      },
      "properties": {
        "frp": 6.99,
        "acq_date": "2026-09-29",
        "acq_time": "1058",
        "satellite": "N",
        "brightness": null,
        "NAME_1": "Kharkiv",
        "locality": "Borivs'kyi"
      }
    },
    {
      "type": "Feature",
      "geometry": {
        "type": "Point",
        "coordinates": [
          25.52575,
          49.3111
        ]
      },
      "properties": {
        "frp": 11.56,
        "acq_date": "2026-09-29",
        "acq_time": "1058",
        "satellite": "N",
        "brightness": null,
        "NAME_1": "Ternopil'",
        "locality": "Terebovlians'kyi"
      }
    },
    {
      "type": "Feature",
      "geometry": {
        "type": "Point",
        "coordinates": [
          25.53153,
          49.31221
        ]
      },
      "properties": {
        "frp": 11.56,
        "acq_date": "2026-09-29",
        "acq_time": "1058",
        "satellite": "N",
        "brightness": null,
        "NAME_1": "Ternopil'",
        "locality": "Terebovlians'kyi"
      }
    },
    {
      "type": "Feature",
      "geometry": {
        "type": "Point",
        "coordinates": [
          34.40853,
          49.4163
        ]
      },
      "properties": {
        "frp": 1.77,
        "acq_date": "2026-09-29",
        "acq_time": "1058",
        "satellite": "N",
        "brightness": null,
        "NAME_1": "Poltava",
        "locality": "Novosanzhars'kyi"
      }
    },
    {
      "type": "Feature",
      "geometry": {
        "type": "Point",
        "coordinates": [
          29.25013,
          49.88107
        ]
      },
      "properties": {
        "frp": 2.06,
        "acq_date": "2026-09-29",
        "acq_time": "1058",
        "satellite": "N",
        "brightness": null,
        "NAME_1": "Zhytomyr",
        "locality": "Ruzhyns'kyi"
      }
    },
    {
      "type": "Feature",
      "geometry": {
        "type": "Point",
        "coordinates": [
          27.02821,
          50.06162
        ]
      },
      "properties": {
        "frp": 2.95,
        "acq_date": "2026-09-29",
        "acq_time": "1058",
        "satellite": "N",
        "brightness": null,
        "NAME_1": "Khmel'nyts'kyy",
        "locality": "Shepetivs'kyi"
      }
    },
    {
      "type": "Feature",
      "geometry": {
        "type": "Point",
        "coordinates": [
          35.5378,
          50.48938
        ]
      },
      "properties": {
        "frp": 14.03,
        "acq_date": "2026-09-29",
        "acq_time": "1058",
        "satellite": "N",
        "brightness": null,
        "NAME_1": "Belgorod",
        "locality": "Grayvoronskiy rayon"
      }
    },
    {
      "type": "Feature",
      "geometry": {
        "type": "Point",
        "coordinates": [
          35.54439,
          50.49396
        ]
      },
      "properties": {
        "frp": 7.95,
        "acq_date": "2026-09-29",
        "acq_time": "1058",
        "satellite": "N",
        "brightness": null,
        "NAME_1": "Belgorod",
        "locality": "Grayvoronskiy rayon"
      }
    },
    {
      "type": "Feature",
      "geometry": {
        "type": "Point",
        "coordinates": [
          30.2329,
          50.75971
        ]
      },
      "properties": {
        "frp": 2.84,
        "acq_date": "2026-09-29",
        "acq_time": "1058",
        "satellite": "N",
        "brightness": null,
        "NAME_1": "Kiev",
        "locality": "Vyshhorods'kyi"
      }
    },
    {
      "type": "Feature",
      "geometry": {
        "type": "Point",
        "coordinates": [
          33.9124,
          51.08886
        ]
      },
      "properties": {
        "frp": 4.05,
        "acq_date": "2026-09-29",
        "acq_time": "1058",
        "satellite": "N",
        "brightness": null,
        "NAME_1": "Sumy",
        "locality": "Buryns'kyi"
      }
    },
    {
      "type": "Feature",
      "geometry": {
        "type": "Point",
        "coordinates": [
          33.91179,
          51.09158
        ]
      },
      "properties": {
        "frp": 4.68,
        "acq_date": "2026-09-29",
        "acq_time": "1058",
        "satellite": "N",
        "brightness": null,
        "NAME_1": "Sumy",
        "locality": "Buryns'kyi"
      }
    },
    {
      "type": "Feature",
      "geometry": {
        "type": "Point",
        "coordinates": [
          26.24918,
          50.75135
        ]
      },
      "properties": {
        "frp": 1.77,
        "acq_date": "2026-09-29",
        "acq_time": "1100",
        "satellite": "N",
        "brightness": null,
        "NAME_1": "Rivne",
        "locality": "Rivnens'kyi"
      }
    },
    {
      "type": "Feature",
      "geometry": {
        "type": "Point",
        "coordinates": [
          27.96219,
          50.94803
        ]
      },
      "properties": {
        "frp": 8.18,
        "acq_date": "2026-09-29",
        "acq_time": "1100",
        "satellite": "N",
        "brightness": null,
        "NAME_1": "Zhytomyr",
        "locality": "Iemil'chyns'kyi"
      }
    },
    {
      "type": "Feature",
      "geometry": {
        "type": "Point",
        "coordinates": [
          29.86317,
          51.24516
        ]
      },
      "properties": {
        "frp": 2.59,
        "acq_date": "2026-09-29",
        "acq_time": "1100",
        "satellite": "N",
        "brightness": null,
        "NAME_1": "Kiev",
        "locality": "Ivankivs'kyi"
      }
    },
    {
      "type": "Feature",
      "geometry": {
        "type": "Point",
        "coordinates": [
          29.34041,
          51.89336
        ]
      },
      "properties": {
        "frp": 3.83,
        "acq_date": "2026-09-29",
        "acq_time": "1100",
        "satellite": "N",
        "brightness": null,
        "NAME_1": "Gomel",
        "locality": "Mazyr"
      }
    },
    {
      "type": "Feature",
      "geometry": {
        "type": "Point",
        "coordinates": [
          34.2278,
          51.99391
        ]
      },
      "properties": {
        "frp": 2.82,
        "acq_date": "2026-09-29",
        "acq_time": "1100",
        "satellite": "N",
        "brightness": null,
        "NAME_1": "Bryansk",
        "locality": "Sevskiy rayon"
      }
    },
    {
      "type": "Feature",
      "geometry": {
        "type": "Point",
        "coordinates": [
          34.22729,
          51.99421
        ]
      },
      "properties": {
        "frp": 2.38,
        "acq_date": "2026-09-29",
        "acq_time": "1100",
        "satellite": "N",
        "brightness": null,
        "NAME_1": "Bryansk",
        "locality": "Sevskiy rayon"
      }
    },
    {
      "type": "Feature",
      "geometry": {
        "type": "Point",
        "coordinates": [
          34.07297,
          52.12739
        ]
      },
      "properties": {
        "frp": 3.11,
        "acq_date": "2026-09-29",
        "acq_time": "1100",
        "satellite": "N",
        "brightness": null,
        "NAME_1": "Sumy",
        "locality": "Seredyno-Buds'kyi"
      }
    },
    {
      "type": "Feature",
      "geometry": {
        "type": "Point",
        "coordinates": [
          32.08959,
          52.52316
        ]
      },
      "properties": {
        "frp": 3.02,
        "acq_date": "2026-09-29",
        "acq_time": "1100",
        "satellite": "N",
        "brightness": null,
        "NAME_1": "Bryansk",
        "locality": "Novozybkovskiy rayon"
      }
    },
    {
      "type": "Feature",
      "geometry": {
        "type": "Point",
        "coordinates": [
          32.03115,
          52.58131
        ]
      },
      "properties": {
        "frp": 4.51,
        "acq_date": "2026-09-29",
        "acq_time": "1100",
        "satellite": "N",
        "brightness": null,
        "NAME_1": "Bryansk",
        "locality": "Novozybkovskiy rayon"
      }
    },
    {
      "type": "Feature",
      "geometry": {
        "type": "Point",
        "coordinates": [
          29.9929,
          52.84751
        ]
      },
      "properties": {
        "frp": 2.8,
        "acq_date": "2026-09-29",
        "acq_time": "1100",
        "satellite": "N",
        "brightness": null,
        "NAME_1": "Gomel",
        "locality": "\u017dlobin"
      }
    },
    {
      "type": "Feature",
      "geometry": {
        "type": "Point",
        "coordinates": [
          26.62174,
          52.97201
        ]
      },
      "properties": {
        "frp": 3.26,
        "acq_date": "2026-09-29",
        "acq_time": "1100",
        "satellite": "N",
        "brightness": null,
        "NAME_1": "Minsk",
        "locality": "Klyetsak"
      }
    },
    {
      "type": "Feature",
      "geometry": {
        "type": "Point",
        "coordinates": [
          22.178,
          45.82224
        ]
      },
      "properties": {
        "frp": 1.34,
        "acq_date": "2026-09-29",
        "acq_time": "1238",
        "satellite": "N",
        "brightness": null,
        "NAME_1": "",
        "locality": ""
      }
    },
    {
      "type": "Feature",
      "geometry": {
        "type": "Point",
        "coordinates": [
          23.35728,
          46.833
        ]
      },
      "properties": {
        "frp": 8.13,
        "acq_date": "2026-09-29",
        "acq_time": "1240",
        "satellite": "N",
        "brightness": null,
        "NAME_1": "",
        "locality": ""
      }
    },
    {
      "type": "Feature",
      "geometry": {
        "type": "Point",
        "coordinates": [
          23.39713,
          47.62735
        ]
      },
      "properties": {
        "frp": 4.91,
        "acq_date": "2026-09-29",
        "acq_time": "1240",
        "satellite": "N",
        "brightness": null,
        "NAME_1": "",
        "locality": ""
      }
    },
    {
      "type": "Feature",
      "geometry": {
        "type": "Point",
        "coordinates": [
          22.76633,
          48.49694
        ]
      },
      "properties": {
        "frp": 4.92,
        "acq_date": "2026-09-29",
        "acq_time": "1240",
        "satellite": "N",
        "brightness": null,
        "NAME_1": "Zakarpattia",
        "locality": "Mukachivs'kyi"
      }
    },
    {
      "type": "Feature",
      "geometry": {
        "type": "Point",
        "coordinates": [
          22.76815,
          48.50046
        ]
      },
      "properties": {
        "frp": 3.74,
        "acq_date": "2026-09-29",
        "acq_time": "1240",
        "satellite": "N",
        "brightness": null,
        "NAME_1": "Zakarpattia",
        "locality": "Mukachivs'kyi"
      }
    },
    {
      "type": "Feature",
      "geometry": {
        "type": "Point",
        "coordinates": [
          39.63718,
          52.52784
        ]
      },
      "properties": {
        "frp": 1.13,
        "acq_date": "2026-09-29",
        "acq_time": "2309",
        "satellite": "N",
        "brightness": null,
        "NAME_1": "Lipetsk",
        "locality": "Lipetskiy rayon"
      }
    },
    {
      "type": "Feature",
      "geometry": {
        "type": "Point",
        "coordinates": [
          39.62605,
          52.53297
        ]
      },
      "properties": {
        "frp": 2.09,
        "acq_date": "2026-09-29",
        "acq_time": "2309",
        "satellite": "N",
        "brightness": null,
        "NAME_1": "Lipetsk",
        "locality": "Lipetskiy rayon"
      }
    },
    {
      "type": "Feature",
      "geometry": {
        "type": "Point",
        "coordinates": [
          39.63297,
          52.53658
        ]
      },
      "properties": {
        "frp": 2.53,
        "acq_date": "2026-09-29",
        "acq_time": "2309",
        "satellite": "N",
        "brightness": null,
        "NAME_1": "Lipetsk",
        "locality": "Lipetskiy rayon"
      }
    },
    {
      "type": "Feature",
      "geometry": {
        "type": "Point",
        "coordinates": [
          39.62695,
          52.53709
        ]
      },
      "properties": {
        "frp": 2.09,
        "acq_date": "2026-09-29",
        "acq_time": "2309",
        "satellite": "N",
        "brightness": null,
        "NAME_1": "Lipetsk",
        "locality": "Lipetskiy rayon"
      }
    },
    {
      "type": "Feature",
      "geometry": {
        "type": "Point",
        "coordinates": [
          39.61584,
          52.54223
        ]
      },
      "properties": {
        "frp": 0.82,
        "acq_date": "2026-09-29",
        "acq_time": "2309",
        "satellite": "N",
        "brightness": null,
        "NAME_1": "Lipetsk",
        "locality": "Lipetsk"
      }
    },
    {
      "type": "Feature",
      "geometry": {
        "type": "Point",
        "coordinates": [
          39.63485,
          52.5448
        ]
      },
      "properties": {
        "frp": 1.05,
        "acq_date": "2026-09-29",
        "acq_time": "2309",
        "satellite": "N",
        "brightness": null,
        "NAME_1": "Lipetsk",
        "locality": "Lipetsk"
      }
    },
    {
      "type": "Feature",
      "geometry": {
        "type": "Point",
        "coordinates": [
          39.61679,
          52.54634
        ]
      },
      "properties": {
        "frp": 0.82,
        "acq_date": "2026-09-29",
        "acq_time": "2309",
        "satellite": "N",
        "brightness": null,
        "NAME_1": "Lipetsk",
        "locality": "Lipetsk"
      }
    },
    {
      "type": "Feature",
      "geometry": {
        "type": "Point",
        "coordinates": [
          39.64179,
          52.54839
        ]
      },
      "properties": {
        "frp": 0.65,
        "acq_date": "2026-09-29",
        "acq_time": "2309",
        "satellite": "N",
        "brightness": null,
        "NAME_1": "Lipetsk",
        "locality": "Lipetsk"
      }
    },
    {
      "type": "Feature",
      "geometry": {
        "type": "Point",
        "coordinates": [
          39.57555,
          52.55407
        ]
      },
      "properties": {
        "frp": 2.65,
        "acq_date": "2026-09-29",
        "acq_time": "2309",
        "satellite": "N",
        "brightness": null,
        "NAME_1": "Lipetsk",
        "locality": "Lipetskiy rayon"
      }
    },
    {
      "type": "Feature",
      "geometry": {
        "type": "Point",
        "coordinates": [
          39.56943,
          52.55459
        ]
      },
      "properties": {
        "frp": 6.05,
        "acq_date": "2026-09-29",
        "acq_time": "2309",
        "satellite": "N",
        "brightness": null,
        "NAME_1": "Lipetsk",
        "locality": "Lipetskiy rayon"
      }
    },
    {
      "type": "Feature",
      "geometry": {
        "type": "Point",
        "coordinates": [
          39.6127,
          52.55508
        ]
      },
      "properties": {
        "frp": 4.31,
        "acq_date": "2026-09-29",
        "acq_time": "2309",
        "satellite": "N",
        "brightness": null,
        "NAME_1": "Lipetsk",
        "locality": "Lipetsk"
      }
    },
    {
      "type": "Feature",
      "geometry": {
        "type": "Point",
        "coordinates": [
          39.59464,
          52.55663
        ]
      },
      "properties": {
        "frp": 2.18,
        "acq_date": "2026-09-29",
        "acq_time": "2309",
        "satellite": "N",
        "brightness": null,
        "NAME_1": "Lipetsk",
        "locality": "Lipetsk"
      }
    },
    {
      "type": "Feature",
      "geometry": {
        "type": "Point",
        "coordinates": [
          39.61348,
          52.55678
        ]
      },
      "properties": {
        "frp": 5.91,
        "acq_date": "2026-09-29",
        "acq_time": "2309",
        "satellite": "N",
        "brightness": null,
        "NAME_1": "Lipetsk",
        "locality": "Lipetsk"
      }
    },
    {
      "type": "Feature",
      "geometry": {
        "type": "Point",
        "coordinates": [
          39.58252,
          52.55767
        ]
      },
      "properties": {
        "frp": 2.65,
        "acq_date": "2026-09-29",
        "acq_time": "2309",
        "satellite": "N",
        "brightness": null,
        "NAME_1": "Lipetsk",
        "locality": "Lipetsk"
      }
    },
    {
      "type": "Feature",
      "geometry": {
        "type": "Point",
        "coordinates": [
          39.60142,
          52.55776
        ]
      },
      "properties": {
        "frp": 1.05,
        "acq_date": "2026-09-29",
        "acq_time": "2309",
        "satellite": "N",
        "brightness": null,
        "NAME_1": "Lipetsk",
        "locality": "Lipetsk"
      }
    },
    {
      "type": "Feature",
      "geometry": {
        "type": "Point",
        "coordinates": [
          39.57642,
          52.5582
        ]
      },
      "properties": {
        "frp": 2.65,
        "acq_date": "2026-09-29",
        "acq_time": "2309",
        "satellite": "N",
        "brightness": null,
        "NAME_1": "Lipetsk",
        "locality": "Lipetsk"
      }
    },
    {
      "type": "Feature",
      "geometry": {
        "type": "Point",
        "coordinates": [
          39.59537,
          52.55825
        ]
      },
      "properties": {
        "frp": 1.05,
        "acq_date": "2026-09-29",
        "acq_time": "2309",
        "satellite": "N",
        "brightness": null,
        "NAME_1": "Lipetsk",
        "locality": "Lipetsk"
      }
    },
    {
      "type": "Feature",
      "geometry": {
        "type": "Point",
        "coordinates": [
          39.61966,
          52.55868
        ]
      },
      "properties": {
        "frp": 1.22,
        "acq_date": "2026-09-29",
        "acq_time": "2309",
        "satellite": "N",
        "brightness": null,
        "NAME_1": "Lipetsk",
        "locality": "Lipetsk"
      }
    },
    {
      "type": "Feature",
      "geometry": {
        "type": "Point",
        "coordinates": [
          39.57031,
          52.55872
        ]
      },
      "properties": {
        "frp": 6.05,
        "acq_date": "2026-09-29",
        "acq_time": "2309",
        "satellite": "N",
        "brightness": null,
        "NAME_1": "Lipetsk",
        "locality": "Lipetsk"
      }
    },
    {
      "type": "Feature",
      "geometry": {
        "type": "Point",
        "coordinates": [
          39.5893,
          52.55875
        ]
      },
      "properties": {
        "frp": 0.78,
        "acq_date": "2026-09-29",
        "acq_time": "2309",
        "satellite": "N",
        "brightness": null,
        "NAME_1": "Lipetsk",
        "locality": "Lipetsk"
      }
    },
    {
      "type": "Feature",
      "geometry": {
        "type": "Point",
        "coordinates": [
          39.61365,
          52.5592
        ]
      },
      "properties": {
        "frp": 1.22,
        "acq_date": "2026-09-29",
        "acq_time": "2309",
        "satellite": "N",
        "brightness": null,
        "NAME_1": "Lipetsk",
        "locality": "Lipetsk"
      }
    },
    {
      "type": "Feature",
      "geometry": {
        "type": "Point",
        "coordinates": [
          39.571,
          52.56023
        ]
      },
      "properties": {
        "frp": 2.46,
        "acq_date": "2026-09-29",
        "acq_time": "2309",
        "satellite": "N",
        "brightness": null,
        "NAME_1": "Lipetsk",
        "locality": "Lipetsk"
      }
    },
    {
      "type": "Feature",
      "geometry": {
        "type": "Point",
        "coordinates": [
          39.62045,
          52.56041
        ]
      },
      "properties": {
        "frp": 1.76,
        "acq_date": "2026-09-29",
        "acq_time": "2309",
        "satellite": "N",
        "brightness": null,
        "NAME_1": "Lipetsk",
        "locality": "Lipetsk"
      }
    },
    {
      "type": "Feature",
      "geometry": {
        "type": "Point",
        "coordinates": [
          39.69542,
          52.5668
        ]
      },
      "properties": {
        "frp": 1.36,
        "acq_date": "2026-09-29",
        "acq_time": "2309",
        "satellite": "N",
        "brightness": null,
        "NAME_1": "Lipetsk",
        "locality": "Lipetskiy rayon"
      }
    },
    {
      "type": "Feature",
      "geometry": {
        "type": "Point",
        "coordinates": [
          32.52948,
          52.81876
        ]
      },
      "properties": {
        "frp": 0.93,
        "acq_date": "2026-09-29",
        "acq_time": "2309",
        "satellite": "N",
        "brightness": null,
        "NAME_1": "Bryansk",
        "locality": "Unechskiy rayon"
      }
    },
    {
      "type": "Feature",
      "geometry": {
        "type": "Point",
        "coordinates": [
          32.53136,
          52.82169
        ]
      },
      "properties": {
        "frp": 0.41,
        "acq_date": "2026-09-29",
        "acq_time": "2309",
        "satellite": "N",
        "brightness": null,
        "NAME_1": "Bryansk",
        "locality": "Unechskiy rayon"
      }
    },
    {
      "type": "Feature",
      "geometry": {
        "type": "Point",
        "coordinates": [
          29.98724,
          52.84501
        ]
      },
      "properties": {
        "frp": 2.11,
        "acq_date": "2026-09-29",
        "acq_time": "2309",
        "satellite": "N",
        "brightness": null,
        "NAME_1": "Gomel",
        "locality": "\u017dlobin"
      }
    },
    {
      "type": "Feature",
      "geometry": {
        "type": "Point",
        "coordinates": [
          29.99083,
          52.84857
        ]
      },
      "properties": {
        "frp": 3.12,
        "acq_date": "2026-09-29",
        "acq_time": "2309",
        "satellite": "N",
        "brightness": null,
        "NAME_1": "Gomel",
        "locality": "\u017dlobin"
      }
    },
    {
      "type": "Feature",
      "geometry": {
        "type": "Point",
        "coordinates": [
          35.0852,
          46.56071
        ]
      },
      "properties": {
        "frp": 0.91,
        "acq_date": "2026-09-29",
        "acq_time": "2312",
        "satellite": "N",
        "brightness": null,
        "NAME_1": "Zaporizhia",
        "locality": "Iakymivs'kyi"
      }
    },
    {
      "type": "Feature",
      "geometry": {
        "type": "Point",
        "coordinates": [
          34.14612,
          46.66595
        ]
      },
      "properties": {
        "frp": 1.7,
        "acq_date": "2026-09-29",
        "acq_time": "2312",
        "satellite": "N",
        "brightness": null,
        "NAME_1": "Kherson",
        "locality": "Novotro\u2039ts'kyi"
      }
    },
    {
      "type": "Feature",
      "geometry": {
        "type": "Point",
        "coordinates": [
          33.33123,
          46.751
        ]
      },
      "properties": {
        "frp": 1.19,
        "acq_date": "2026-09-29",
        "acq_time": "2312",
        "satellite": "N",
        "brightness": null,
        "NAME_1": "Kherson",
        "locality": "Beryslavs'kyi"
      }
    },
    {
      "type": "Feature",
      "geometry": {
        "type": "Point",
        "coordinates": [
          33.33212,
          46.75137
        ]
      },
      "properties": {
        "frp": 1.12,
        "acq_date": "2026-09-29",
        "acq_time": "2312",
        "satellite": "N",
        "brightness": null,
        "NAME_1": "Kherson",
        "locality": "Beryslavs'kyi"
      }
    },
    {
      "type": "Feature",
      "geometry": {
        "type": "Point",
        "coordinates": [
          33.36086,
          46.80205
        ]
      },
      "properties": {
        "frp": 0.54,
        "acq_date": "2026-09-29",
        "acq_time": "2312",
        "satellite": "N",
        "brightness": null,
        "NAME_1": "Kherson",
        "locality": "Beryslavs'kyi"
      }
    },
    {
      "type": "Feature",
      "geometry": {
        "type": "Point",
        "coordinates": [
          33.35634,
          46.80227
        ]
      },
      "properties": {
        "frp": 0.94,
        "acq_date": "2026-09-29",
        "acq_time": "2312",
        "satellite": "N",
        "brightness": null,
        "NAME_1": "Kherson",
        "locality": "Beryslavs'kyi"
      }
    },
    {
      "type": "Feature",
      "geometry": {
        "type": "Point",
        "coordinates": [
          31.75646,
          47.17096
        ]
      },
      "properties": {
        "frp": 0.59,
        "acq_date": "2026-09-29",
        "acq_time": "2312",
        "satellite": "N",
        "brightness": null,
        "NAME_1": "Mykolayiv",
        "locality": "Mykola\u2039vs'kyi"
      }
    },
    {
      "type": "Feature",
      "geometry": {
        "type": "Point",
        "coordinates": [
          36.703,
          47.25507
        ]
      },
      "properties": {
        "frp": 1.0,
        "acq_date": "2026-09-29",
        "acq_time": "2312",
        "satellite": "N",
        "brightness": null,
        "NAME_1": "Zaporizhia",
        "locality": "Kuibyshevs'kyi"
      }
    },
    {
      "type": "Feature",
      "geometry": {
        "type": "Point",
        "coordinates": [
          34.88272,
          47.57882
        ]
      },
      "properties": {
        "frp": 3.25,
        "acq_date": "2026-09-29",
        "acq_time": "2312",
        "satellite": "N",
        "brightness": null,
        "NAME_1": "Dnipropetrovs'k",
        "locality": "Tomakivs'kyi"
      }
    },
    {
      "type": "Feature",
      "geometry": {
        "type": "Point",
        "coordinates": [
          36.92943,
          47.65672
        ]
      },
      "properties": {
        "frp": 0.69,
        "acq_date": "2026-09-29",
        "acq_time": "2312",
        "satellite": "N",
        "brightness": null,
        "NAME_1": "Donets'k",
        "locality": "Velykonovosilkivs'kyi"
      }
    },
    {
      "type": "Feature",
      "geometry": {
        "type": "Point",
        "coordinates": [
          35.46278,
          47.76735
        ]
      },
      "properties": {
        "frp": 0.59,
        "acq_date": "2026-09-29",
        "acq_time": "2312",
        "satellite": "N",
        "brightness": null,
        "NAME_1": "Zaporizhia",
        "locality": "Orikhivs'kyi"
      }
    },
    {
      "type": "Feature",
      "geometry": {
        "type": "Point",
        "coordinates": [
          35.46347,
          47.77206
        ]
      },
      "properties": {
        "frp": 1.47,
        "acq_date": "2026-09-29",
        "acq_time": "2312",
        "satellite": "N",
        "brightness": null,
        "NAME_1": "Zaporizhia",
        "locality": "Orikhivs'kyi"
      }
    },
    {
      "type": "Feature",
      "geometry": {
        "type": "Point",
        "coordinates": [
          35.46436,
          47.77303
        ]
      },
      "properties": {
        "frp": 1.43,
        "acq_date": "2026-09-29",
        "acq_time": "2312",
        "satellite": "N",
        "brightness": null,
        "NAME_1": "Zaporizhia",
        "locality": "Orikhivs'kyi"
      }
    },
    {
      "type": "Feature",
      "geometry": {
        "type": "Point",
        "coordinates": [
          35.46416,
          47.77678
        ]
      },
      "properties": {
        "frp": 1.47,
        "acq_date": "2026-09-29",
        "acq_time": "2312",
        "satellite": "N",
        "brightness": null,
        "NAME_1": "Zaporizhia",
        "locality": "Orikhivs'kyi"
      }
    },
    {
      "type": "Feature",
      "geometry": {
        "type": "Point",
        "coordinates": [
          35.46506,
          47.77774
        ]
      },
      "properties": {
        "frp": 1.43,
        "acq_date": "2026-09-29",
        "acq_time": "2312",
        "satellite": "N",
        "brightness": null,
        "NAME_1": "Zaporizhia",
        "locality": "Orikhivs'kyi"
      }
    },
    {
      "type": "Feature",
      "geometry": {
        "type": "Point",
        "coordinates": [
          29.01571,
          47.78333
        ]
      },
      "properties": {
        "frp": 1.44,
        "acq_date": "2026-09-29",
        "acq_time": "2312",
        "satellite": "N",
        "brightness": null,
        "NAME_1": "",
        "locality": ""
      }
    },
    {
      "type": "Feature",
      "geometry": {
        "type": "Point",
        "coordinates": [
          29.01406,
          47.78529
        ]
      },
      "properties": {
        "frp": 1.18,
        "acq_date": "2026-09-29",
        "acq_time": "2312",
        "satellite": "N",
        "brightness": null,
        "NAME_1": "",
        "locality": ""
      }
    },
    {
      "type": "Feature",
      "geometry": {
        "type": "Point",
        "coordinates": [
          33.43648,
          47.87221
        ]
      },
      "properties": {
        "frp": 0.75,
        "acq_date": "2026-09-29",
        "acq_time": "2312",
        "satellite": "N",
        "brightness": null,
        "NAME_1": "Dnipropetrovs'k",
        "locality": "KryvyiRig"
      }
    },
    {
      "type": "Feature",
      "geometry": {
        "type": "Point",
        "coordinates": [
          36.84907,
          48.00621
        ]
      },
      "properties": {
        "frp": 1.29,
        "acq_date": "2026-09-29",
        "acq_time": "2312",
        "satellite": "N",
        "brightness": null,
        "NAME_1": "Donets'k",
        "locality": "Velykonovosilkivs'kyi"
      }
    },
    {
      "type": "Feature",
      "geometry": {
        "type": "Point",
        "coordinates": [
          36.84997,
          48.00791
        ]
      },
      "properties": {
        "frp": 0.91,
        "acq_date": "2026-09-29",
        "acq_time": "2312",
        "satellite": "N",
        "brightness": null,
        "NAME_1": "Donets'k",
        "locality": "Velykonovosilkivs'kyi"
      }
    },
    {
      "type": "Feature",
      "geometry": {
        "type": "Point",
        "coordinates": [
          37.95402,
          48.06055
        ]
      },
      "properties": {
        "frp": 0.62,
        "acq_date": "2026-09-29",
        "acq_time": "2312",
        "satellite": "N",
        "brightness": null,
        "NAME_1": "Donets'k",
        "locality": "Maki\u2039vs'ka"
      }
    },
    {
      "type": "Feature",
      "geometry": {
        "type": "Point",
        "coordinates": [
          37.92646,
          48.09703
        ]
      },
      "properties": {
        "frp": 0.92,
        "acq_date": "2026-09-29",
        "acq_time": "2312",
        "satellite": "N",
        "brightness": null,
        "NAME_1": "Donets'k",
        "locality": "Maki\u2039vs'ka"
      }
    },
    {
      "type": "Feature",
      "geometry": {
        "type": "Point",
        "coordinates": [
          37.3095,
          48.15247
        ]
      },
      "properties": {
        "frp": 0.58,
        "acq_date": "2026-09-29",
        "acq_time": "2312",
        "satellite": "N",
        "brightness": null,
        "NAME_1": "Donets'k",
        "locality": "Novohrodivs'ka"
      }
    },
    {
      "type": "Feature",
      "geometry": {
        "type": "Point",
        "coordinates": [
          37.59756,
          48.24787
        ]
      },
      "properties": {
        "frp": 1.65,
        "acq_date": "2026-09-29",
        "acq_time": "2312",
        "satellite": "N",
        "brightness": null,
        "NAME_1": "Donets'k",
        "locality": "Iasynuvats'kyi"
      }
    },
    {
      "type": "Feature",
      "geometry": {
        "type": "Point",
        "coordinates": [
          37.25775,
          48.35537
        ]
      },
      "properties": {
        "frp": 1.21,
        "acq_date": "2026-09-29",
        "acq_time": "2312",
        "satellite": "N",
        "brightness": null,
        "NAME_1": "Donets'k",
        "locality": "Krasnoarmiis'kyi"
      }
    },
    {
      "type": "Feature",
      "geometry": {
        "type": "Point",
        "coordinates": [
          34.62817,
          48.52055
        ]
      },
      "properties": {
        "frp": 0.99,
        "acq_date": "2026-09-29",
        "acq_time": "2312",
        "satellite": "N",
        "brightness": null,
        "NAME_1": "Dnipropetrovs'k",
        "locality": "Petrykivs'kyi"
      }
    },
    {
      "type": "Feature",
      "geometry": {
        "type": "Point",
        "coordinates": [
          26.59973,
          48.74857
        ]
      },
      "properties": {
        "frp": 1.02,
        "acq_date": "2026-09-29",
        "acq_time": "2312",
        "satellite": "N",
        "brightness": null,
        "NAME_1": "Khmel'nyts'kyy",
        "locality": "Kamianets'-Podil's'kyi"
      }
    },
    {
      "type": "Feature",
      "geometry": {
        "type": "Point",
        "coordinates": [
          37.81188,
          48.9842
        ]
      },
      "properties": {
        "frp": 0.84,
        "acq_date": "2026-09-29",
        "acq_time": "2312",
        "satellite": "N",
        "brightness": null,
        "NAME_1": "Donets'k",
        "locality": "Krasnolymans'kyi"
      }
    },
    {
      "type": "Feature",
      "geometry": {
        "type": "Point",
        "coordinates": [
          37.61728,
          49.38303
        ]
      },
      "properties": {
        "frp": 0.53,
        "acq_date": "2026-09-29",
        "acq_time": "2312",
        "satellite": "N",
        "brightness": null,
        "NAME_1": "Kharkiv",
        "locality": "Borivs'kyi"
      }
    },
    {
      "type": "Feature",
      "geometry": {
        "type": "Point",
        "coordinates": [
          34.4112,
          49.41571
        ]
      },
      "properties": {
        "frp": 1.06,
        "acq_date": "2026-09-29",
        "acq_time": "2312",
        "satellite": "N",
        "brightness": null,
        "NAME_1": "Poltava",
        "locality": "Novosanzhars'kyi"
      }
    },
    {
      "type": "Feature",
      "geometry": {
        "type": "Point",
        "coordinates": [
          34.40631,
          49.41765
        ]
      },
      "properties": {
        "frp": 0.73,
        "acq_date": "2026-09-29",
        "acq_time": "2312",
        "satellite": "N",
        "brightness": null,
        "NAME_1": "Poltava",
        "locality": "Novosanzhars'kyi"
      }
    },
    {
      "type": "Feature",
      "geometry": {
        "type": "Point",
        "coordinates": [
          30.47889,
          50.48139
        ]
      },
      "properties": {
        "frp": 1.08,
        "acq_date": "2026-09-29",
        "acq_time": "2312",
        "satellite": "N",
        "brightness": null,
        "NAME_1": "Kiev City",
        "locality": "Podil's'kyi"
      }
    },
    {
      "type": "Feature",
      "geometry": {
        "type": "Point",
        "coordinates": [
          30.48009,
          50.48631
        ]
      },
      "properties": {
        "frp": 1.04,
        "acq_date": "2026-09-29",
        "acq_time": "2312",
        "satellite": "N",
        "brightness": null,
        "NAME_1": "Kiev City",
        "locality": "Podil's'kyi"
      }
    },
    {
      "type": "Feature",
      "geometry": {
        "type": "Point",
        "coordinates": [
          29.33453,
          51.89148
        ]
      },
      "properties": {
        "frp": 1.93,
        "acq_date": "2026-09-29",
        "acq_time": "2312",
        "satellite": "N",
        "brightness": null,
        "NAME_1": "Gomel",
        "locality": "Mazyr"
      }
    },
    {
      "type": "Feature",
      "geometry": {
        "type": "Point",
        "coordinates": [
          34.14093,
          52.14848
        ]
      },
      "properties": {
        "frp": 1.49,
        "acq_date": "2026-09-29",
        "acq_time": "2312",
        "satellite": "N",
        "brightness": null,
        "NAME_1": "Bryansk",
        "locality": "Sevskiy rayon"
      }
    },
    {
      "type": "Feature",
      "geometry": {
        "type": "Point",
        "coordinates": [
          34.141,
          52.14892
        ]
      },
      "properties": {
        "frp": 1.75,
        "acq_date": "2026-09-29",
        "acq_time": "2312",
        "satellite": "N",
        "brightness": null,
        "NAME_1": "Bryansk",
        "locality": "Sevskiy rayon"
      }
    },
    {
      "type": "Feature",
      "geometry": {
        "type": "Point",
        "coordinates": [
          32.65914,
          52.35212
        ]
      },
      "properties": {
        "frp": 0.93,
        "acq_date": "2026-09-29",
        "acq_time": "2312",
        "satellite": "N",
        "brightness": null,
        "NAME_1": "Bryansk",
        "locality": "Starodubskiy rayon"
      }
    },
    {
      "type": "Feature",
      "geometry": {
        "type": "Point",
        "coordinates": [
          37.80499,
          44.73381
        ]
      },
      "properties": {
        "frp": 1.12,
        "acq_date": "2026-09-29",
        "acq_time": "2314",
        "satellite": "N",
        "brightness": null,
        "NAME_1": "Krasnodar",
        "locality": "Gelendzhik gorsovet"
      }
    },
    {
      "type": "Feature",
      "geometry": {
        "type": "Point",
        "coordinates": [
          37.80819,
          44.73456
        ]
      },
      "properties": {
        "frp": 0.75,
        "acq_date": "2026-09-29",
        "acq_time": "2314",
        "satellite": "N",
        "brightness": null,
        "NAME_1": "Krasnodar",
        "locality": "Gelendzhik gorsovet"
      }
    },
    {
      "type": "Feature",
      "geometry": {
        "type": "Point",
        "coordinates": [
          37.69484,
          44.79377
        ]
      },
      "properties": {
        "frp": 0.58,
        "acq_date": "2026-09-29",
        "acq_time": "2314",
        "satellite": "N",
        "brightness": null,
        "NAME_1": "Krasnodar",
        "locality": "Novorossiysk gorsovet"
      }
    },
    {
      "type": "Feature",
      "geometry": {
        "type": "Point",
        "coordinates": [
          37.66884,
          44.84614
        ]
      },
      "properties": {
        "frp": 0.75,
        "acq_date": "2026-09-29",
        "acq_time": "2314",
        "satellite": "N",
        "brightness": null,
        "NAME_1": "Krasnodar",
        "locality": "Novorossiysk gorsovet"
      }
    },
    {
      "type": "Feature",
      "geometry": {
        "type": "Point",
        "coordinates": [
          31.67521,
          45.25745
        ]
      },
      "properties": {
        "frp": 4.2,
        "acq_date": "2026-09-29",
        "acq_time": "2314",
        "satellite": "N",
        "brightness": null,
        "NAME_1": "",
        "locality": ""
      }
    },
    {
      "type": "Feature",
      "geometry": {
        "type": "Point",
        "coordinates": [
          31.6701,
          45.25764
        ]
      },
      "properties": {
        "frp": 4.2,
        "acq_date": "2026-09-29",
        "acq_time": "2314",
        "satellite": "N",
        "brightness": null,
        "NAME_1": "",
        "locality": ""
      }
    },
    {
      "type": "Feature",
      "geometry": {
        "type": "Point",
        "coordinates": [
          31.6741,
          45.25866
        ]
      },
      "properties": {
        "frp": 5.38,
        "acq_date": "2026-09-29",
        "acq_time": "2314",
        "satellite": "N",
        "brightness": null,
        "NAME_1": "",
        "locality": ""
      }
    },
    {
      "type": "Feature",
      "geometry": {
        "type": "Point",
        "coordinates": [
          31.66899,
          45.25887
        ]
      },
      "properties": {
        "frp": 6.1,
        "acq_date": "2026-09-29",
        "acq_time": "2314",
        "satellite": "N",
        "brightness": null,
        "NAME_1": "",
        "locality": ""
      }
    },
    {
      "type": "Feature",
      "geometry": {
        "type": "Point",
        "coordinates": [
          34.82572,
          46.09801
        ]
      },
      "properties": {
        "frp": 0.8,
        "acq_date": "2026-09-29",
        "acq_time": "2314",
        "satellite": "N",
        "brightness": null,
        "NAME_1": "Kherson",
        "locality": "Heniches'kyi"
      }
    },
    {
      "type": "Feature",
      "geometry": {
        "type": "Point",
        "coordinates": [
          38.46369,
          45.36501
        ]
      },
      "properties": {
        "frp": 1.66,
        "acq_date": "2026-09-30",
        "acq_time": "52",
        "satellite": "N",
        "brightness": null,
        "NAME_1": "Krasnodar",
        "locality": "Krasnoarmeyskiy rayon"
      }
    },
    {
      "type": "Feature",
      "geometry": {
        "type": "Point",
        "coordinates": [
          38.47165,
          45.36798
        ]
      },
      "properties": {
        "frp": 1.8,
        "acq_date": "2026-09-30",
        "acq_time": "52",
        "satellite": "N",
        "brightness": null,
        "NAME_1": "Krasnodar",
        "locality": "Krasnoarmeyskiy rayon"
      }
    },
    {
      "type": "Feature",
      "geometry": {
        "type": "Point",
        "coordinates": [
          38.46428,
          45.37056
        ]
      },
      "properties": {
        "frp": 2.16,
        "acq_date": "2026-09-30",
        "acq_time": "52",
        "satellite": "N",
        "brightness": null,
        "NAME_1": "Krasnodar",
        "locality": "Krasnoarmeyskiy rayon"
      }
    },
    {
      "type": "Feature",
      "geometry": {
        "type": "Point",
        "coordinates": [
          38.46791,
          45.37101
        ]
      },
      "properties": {
        "frp": 1.66,
        "acq_date": "2026-09-30",
        "acq_time": "52",
        "satellite": "N",
        "brightness": null,
        "NAME_1": "Krasnodar",
        "locality": "Krasnoarmeyskiy rayon"
      }
    },
    {
      "type": "Feature",
      "geometry": {
        "type": "Point",
        "coordinates": [
          36.65596,
          47.35394
        ]
      },
      "properties": {
        "frp": 0.8,
        "acq_date": "2026-09-30",
        "acq_time": "52",
        "satellite": "N",
        "brightness": null,
        "NAME_1": "Zaporizhia",
        "locality": "Kuibyshevs'kyi"
      }
    },
    {
      "type": "Feature",
      "geometry": {
        "type": "Point",
        "coordinates": [
          34.63147,
          48.47405
        ]
      },
      "properties": {
        "frp": 0.55,
        "acq_date": "2026-09-30",
        "acq_time": "52",
        "satellite": "N",
        "brightness": null,
        "NAME_1": "Dnipropetrovs'k",
        "locality": "Dniprodzerzhyns'ka"
      }
    },
    {
      "type": "Feature",
      "geometry": {
        "type": "Point",
        "coordinates": [
          35.03877,
          49.2883
        ]
      },
      "properties": {
        "frp": 0.32,
        "acq_date": "2026-09-30",
        "acq_time": "52",
        "satellite": "N",
        "brightness": null,
        "NAME_1": "Kharkiv",
        "locality": "Zachepylivs'kyi"
      }
    },
    {
      "type": "Feature",
      "geometry": {
        "type": "Point",
        "coordinates": [
          35.04173,
          49.29038
        ]
      },
      "properties": {
        "frp": 0.23,
        "acq_date": "2026-09-30",
        "acq_time": "52",
        "satellite": "N",
        "brightness": null,
        "NAME_1": "Kharkiv",
        "locality": "Zachepylivs'kyi"
      }
    },
    {
      "type": "Feature",
      "geometry": {
        "type": "Point",
        "coordinates": [
          34.40957,
          49.41814
        ]
      },
      "properties": {
        "frp": 1.5,
        "acq_date": "2026-09-30",
        "acq_time": "52",
        "satellite": "N",
        "brightness": null,
        "NAME_1": "Poltava",
        "locality": "Novosanzhars'kyi"
      }
    },
    {
      "type": "Feature",
      "geometry": {
        "type": "Point",
        "coordinates": [
          37.40046,
          50.03843
        ]
      },
      "properties": {
        "frp": 0.47,
        "acq_date": "2026-09-30",
        "acq_time": "52",
        "satellite": "N",
        "brightness": null,
        "NAME_1": "Kharkiv",
        "locality": "Velykoburluts'kyi"
      }
    },
    {
      "type": "Feature",
      "geometry": {
        "type": "Point",
        "coordinates": [
          30.57723,
          50.38126
        ]
      },
      "properties": {
        "frp": 2.53,
        "acq_date": "2026-09-30",
        "acq_time": "52",
        "satellite": "N",
        "brightness": null,
        "NAME_1": "Kiev City",
        "locality": "Holosi\u00efvs'kyi"
      }
    },
    {
      "type": "Feature",
      "geometry": {
        "type": "Point",
        "coordinates": [
          26.26051,
          50.54557
        ]
      },
      "properties": {
        "frp": 0.97,
        "acq_date": "2026-09-30",
        "acq_time": "52",
        "satellite": "N",
        "brightness": null,
        "NAME_1": "Rivne",
        "locality": "Zdolbunivs'kyi"
      }
    },
    {
      "type": "Feature",
      "geometry": {
        "type": "Point",
        "coordinates": [
          30.48874,
          50.60099
        ]
      },
      "properties": {
        "frp": 0.45,
        "acq_date": "2026-09-30",
        "acq_time": "52",
        "satellite": "N",
        "brightness": null,
        "NAME_1": "Kiev",
        "locality": "Vyshhorods'kyi"
      }
    },
    {
      "type": "Feature",
      "geometry": {
        "type": "Point",
        "coordinates": [
          23.55413,
          51.13733
        ]
      },
      "properties": {
        "frp": 0.55,
        "acq_date": "2026-09-30",
        "acq_time": "52",
        "satellite": "N",
        "brightness": null,
        "NAME_1": "",
        "locality": ""
      }
    },
    {
      "type": "Feature",
      "geometry": {
        "type": "Point",
        "coordinates": [
          37.93785,
          51.13864
        ]
      },
      "properties": {
        "frp": 1.21,
        "acq_date": "2026-09-30",
        "acq_time": "52",
        "satellite": "N",
        "brightness": null,
        "NAME_1": "Belgorod",
        "locality": "Starooskol'skiy rayon"
      }
    },
    {
      "type": "Feature",
      "geometry": {
        "type": "Point",
        "coordinates": [
          37.76788,
          51.25864
        ]
      },
      "properties": {
        "frp": 0.68,
        "acq_date": "2026-09-30",
        "acq_time": "52",
        "satellite": "N",
        "brightness": null,
        "NAME_1": "Belgorod",
        "locality": "Starooskol'skiy rayon"
      }
    },
    {
      "type": "Feature",
      "geometry": {
        "type": "Point",
        "coordinates": [
          37.76296,
          51.26016
        ]
      },
      "properties": {
        "frp": 0.68,
        "acq_date": "2026-09-30",
        "acq_time": "52",
        "satellite": "N",
        "brightness": null,
        "NAME_1": "Belgorod",
        "locality": "Starooskol'skiy rayon"
      }
    },
    {
      "type": "Feature",
      "geometry": {
        "type": "Point",
        "coordinates": [
          33.2168,
          51.26645
        ]
      },
      "properties": {
        "frp": 0.93,
        "acq_date": "2026-09-30",
        "acq_time": "52",
        "satellite": "N",
        "brightness": null,
        "NAME_1": "Sumy",
        "locality": "Konotops'kyi"
      }
    },
    {
      "type": "Feature",
      "geometry": {
        "type": "Point",
        "coordinates": [
          29.34,
          51.89383
        ]
      },
      "properties": {
        "frp": 1.21,
        "acq_date": "2026-09-30",
        "acq_time": "52",
        "satellite": "N",
        "brightness": null,
        "NAME_1": "Gomel",
        "locality": "Mazyr"
      }
    },
    {
      "type": "Feature",
      "geometry": {
        "type": "Point",
        "coordinates": [
          29.34134,
          51.89462
        ]
      },
      "properties": {
        "frp": 0.73,
        "acq_date": "2026-09-30",
        "acq_time": "52",
        "satellite": "N",
        "brightness": null,
        "NAME_1": "Gomel",
        "locality": "Mazyr"
      }
    },
    {
      "type": "Feature",
      "geometry": {
        "type": "Point",
        "coordinates": [
          33.60768,
          52.26523
        ]
      },
      "properties": {
        "frp": 2.55,
        "acq_date": "2026-09-30",
        "acq_time": "52",
        "satellite": "N",
        "brightness": null,
        "NAME_1": "Sumy",
        "locality": "Seredyno-Buds'kyi"
      }
    },
    {
      "type": "Feature",
      "geometry": {
        "type": "Point",
        "coordinates": [
          32.66219,
          52.35285
        ]
      },
      "properties": {
        "frp": 1.04,
        "acq_date": "2026-09-30",
        "acq_time": "52",
        "satellite": "N",
        "brightness": null,
        "NAME_1": "Bryansk",
        "locality": "Starodubskiy rayon"
      }
    },
    {
      "type": "Feature",
      "geometry": {
        "type": "Point",
        "coordinates": [
          32.66361,
          52.35572
        ]
      },
      "properties": {
        "frp": 0.45,
        "acq_date": "2026-09-30",
        "acq_time": "52",
        "satellite": "N",
        "brightness": null,
        "NAME_1": "Bryansk",
        "locality": "Starodubskiy rayon"
      }
    },
    {
      "type": "Feature",
      "geometry": {
        "type": "Point",
        "coordinates": [
          39.63194,
          52.53577
        ]
      },
      "properties": {
        "frp": 1.74,
        "acq_date": "2026-09-30",
        "acq_time": "52",
        "satellite": "N",
        "brightness": null,
        "NAME_1": "Lipetsk",
        "locality": "Lipetskiy rayon"
      }
    },
    {
      "type": "Feature",
      "geometry": {
        "type": "Point",
        "coordinates": [
          39.61624,
          52.54085
        ]
      },
      "properties": {
        "frp": 1.29,
        "acq_date": "2026-09-30",
        "acq_time": "52",
        "satellite": "N",
        "brightness": null,
        "NAME_1": "Lipetsk",
        "locality": "Lipetsk"
      }
    },
    {
      "type": "Feature",
      "geometry": {
        "type": "Point",
        "coordinates": [
          39.6353,
          52.54729
        ]
      },
      "properties": {
        "frp": 1.1,
        "acq_date": "2026-09-30",
        "acq_time": "52",
        "satellite": "N",
        "brightness": null,
        "NAME_1": "Lipetsk",
        "locality": "Lipetsk"
      }
    },
    {
      "type": "Feature",
      "geometry": {
        "type": "Point",
        "coordinates": [
          39.61427,
          52.55408
        ]
      },
      "properties": {
        "frp": 1.43,
        "acq_date": "2026-09-30",
        "acq_time": "52",
        "satellite": "N",
        "brightness": null,
        "NAME_1": "Lipetsk",
        "locality": "Lipetsk"
      }
    },
    {
      "type": "Feature",
      "geometry": {
        "type": "Point",
        "coordinates": [
          39.5743,
          52.55442
        ]
      },
      "properties": {
        "frp": 2.41,
        "acq_date": "2026-09-30",
        "acq_time": "52",
        "satellite": "N",
        "brightness": null,
        "NAME_1": "Lipetsk",
        "locality": "Lipetskiy rayon"
      }
    },
    {
      "type": "Feature",
      "geometry": {
        "type": "Point",
        "coordinates": [
          39.56921,
          52.55606
        ]
      },
      "properties": {
        "frp": 3.05,
        "acq_date": "2026-09-30",
        "acq_time": "52",
        "satellite": "N",
        "brightness": null,
        "NAME_1": "Lipetsk",
        "locality": "Lipetskiy rayon"
      }
    },
    {
      "type": "Feature",
      "geometry": {
        "type": "Point",
        "coordinates": [
          39.61856,
          52.55899
        ]
      },
      "properties": {
        "frp": 1.43,
        "acq_date": "2026-09-30",
        "acq_time": "52",
        "satellite": "N",
        "brightness": null,
        "NAME_1": "Lipetsk",
        "locality": "Lipetsk"
      }
    },
    {
      "type": "Feature",
      "geometry": {
        "type": "Point",
        "coordinates": [
          39.57869,
          52.55928
        ]
      },
      "properties": {
        "frp": 2.41,
        "acq_date": "2026-09-30",
        "acq_time": "52",
        "satellite": "N",
        "brightness": null,
        "NAME_1": "Lipetsk",
        "locality": "Lipetsk"
      }
    },
    {
      "type": "Feature",
      "geometry": {
        "type": "Point",
        "coordinates": [
          39.57358,
          52.56094
        ]
      },
      "properties": {
        "frp": 3.05,
        "acq_date": "2026-09-30",
        "acq_time": "52",
        "satellite": "N",
        "brightness": null,
        "NAME_1": "Lipetsk",
        "locality": "Lipetsk"
      }
    },
    {
      "type": "Feature",
      "geometry": {
        "type": "Point",
        "coordinates": [
          33.86038,
          44.77061
        ]
      },
      "properties": {
        "frp": 1.04,
        "acq_date": "2026-09-30",
        "acq_time": "54",
        "satellite": "N",
        "brightness": null,
        "NAME_1": "Crimea",
        "locality": "Bakhchysarais'kyi"
      }
    },
    {
      "type": "Feature",
      "geometry": {
        "type": "Point",
        "coordinates": [
          33.85988,
          44.77189
        ]
      },
      "properties": {
        "frp": 0.79,
        "acq_date": "2026-09-30",
        "acq_time": "54",
        "satellite": "N",
        "brightness": null,
        "NAME_1": "Crimea",
        "locality": "Bakhchysarais'kyi"
      }
    },
    {
      "type": "Feature",
      "geometry": {
        "type": "Point",
        "coordinates": [
          22.4263,
          44.8766
        ]
      },
      "properties": {
        "frp": 1.5,
        "acq_date": "2026-09-30",
        "acq_time": "54",
        "satellite": "N",
        "brightness": null,
        "NAME_1": "",
        "locality": ""
      }
    },
    {
      "type": "Feature",
      "geometry": {
        "type": "Point",
        "coordinates": [
          22.42444,
          44.88413
        ]
      },
      "properties": {
        "frp": 1.06,
        "acq_date": "2026-09-30",
        "acq_time": "54",
        "satellite": "N",
        "brightness": null,
        "NAME_1": "",
        "locality": ""
      }
    },
    {
      "type": "Feature",
      "geometry": {
        "type": "Point",
        "coordinates": [
          22.4834,
          44.90201
        ]
      },
      "properties": {
        "frp": 0.56,
        "acq_date": "2026-09-30",
        "acq_time": "54",
        "satellite": "N",
        "brightness": null,
        "NAME_1": "",
        "locality": ""
      }
    },
    {
      "type": "Feature",
      "geometry": {
        "type": "Point",
        "coordinates": [
          22.4782,
          44.90297
        ]
      },
      "properties": {
        "frp": 1.13,
        "acq_date": "2026-09-30",
        "acq_time": "54",
        "satellite": "N",
        "brightness": null,
        "NAME_1": "",
        "locality": ""
      }
    },
    {
      "type": "Feature",
      "geometry": {
        "type": "Point",
        "coordinates": [
          25.41956,
          45.12421
        ]
      },
      "properties": {
        "frp": 1.42,
        "acq_date": "2026-09-30",
        "acq_time": "54",
        "satellite": "N",
        "brightness": null,
        "NAME_1": "",
        "locality": ""
      }
    },
    {
      "type": "Feature",
      "geometry": {
        "type": "Point",
        "coordinates": [
          31.67216,
          45.25587
        ]
      },
      "properties": {
        "frp": 4.84,
        "acq_date": "2026-09-30",
        "acq_time": "54",
        "satellite": "N",
        "brightness": null,
        "NAME_1": "",
        "locality": ""
      }
    },
    {
      "type": "Feature",
      "geometry": {
        "type": "Point",
        "coordinates": [
          31.67477,
          45.26058
        ]
      },
      "properties": {
        "frp": 4.76,
        "acq_date": "2026-09-30",
        "acq_time": "54",
        "satellite": "N",
        "brightness": null,
        "NAME_1": "",
        "locality": ""
      }
    },
    {
      "type": "Feature",
      "geometry": {
        "type": "Point",
        "coordinates": [
          30.90303,
          45.3533
        ]
      },
      "properties": {
        "frp": 1.2,
        "acq_date": "2026-09-30",
        "acq_time": "54",
        "satellite": "N",
        "brightness": null,
        "NAME_1": "",
        "locality": ""
      }
    },
    {
      "type": "Feature",
      "geometry": {
        "type": "Point",
        "coordinates": [
          30.90548,
          45.35786
        ]
      },
      "properties": {
        "frp": 1.2,
        "acq_date": "2026-09-30",
        "acq_time": "54",
        "satellite": "N",
        "brightness": null,
        "NAME_1": "",
        "locality": ""
      }
    },
    {
      "type": "Feature",
      "geometry": {
        "type": "Point",
        "coordinates": [
          25.28006,
          45.95275
        ]
      },
      "properties": {
        "frp": 0.79,
        "acq_date": "2026-09-30",
        "acq_time": "54",
        "satellite": "N",
        "brightness": null,
        "NAME_1": "",
        "locality": ""
      }
    },
    {
      "type": "Feature",
      "geometry": {
        "type": "Point",
        "coordinates": [
          22.86777,
          45.95463
        ]
      },
      "properties": {
        "frp": 0.66,
        "acq_date": "2026-09-30",
        "acq_time": "54",
        "satellite": "N",
        "brightness": null,
        "NAME_1": "",
        "locality": ""
      }
    },
    {
      "type": "Feature",
      "geometry": {
        "type": "Point",
        "coordinates": [
          29.88681,
          46.05336
        ]
      },
      "properties": {
        "frp": 2.94,
        "acq_date": "2026-09-30",
        "acq_time": "54",
        "satellite": "N",
        "brightness": null,
        "NAME_1": "Odessa",
        "locality": "Sarats'kyi"
      }
    },
    {
      "type": "Feature",
      "geometry": {
        "type": "Point",
        "coordinates": [
          34.8298,
          46.09195
        ]
      },
      "properties": {
        "frp": 4.32,
        "acq_date": "2026-09-30",
        "acq_time": "54",
        "satellite": "N",
        "brightness": null,
        "NAME_1": "Kherson",
        "locality": "Heniches'kyi"
      }
    },
    {
      "type": "Feature",
      "geometry": {
        "type": "Point",
        "coordinates": [
          34.82477,
          46.0935
        ]
      },
      "properties": {
        "frp": 4.32,
        "acq_date": "2026-09-30",
        "acq_time": "54",
        "satellite": "N",
        "brightness": null,
        "NAME_1": "Kherson",
        "locality": "Heniches'kyi"
      }
    },
    {
      "type": "Feature",
      "geometry": {
        "type": "Point",
        "coordinates": [
          34.82959,
          46.09367
        ]
      },
      "properties": {
        "frp": 8.91,
        "acq_date": "2026-09-30",
        "acq_time": "54",
        "satellite": "N",
        "brightness": null,
        "NAME_1": "Kherson",
        "locality": "Heniches'kyi"
      }
    },
    {
      "type": "Feature",
      "geometry": {
        "type": "Point",
        "coordinates": [
          34.83311,
          46.09713
        ]
      },
      "properties": {
        "frp": 4.32,
        "acq_date": "2026-09-30",
        "acq_time": "54",
        "satellite": "N",
        "brightness": null,
        "NAME_1": "Kherson",
        "locality": "Heniches'kyi"
      }
    },
    {
      "type": "Feature",
      "geometry": {
        "type": "Point",
        "coordinates": [
          34.82811,
          46.09867
        ]
      },
      "properties": {
        "frp": 4.32,
        "acq_date": "2026-09-30",
        "acq_time": "54",
        "satellite": "N",
        "brightness": null,
        "NAME_1": "Kherson",
        "locality": "Heniches'kyi"
      }
    },
    {
      "type": "Feature",
      "geometry": {
        "type": "Point",
        "coordinates": [
          34.8329,
          46.09885
        ]
      },
      "properties": {
        "frp": 11.75,
        "acq_date": "2026-09-30",
        "acq_time": "54",
        "satellite": "N",
        "brightness": null,
        "NAME_1": "Kherson",
        "locality": "Heniches'kyi"
      }
    },
    {
      "type": "Feature",
      "geometry": {
        "type": "Point",
        "coordinates": [
          34.8231,
          46.1002
        ]
      },
      "properties": {
        "frp": 5.11,
        "acq_date": "2026-09-30",
        "acq_time": "54",
        "satellite": "N",
        "brightness": null,
        "NAME_1": "Kherson",
        "locality": "Heniches'kyi"
      }
    },
    {
      "type": "Feature",
      "geometry": {
        "type": "Point",
        "coordinates": [
          34.82788,
          46.10036
        ]
      },
      "properties": {
        "frp": 18.23,
        "acq_date": "2026-09-30",
        "acq_time": "54",
        "satellite": "N",
        "brightness": null,
        "NAME_1": "Kherson",
        "locality": "Heniches'kyi"
      }
    },
    {
      "type": "Feature",
      "geometry": {
        "type": "Point",
        "coordinates": [
          34.83638,
          46.10233
        ]
      },
      "properties": {
        "frp": 18.43,
        "acq_date": "2026-09-30",
        "acq_time": "54",
        "satellite": "N",
        "brightness": null,
        "NAME_1": "",
        "locality": ""
      }
    },
    {
      "type": "Feature",
      "geometry": {
        "type": "Point",
        "coordinates": [
          34.8314,
          46.10386
        ]
      },
      "properties": {
        "frp": 18.43,
        "acq_date": "2026-09-30",
        "acq_time": "54",
        "satellite": "N",
        "brightness": null,
        "NAME_1": "Kherson",
        "locality": "Heniches'kyi"
      }
    },
    {
      "type": "Feature",
      "geometry": {
        "type": "Point",
        "coordinates": [
          34.83619,
          46.10404
        ]
      },
      "properties": {
        "frp": 11.75,
        "acq_date": "2026-09-30",
        "acq_time": "54",
        "satellite": "N",
        "brightness": null,
        "NAME_1": "",
        "locality": ""
      }
    },
    {
      "type": "Feature",
      "geometry": {
        "type": "Point",
        "coordinates": [
          34.82642,
          46.10538
        ]
      },
      "properties": {
        "frp": 16.61,
        "acq_date": "2026-09-30",
        "acq_time": "54",
        "satellite": "N",
        "brightness": null,
        "NAME_1": "Kherson",
        "locality": "Heniches'kyi"
      }
    },
    {
      "type": "Feature",
      "geometry": {
        "type": "Point",
        "coordinates": [
          34.83119,
          46.10554
        ]
      },
      "properties": {
        "frp": 18.23,
        "acq_date": "2026-09-30",
        "acq_time": "54",
        "satellite": "N",
        "brightness": null,
        "NAME_1": "Kherson",
        "locality": "Heniches'kyi"
      }
    },
    {
      "type": "Feature",
      "geometry": {
        "type": "Point",
        "coordinates": [
          34.82618,
          46.10704
        ]
      },
      "properties": {
        "frp": 18.23,
        "acq_date": "2026-09-30",
        "acq_time": "54",
        "satellite": "N",
        "brightness": null,
        "NAME_1": "Kherson",
        "locality": "Heniches'kyi"
      }
    },
    {
      "type": "Feature",
      "geometry": {
        "type": "Point",
        "coordinates": [
          34.82969,
          46.11057
        ]
      },
      "properties": {
        "frp": 16.61,
        "acq_date": "2026-09-30",
        "acq_time": "54",
        "satellite": "N",
        "brightness": null,
        "NAME_1": "Kherson",
        "locality": "Heniches'kyi"
      }
    },
    {
      "type": "Feature",
      "geometry": {
        "type": "Point",
        "coordinates": [
          28.78489,
          46.30591
        ]
      },
      "properties": {
        "frp": 0.97,
        "acq_date": "2026-09-30",
        "acq_time": "54",
        "satellite": "N",
        "brightness": null,
        "NAME_1": "",
        "locality": ""
      }
    },
    {
      "type": "Feature",
      "geometry": {
        "type": "Point",
        "coordinates": [
          33.36024,
          46.79961
        ]
      },
      "properties": {
        "frp": 0.38,
        "acq_date": "2026-09-30",
        "acq_time": "54",
        "satellite": "N",
        "brightness": null,
        "NAME_1": "Kherson",
        "locality": "Beryslavs'kyi"
      }
    },
    {
      "type": "Feature",
      "geometry": {
        "type": "Point",
        "coordinates": [
          33.36313,
          46.80443
        ]
      },
      "properties": {
        "frp": 0.29,
        "acq_date": "2026-09-30",
        "acq_time": "54",
        "satellite": "N",
        "brightness": null,
        "NAME_1": "Kherson",
        "locality": "Beryslavs'kyi"
      }
    },
    {
      "type": "Feature",
      "geometry": {
        "type": "Point",
        "coordinates": [
          26.0305,
          46.89709
        ]
      },
      "properties": {
        "frp": 0.88,
        "acq_date": "2026-09-30",
        "acq_time": "54",
        "satellite": "N",
        "brightness": null,
        "NAME_1": "",
        "locality": ""
      }
    },
    {
      "type": "Feature",
      "geometry": {
        "type": "Point",
        "coordinates": [
          22.33459,
          47.03764
        ]
      },
      "properties": {
        "frp": 0.85,
        "acq_date": "2026-09-30",
        "acq_time": "54",
        "satellite": "N",
        "brightness": null,
        "NAME_1": "",
        "locality": ""
      }
    },
    {
      "type": "Feature",
      "geometry": {
        "type": "Point",
        "coordinates": [
          29.01859,
          47.78407
        ]
      },
      "properties": {
        "frp": 1.02,
        "acq_date": "2026-09-30",
        "acq_time": "54",
        "satellite": "N",
        "brightness": null,
        "NAME_1": "",
        "locality": ""
      }
    },
    {
      "type": "Feature",
      "geometry": {
        "type": "Point",
        "coordinates": [
          29.01612,
          47.78603
        ]
      },
      "properties": {
        "frp": 1.61,
        "acq_date": "2026-09-30",
        "acq_time": "54",
        "satellite": "N",
        "brightness": null,
        "NAME_1": "",
        "locality": ""
      }
    },
    {
      "type": "Feature",
      "geometry": {
        "type": "Point",
        "coordinates": [
          29.01543,
          47.78925
        ]
      },
      "properties": {
        "frp": 0.92,
        "acq_date": "2026-09-30",
        "acq_time": "54",
        "satellite": "N",
        "brightness": null,
        "NAME_1": "",
        "locality": ""
      }
    },
    {
      "type": "Feature",
      "geometry": {
        "type": "Point",
        "coordinates": [
          24.71109,
          48.97491
        ]
      },
      "properties": {
        "frp": 1.57,
        "acq_date": "2026-09-30",
        "acq_time": "54",
        "satellite": "N",
        "brightness": null,
        "NAME_1": "Ivano-Frankivs'k",
        "locality": "Tysmenyts'kyi"
      }
    }
  ]
}